unsigned char wake_vision_model_quantized_tflite[] = {
  0x1c, 0x00, 0x00, 0x00, 0x54, 0x46, 0x4c, 0x33, 0x14, 0x00, 0x20, 0x00,
  0x1c, 0x00, 0x18, 0x00, 0x14, 0x00, 0x10, 0x00, 0x0c, 0x00, 0x00, 0x00,
  0x08, 0x00, 0x04, 0x00, 0x14, 0x00, 0x00, 0x00, 0x1c, 0x00, 0x00, 0x00,
  0x8c, 0x00, 0x00, 0x00, 0xe4, 0x00, 0x00, 0x00, 0xf4, 0x87, 0x00, 0x00,
  0x04, 0x88, 0x00, 0x00, 0xc0, 0xb4, 0x00, 0x00, 0x03, 0x00, 0x00, 0x00,
  0x01, 0x00, 0x00, 0x00, 0x10, 0x00, 0x00, 0x00, 0x00, 0x00, 0x0a, 0x00,
  0x10, 0x00, 0x0c, 0x00, 0x08, 0x00, 0x04, 0x00, 0x0a, 0x00, 0x00, 0x00,
  0x0c, 0x00, 0x00, 0x00, 0x1c, 0x00, 0x00, 0x00, 0x38, 0x00, 0x00, 0x00,
  0x0f, 0x00, 0x00, 0x00, 0x73, 0x65, 0x72, 0x76, 0x69, 0x6e, 0x67, 0x5f,
  0x64, 0x65, 0x66, 0x61, 0x75, 0x6c, 0x74, 0x00, 0x01, 0x00, 0x00, 0x00,
  0x04, 0x00, 0x00, 0x00, 0x9c, 0xff, 0xff, 0xff, 0x21, 0x00, 0x00, 0x00,
  0x04, 0x00, 0x00, 0x00, 0x07, 0x00, 0x00, 0x00, 0x64, 0x65, 0x6e, 0x73,
  0x65, 0x5f, 0x31, 0x00, 0x01, 0x00, 0x00, 0x00, 0x04, 0x00, 0x00, 0x00,
  0x9e, 0x78, 0xff, 0xff, 0x04, 0x00, 0x00, 0x00, 0x07, 0x00, 0x00, 0x00,
  0x69, 0x6e, 0x70, 0x75, 0x74, 0x5f, 0x31, 0x00, 0x02, 0x00, 0x00, 0x00,
  0x34, 0x00, 0x00, 0x00, 0x04, 0x00, 0x00, 0x00, 0xdc, 0xff, 0xff, 0xff,
  0x24, 0x00, 0x00, 0x00, 0x04, 0x00, 0x00, 0x00, 0x13, 0x00, 0x00, 0x00,
  0x43, 0x4f, 0x4e, 0x56, 0x45, 0x52, 0x53, 0x49, 0x4f, 0x4e, 0x5f, 0x4d,
  0x45, 0x54, 0x41, 0x44, 0x41, 0x54, 0x41, 0x00, 0x08, 0x00, 0x0c, 0x00,
  0x08, 0x00, 0x04, 0x00, 0x08, 0x00, 0x00, 0x00, 0x23, 0x00, 0x00, 0x00,
  0x04, 0x00, 0x00, 0x00, 0x13, 0x00, 0x00, 0x00, 0x6d, 0x69, 0x6e, 0x5f,
  0x72, 0x75, 0x6e, 0x74, 0x69, 0x6d, 0x65, 0x5f, 0x76, 0x65, 0x72, 0x73,
  0x69, 0x6f, 0x6e, 0x00, 0x25, 0x00, 0x00, 0x00, 0x0c, 0x87, 0x00, 0x00,
  0x04, 0x87, 0x00, 0x00, 0xec, 0x86, 0x00, 0x00, 0xcc, 0x86, 0x00, 0x00,
  0x70, 0x86, 0x00, 0x00, 0xcc, 0x85, 0x00, 0x00, 0x60, 0x80, 0x00, 0x00,
  0xbc, 0x7f, 0x00, 0x00, 0x70, 0x53, 0x00, 0x00, 0xd8, 0x52, 0x00, 0x00,
  0xec, 0x2e, 0x00, 0x00, 0x64, 0x2e, 0x00, 0x00, 0x04, 0x15, 0x00, 0x00,
  0x94, 0x14, 0x00, 0x00, 0x04, 0x07, 0x00, 0x00, 0xb4, 0x06, 0x00, 0x00,
  0x24, 0x02, 0x00, 0x00, 0xf4, 0x01, 0x00, 0x00, 0x0c, 0x01, 0x00, 0x00,
  0x04, 0x01, 0x00, 0x00, 0xfc, 0x00, 0x00, 0x00, 0xf4, 0x00, 0x00, 0x00,
  0xec, 0x00, 0x00, 0x00, 0xe4, 0x00, 0x00, 0x00, 0xdc, 0x00, 0x00, 0x00,
  0xd4, 0x00, 0x00, 0x00, 0xcc, 0x00, 0x00, 0x00, 0xc4, 0x00, 0x00, 0x00,
  0xbc, 0x00, 0x00, 0x00, 0xb4, 0x00, 0x00, 0x00, 0xac, 0x00, 0x00, 0x00,
  0xa4, 0x00, 0x00, 0x00, 0x9c, 0x00, 0x00, 0x00, 0x94, 0x00, 0x00, 0x00,
  0x8c, 0x00, 0x00, 0x00, 0x6c, 0x00, 0x00, 0x00, 0x04, 0x00, 0x00, 0x00,
  0xa6, 0x79, 0xff, 0xff, 0x04, 0x00, 0x00, 0x00, 0x58, 0x00, 0x00, 0x00,
  0x0c, 0x00, 0x00, 0x00, 0x08, 0x00, 0x0e, 0x00, 0x08, 0x00, 0x04, 0x00,
  0x08, 0x00, 0x00, 0x00, 0x10, 0x00, 0x00, 0x00, 0x28, 0x00, 0x00, 0x00,
  0x00, 0x00, 0x06, 0x00, 0x08, 0x00, 0x04, 0x00, 0x06, 0x00, 0x00, 0x00,
  0x04, 0x00, 0x00, 0x00, 0x01, 0x00, 0x00, 0x00, 0xeb, 0x03, 0x00, 0x00,
  0x00, 0x00, 0x0a, 0x00, 0x10, 0x00, 0x0c, 0x00, 0x08, 0x00, 0x04, 0x00,
  0x0a, 0x00, 0x00, 0x00, 0x02, 0x00, 0x00, 0x00, 0x02, 0x00, 0x00, 0x00,
  0x04, 0x00, 0x00, 0x00, 0x06, 0x00, 0x00, 0x00, 0x32, 0x2e, 0x31, 0x31,
  0x2e, 0x30, 0x00, 0x00, 0x0a, 0x7a, 0xff, 0xff, 0x04, 0x00, 0x00, 0x00,
  0x10, 0x00, 0x00, 0x00, 0x31, 0x2e, 0x31, 0x34, 0x2e, 0x30, 0x00, 0x00,
  0x00, 0x00, 0x00, 0x00, 0x00, 0x00, 0x00, 0x00, 0x34, 0x4e, 0xff, 0xff,
  0x38, 0x4e, 0xff, 0xff, 0x3c, 0x4e, 0xff, 0xff, 0x40, 0x4e, 0xff, 0xff,
  0x44, 0x4e, 0xff, 0xff, 0x48, 0x4e, 0xff, 0xff, 0x4c, 0x4e, 0xff, 0xff,
  0x50, 0x4e, 0xff, 0xff, 0x54, 0x4e, 0xff, 0xff, 0x58, 0x4e, 0xff, 0xff,
  0x5c, 0x4e, 0xff, 0xff, 0x60, 0x4e, 0xff, 0xff, 0x64, 0x4e, 0xff, 0xff,
  0x68, 0x4e, 0xff, 0xff, 0x6c, 0x4e, 0xff, 0xff, 0x70, 0x4e, 0xff, 0xff,
  0x66, 0x7a, 0xff, 0xff, 0x04, 0x00, 0x00, 0x00, 0xd8, 0x00, 0x00, 0x00,
  0x00, 0x00, 0xfc, 0xb5, 0x73, 0xb1, 0x2f, 0x00, 0x00, 0x8f, 0x00, 0x00,
  0x81, 0x00, 0x00, 0x00, 0x00, 0x00, 0xb4, 0x00, 0xf5, 0xd1, 0x00, 0x00,
  0xe2, 0x00, 0x00, 0x00, 0x64, 0x00, 0x00, 0x00, 0x7f, 0xb5, 0xbb, 0x00,
  0x65, 0x00, 0x31, 0x00, 0x00, 0xc5, 0xb9, 0xbf, 0x35, 0x00, 0x72, 0x00,
  0x00, 0xc5, 0x00, 0xaa, 0xb5, 0x00, 0x00, 0x26, 0x00, 0x00, 0x7f, 0x98,
  0x00, 0x19, 0x00, 0x90, 0x43, 0x40, 0x00, 0x1e, 0x00, 0xbb, 0x00, 0x36,
  0xc4, 0x49, 0x00, 0x00, 0x00, 0x00, 0x00, 0x00, 0xde, 0x8e, 0xe1, 0x00,
  0x00, 0x00, 0x00, 0x00, 0xfc, 0x00, 0x00, 0xc1, 0x45, 0x00, 0x00, 0x00,
  0x00, 0xa1, 0x65, 0x7f, 0xa3, 0x34, 0x72, 0x00, 0xe9, 0x42, 0x00, 0x00,
  0xfa, 0xd8, 0x00, 0x19, 0x00, 0x00, 0xd5, 0x00, 0x00, 0x00, 0xec, 0x00,
  0x95, 0x00, 0x7f, 0xb0, 0x58, 0x00, 0xcd, 0x4d, 0x00, 0x00, 0x00, 0x00,
  0x00, 0xe0, 0x42, 0x00, 0x00, 0x00, 0xda, 0xe0, 0x5c, 0x00, 0xc6, 0x3a,
  0x00, 0x00, 0x00, 0x47, 0xa7, 0x00, 0x00, 0xf2, 0x00, 0x00, 0xf7, 0x00,
  0x59, 0x81, 0x0d, 0x05, 0x00, 0x00, 0xbf, 0x5d, 0xc0, 0xc4, 0x6d, 0xa8,
  0xc6, 0x60, 0xe3, 0x19, 0x00, 0x00, 0x00, 0x7f, 0x00, 0xa7, 0x4d, 0x00,
  0x00, 0x00, 0xc7, 0x2f, 0xc5, 0x0d, 0x00, 0x00, 0xd0, 0x15, 0xdc, 0x00,
  0xcc, 0x00, 0xed, 0xab, 0x00, 0x3d, 0x00, 0x00, 0x00, 0x00, 0x00, 0x00,
  0x81, 0xc5, 0x00, 0x6c, 0x00, 0x00, 0xff, 0x15, 0x00, 0xd4, 0x00, 0x00,
  0x4a, 0x7b, 0xff, 0xff, 0x04, 0x00, 0x00, 0x00, 0x20, 0x00, 0x00, 0x00,
  0xaa, 0x82, 0x00, 0x00, 0x78, 0x33, 0x00, 0x00, 0x27, 0xf4, 0xff, 0xff,
  0xe6, 0xfa, 0xff, 0xff, 0x21, 0x1c, 0x00, 0x00, 0x1a, 0x0c, 0x00, 0x00,
  0x2b, 0x16, 0x00, 0x00, 0x0a, 0x7c, 0x00, 0x00, 0x76, 0x7b, 0xff, 0xff,
  0x04, 0x00, 0x00, 0x00, 0x80, 0x04, 0x00, 0x00, 0x00, 0xed, 0xd8, 0xb6,
  0x00, 0xba, 0xda, 0xaf, 0x00, 0x00, 0x00, 0x40, 0x00, 0xfe, 0x00, 0xa4,
  0xca, 0x00, 0x00, 0x4b, 0x00, 0x00, 0x00, 0x7f, 0x00, 0x56, 0xb6, 0x00,
  0x00, 0x2e, 0xc4, 0x00, 0x00, 0x89, 0x00, 0x00, 0x00, 0xe1, 0x00, 0x00,
  0xb7, 0x14, 0x00, 0x00, 0x00, 0xee, 0x00, 0x00, 0x00, 0x4f, 0xa7, 0xd4,
  0x24, 0x00, 0xe9, 0x3a, 0x00, 0x9e, 0x00, 0xe7, 0x00, 0x00, 0x00, 0xf9,
  0x00, 0x00, 0x00, 0x00, 0x00, 0x00, 0x00, 0x93, 0xf1, 0x00, 0xfd, 0x3b,
  0x81, 0x00, 0x00, 0x00, 0xdd, 0x0a, 0x00, 0x4f, 0xc4, 0x1a, 0x00, 0x00,
  0xf2, 0x00, 0x00, 0x00, 0x00, 0x00, 0x00, 0xef, 0x00, 0xfb, 0xb3, 0x29,
  0xb1, 0xd4, 0x00, 0x00, 0x00, 0x1c, 0x99, 0x31, 0x00, 0xcf, 0xc5, 0x00,
  0x04, 0x00, 0x29, 0xd7, 0x29, 0x00, 0x0b, 0x00, 0x00, 0x00, 0x00, 0x00,
  0x32, 0xdf, 0x00, 0x24, 0x00, 0xf1, 0x00, 0xd6, 0x4d, 0x00, 0x00, 0x00,
  0x34, 0x00, 0x00, 0xe8, 0x28, 0x00, 0x29, 0x00, 0x00, 0x19, 0x00, 0x00,
  0x08, 0x00, 0x0f, 0xe5, 0x00, 0xe7, 0xcc, 0x00, 0x93, 0xe4, 0xe5, 0x50,
  0x00, 0x00, 0xc4, 0x00, 0xc7, 0xbf, 0x00, 0x00, 0x37, 0x1c, 0x00, 0x2b,
  0x00, 0x0f, 0x34, 0x00, 0x00, 0x00, 0x00, 0xd7, 0x98, 0xc5, 0x00, 0x00,
  0xaf, 0x00, 0x9c, 0x00, 0xe4, 0x00, 0x00, 0x00, 0x00, 0x00, 0x7f, 0x00,
  0x1f, 0x05, 0xc1, 0x34, 0x00, 0x1c, 0x00, 0x00, 0xe3, 0x00, 0x00, 0x1e,
  0x00, 0x33, 0xcc, 0xcb, 0xbe, 0xdd, 0x00, 0xe5, 0x00, 0x00, 0x00, 0x00,
  0x47, 0x44, 0x0c, 0x2e, 0x00, 0x18, 0x1e, 0x39, 0x00, 0x20, 0x29, 0x04,
  0x00, 0xd8, 0x00, 0x40, 0x00, 0x00, 0x00, 0x00, 0x00, 0x00, 0x00, 0x26,
  0x00, 0x00, 0x00, 0x00, 0x00, 0xcf, 0xc0, 0x00, 0x00, 0x00, 0x38, 0x00,
  0xca, 0x1f, 0xb5, 0x00, 0xc7, 0xd1, 0x00, 0x2a, 0x5f, 0x00, 0x00, 0xee,
  0x2e, 0xc6, 0x7f, 0x00, 0x00, 0x00, 0xef, 0xed, 0xbc, 0x08, 0x00, 0xf0,
  0x00, 0x00, 0xee, 0x00, 0xba, 0x00, 0xa0, 0x00, 0x00, 0x00, 0x2e, 0x19,
  0x00, 0xab, 0x00, 0x13, 0x3f, 0x00, 0x00, 0x00, 0x00, 0xd6, 0x38, 0xf3,
  0xf6, 0xf2, 0xfd, 0x1a, 0x00, 0x00, 0x00, 0x15, 0x00, 0xbb, 0x35, 0x38,
  0x1a, 0x69, 0x00, 0xd9, 0x00, 0x00, 0x00, 0x2e, 0x00, 0x7f, 0x00, 0xbf,
  0x19, 0xca, 0x00, 0x00, 0x00, 0x00, 0x2b, 0x2f, 0x2f, 0x00, 0x00, 0x14,
  0x00, 0x76, 0xe6, 0x0b, 0x00, 0x00, 0x00, 0x00, 0x00, 0x71, 0x0f, 0x00,
  0x38, 0x00, 0x00, 0x00, 0x00, 0xb2, 0x0c, 0x00, 0x61, 0x2e, 0x2b, 0xbc,
  0x2c, 0x15, 0x05, 0x4c, 0x00, 0x00, 0x00, 0x00, 0xe4, 0xf1, 0x00, 0x00,
  0x00, 0x00, 0x00, 0x00, 0x00, 0x00, 0x00, 0x20, 0x45, 0x00, 0x00, 0xe4,
  0x00, 0x14, 0x00, 0x00, 0xc2, 0x00, 0xcf, 0x4a, 0x81, 0x00, 0xcd, 0xdb,
  0x93, 0x00, 0x00, 0x00, 0x00, 0xba, 0xe9, 0x00, 0x0d, 0x00, 0x30, 0x00,
  0xfd, 0x00, 0x00, 0x00, 0x00, 0x3d, 0x00, 0x09, 0x00, 0x00, 0xb2, 0xd4,
  0x00, 0x00, 0xc9, 0x00, 0x00, 0xd3, 0xd9, 0x00, 0x00, 0x00, 0x0d, 0x89,
  0x00, 0xcc, 0xd6, 0x00, 0xec, 0xda, 0xcd, 0x00, 0xc7, 0x86, 0xc5, 0x00,
  0x00, 0x00, 0xf1, 0xfe, 0x00, 0xb3, 0x00, 0x81, 0xaf, 0x00, 0x00, 0x00,
  0xc8, 0x12, 0x0d, 0x00, 0x00, 0x00, 0xa0, 0xe2, 0x00, 0x00, 0x00, 0x31,
  0x19, 0x00, 0x00, 0x00, 0x1e, 0x00, 0x00, 0xe2, 0xe3, 0x2d, 0x1d, 0x22,
  0x00, 0xcb, 0xf5, 0xe2, 0x23, 0x00, 0xc6, 0x29, 0x00, 0x00, 0x00, 0x00,
  0x2f, 0x00, 0x3b, 0x3c, 0xe4, 0x00, 0x00, 0xdd, 0xb7, 0x00, 0x00, 0x00,
  0xf4, 0x00, 0x1d, 0xe7, 0x02, 0x14, 0x29, 0xef, 0x21, 0x00, 0x00, 0x00,
  0x05, 0x33, 0xdd, 0x00, 0xe4, 0x00, 0x00, 0x2a, 0x00, 0xd7, 0x05, 0x00,
  0xe3, 0x00, 0x2c, 0x09, 0xbe, 0x5b, 0x00, 0x05, 0x00, 0x0e, 0x39, 0x00,
  0x00, 0x00, 0x0e, 0x00, 0x37, 0xf3, 0x00, 0x00, 0x00, 0x00, 0x00, 0x00,
  0x00, 0xc2, 0x30, 0x00, 0x00, 0x7f, 0x00, 0x00, 0x00, 0xf1, 0x43, 0x59,
  0x00, 0x4c, 0x00, 0x00, 0x00, 0x63, 0x00, 0x00, 0x06, 0x00, 0x00, 0x00,
  0x25, 0x03, 0x0f, 0x00, 0xd1, 0xd8, 0xa4, 0x00, 0xa9, 0x00, 0x81, 0xc1,
  0x1d, 0x00, 0xbd, 0xf0, 0xb3, 0xec, 0xbf, 0x3b, 0x00, 0x13, 0x00, 0x00,
  0x00, 0xf2, 0x10, 0x00, 0x00, 0x1e, 0x00, 0x00, 0x3c, 0xcc, 0xc7, 0x00,
  0xff, 0x08, 0xc0, 0xcf, 0x00, 0x00, 0xb6, 0x00, 0x34, 0x23, 0x00, 0x00,
  0x00, 0x29, 0x22, 0x00, 0x29, 0x00, 0x20, 0x00, 0x62, 0x00, 0x00, 0xfb,
  0x00, 0x00, 0x32, 0x00, 0x00, 0x06, 0x00, 0x00, 0x00, 0x00, 0x00, 0x3e,
  0x00, 0x4b, 0x60, 0x2e, 0x00, 0x59, 0x2d, 0x00, 0xb6, 0x00, 0x00, 0x4d,
  0x2e, 0x05, 0xe9, 0x00, 0x00, 0x94, 0x00, 0x00, 0xb1, 0xd5, 0x81, 0x2f,
  0x87, 0x00, 0x8c, 0x00, 0x00, 0x31, 0x9a, 0xbf, 0x00, 0x00, 0x00, 0x00,
  0x34, 0x00, 0x3b, 0xed, 0x00, 0xcb, 0x63, 0xdd, 0x44, 0x00, 0x4a, 0x00,
  0x5f, 0x00, 0xa8, 0xe7, 0x00, 0xcd, 0x49, 0x15, 0x52, 0x4c, 0x00, 0x00,
  0x29, 0x00, 0x00, 0xdf, 0x0c, 0x00, 0x00, 0xc7, 0x7f, 0xe7, 0x00, 0x3b,
  0x00, 0x00, 0xb7, 0x1e, 0x00, 0x00, 0x3b, 0x42, 0x4c, 0x00, 0xd0, 0x00,
  0x00, 0x6b, 0x00, 0x53, 0x00, 0xaf, 0x00, 0xe1, 0x00, 0x00, 0x00, 0x4e,
  0x00, 0x00, 0x00, 0x00, 0xfe, 0xd8, 0x00, 0x00, 0x00, 0x0b, 0xad, 0x00,
  0x66, 0x00, 0x00, 0x00, 0x2d, 0xb4, 0xd3, 0x02, 0x00, 0x00, 0xbe, 0x00,
  0x52, 0x00, 0xbe, 0xbf, 0x00, 0x00, 0x00, 0x04, 0xd6, 0xcb, 0xa4, 0x00,
  0xd9, 0x5b, 0xaa, 0x00, 0x0c, 0xc5, 0x00, 0x00, 0x19, 0x00, 0x00, 0x21,
  0x11, 0x00, 0x00, 0x00, 0xd5, 0xe3, 0x00, 0x4a, 0xdc, 0x00, 0xe6, 0x00,
  0x2d, 0xf4, 0x00, 0x4b, 0x12, 0x00, 0x00, 0xf1, 0x00, 0x00, 0x15, 0x93,
  0x00, 0x00, 0x01, 0xc6, 0xd8, 0xfb, 0x00, 0x00, 0x00, 0x00, 0x86, 0x81,
  0xb3, 0x00, 0x00, 0xb2, 0xb8, 0x00, 0x00, 0x00, 0x59, 0xbc, 0x00, 0x00,
  0x00, 0x00, 0xe7, 0x00, 0x4d, 0xe8, 0xb5, 0xa9, 0x00, 0x1d, 0xa9, 0x00,
  0x00, 0x00, 0xb0, 0x03, 0x21, 0x21, 0x00, 0x34, 0x00, 0x00, 0x00, 0x00,
  0x0e, 0xeb, 0x00, 0x38, 0x00, 0x00, 0xc5, 0xc4, 0x37, 0x00, 0xb5, 0x00,
  0x00, 0xac, 0x09, 0x00, 0x00, 0x00, 0x00, 0xb1, 0x00, 0x00, 0x00, 0x36,
  0xfa, 0x00, 0x00, 0x7f, 0x00, 0x00, 0x00, 0xc1, 0x00, 0x00, 0xb3, 0x2a,
  0x49, 0xab, 0x00, 0x00, 0xf2, 0x00, 0x00, 0x00, 0x03, 0x00, 0x08, 0x17,
  0xbc, 0x00, 0x00, 0x5c, 0x00, 0x59, 0x00, 0xdb, 0xf9, 0x23, 0xd5, 0x00,
  0x00, 0x00, 0x00, 0xf3, 0x00, 0x22, 0xd4, 0x00, 0xc8, 0x00, 0xe0, 0xf2,
  0x0b, 0xa0, 0x29, 0x00, 0x03, 0x14, 0x00, 0xde, 0xe9, 0xa6, 0x02, 0x16,
  0x24, 0x2e, 0x00, 0x00, 0x00, 0x00, 0x1b, 0x00, 0x00, 0x00, 0xfb, 0xd2,
  0x00, 0x9c, 0x02, 0x00, 0x00, 0x00, 0x00, 0x00, 0xce, 0x81, 0x00, 0xe1,
  0xde, 0x00, 0x41, 0x00, 0x20, 0xc6, 0x00, 0x00, 0x00, 0x00, 0x00, 0x00,
  0x00, 0x00, 0xa9, 0x00, 0xec, 0x00, 0x00, 0xd5, 0x00, 0x00, 0x00, 0x00,
  0xea, 0x00, 0x00, 0x02, 0x00, 0xe7, 0x00, 0x0c, 0xa8, 0xf2, 0x00, 0xe2,
  0x00, 0x00, 0x00, 0xc4, 0x00, 0x3c, 0xdb, 0xbb, 0xd3, 0xa2, 0x00, 0xf3,
  0x00, 0x00, 0x16, 0x00, 0x00, 0x00, 0xbc, 0x2b, 0x00, 0x46, 0xe0, 0x81,
  0x9c, 0x00, 0xd7, 0x00, 0x00, 0x00, 0x00, 0xb0, 0x00, 0x00, 0x00, 0x3e,
  0x00, 0xbf, 0x92, 0x33, 0x67, 0x19, 0x00, 0x3e, 0x00, 0x00, 0xb7, 0xd5,
  0xd3, 0xef, 0x00, 0xd0, 0xb0, 0xc3, 0x00, 0x00, 0x9f, 0x00, 0x00, 0x00,
  0x50, 0x00, 0x2f, 0x67, 0x00, 0x00, 0x21, 0x00, 0x37, 0x00, 0x00, 0x00,
  0x00, 0xde, 0x00, 0x00, 0x69, 0xeb, 0x00, 0x21, 0x00, 0x00, 0x00, 0x73,
  0x7f, 0x00, 0xfe, 0x00, 0x0c, 0x00, 0x1a, 0x67, 0x00, 0x00, 0x00, 0x2f,
  0xcf, 0xad, 0x00, 0x00, 0x00, 0xe7, 0x00, 0x53, 0x87, 0x00, 0x00, 0xfa,
  0x1b, 0x00, 0xeb, 0x00, 0x00, 0xce, 0x00, 0x00, 0x00, 0x00, 0x00, 0x00,
  0x00, 0xce, 0xcb, 0x00, 0xb2, 0x00, 0x00, 0x00, 0x00, 0x00, 0x8f, 0xd0,
  0xc8, 0x00, 0xc1, 0x00, 0x00, 0xe5, 0xeb, 0x00, 0x02, 0x80, 0xff, 0xff,
  0x04, 0x00, 0x00, 0x00, 0x40, 0x00, 0x00, 0x00, 0x26, 0x12, 0x00, 0x00,
  0x10, 0x03, 0x00, 0x00, 0xfe, 0x14, 0x00, 0x00, 0xfa, 0xf6, 0xff, 0xff,
  0xe8, 0xe3, 0xff, 0xff, 0x86, 0x07, 0x00, 0x00, 0x62, 0x18, 0x00, 0x00,
  0x72, 0xd9, 0xff, 0xff, 0xcd, 0x11, 0x00, 0x00, 0xed, 0xfe, 0xff, 0xff,
  0x91, 0xf2, 0xff, 0xff, 0xd0, 0x1b, 0x00, 0x00, 0xc2, 0x05, 0x00, 0x00,
  0x19, 0x11, 0x00, 0x00, 0x79, 0x1e, 0x00, 0x00, 0xb9, 0xfd, 0xff, 0xff,
  0x4e, 0x80, 0xff, 0xff, 0x04, 0x00, 0x00, 0x00, 0x80, 0x0d, 0x00, 0x00,
  0x00, 0xd7, 0x00, 0x00, 0xe1, 0x3e, 0x00, 0xec, 0x00, 0x00, 0x00, 0x38,
  0xeb, 0x07, 0x7f, 0x00, 0x00, 0x00, 0x00, 0xeb, 0x96, 0xe4, 0x1a, 0xb2,
  0x00, 0xe5, 0xd5, 0xcd, 0x25, 0xfd, 0x00, 0x22, 0x00, 0x16, 0x00, 0xcd,
  0xd5, 0xed, 0x22, 0x00, 0x00, 0x00, 0x1c, 0x00, 0x49, 0xff, 0x00, 0xae,
  0x19, 0xe8, 0xfd, 0xf1, 0x0b, 0x0f, 0x5b, 0x00, 0x20, 0x00, 0x00, 0x00,
  0xff, 0x00, 0x5f, 0x00, 0xad, 0x00, 0x00, 0x00, 0xf9, 0x00, 0x00, 0x00,
  0x00, 0x11, 0x00, 0x01, 0x43, 0xb2, 0xe5, 0x3c, 0x00, 0x00, 0x27, 0x00,
  0x2b, 0x00, 0x2c, 0xba, 0x06, 0x1c, 0xce, 0xb8, 0x00, 0x00, 0xf9, 0xd7,
  0x00, 0xc4, 0x00, 0x00, 0x00, 0x00, 0x00, 0x29, 0x00, 0x00, 0x00, 0x34,
  0xe0, 0xe1, 0x07, 0x32, 0xbc, 0x00, 0x26, 0x00, 0x00, 0x00, 0x00, 0x00,
  0x00, 0x15, 0x3d, 0x04, 0x00, 0x00, 0x00, 0x00, 0x00, 0x00, 0x00, 0x00,
  0x00, 0x00, 0x00, 0xaf, 0x00, 0xe4, 0x00, 0x00, 0x00, 0x1c, 0x00, 0x00,
  0x2a, 0x36, 0x00, 0x00, 0x00, 0x00, 0x29, 0x00, 0xa2, 0xa3, 0x4a, 0xc5,
  0x00, 0xff, 0xe2, 0x00, 0x00, 0x00, 0xbf, 0x00, 0xcd, 0x00, 0x46, 0x00,
  0xee, 0x00, 0x00, 0x4e, 0x00, 0xf4, 0xbf, 0x00, 0x00, 0x1b, 0x00, 0x00,
  0xfe, 0xf9, 0x00, 0x1b, 0x00, 0xd8, 0xfc, 0x00, 0xf0, 0x07, 0x00, 0x35,
  0x39, 0x00, 0x27, 0x00, 0xd4, 0x4c, 0x00, 0x00, 0xd8, 0x00, 0x00, 0x4a,
  0x00, 0x96, 0x00, 0x2d, 0x00, 0x35, 0xfd, 0xc1, 0xbb, 0x00, 0x00, 0xff,
  0x00, 0x00, 0x00, 0x7f, 0x00, 0x00, 0x00, 0x6f, 0x0b, 0x00, 0x00, 0xd1,
  0x20, 0x25, 0x00, 0x00, 0x00, 0x00, 0x33, 0x29, 0xf3, 0xf0, 0x00, 0x00,
  0xfe, 0x00, 0x43, 0x00, 0x00, 0x00, 0x00, 0x00, 0x2f, 0x00, 0x00, 0x66,
  0x21, 0x00, 0x34, 0x1c, 0x00, 0x2f, 0x3c, 0x00, 0x00, 0x00, 0x43, 0x00,
  0x20, 0xd6, 0x00, 0x00, 0x00, 0x8e, 0x02, 0x00, 0x00, 0x00, 0x00, 0xe7,
  0x00, 0x00, 0x00, 0x00, 0x00, 0xe8, 0x00, 0x00, 0x00, 0x05, 0x39, 0x00,
  0x00, 0x00, 0xcc, 0x00, 0x00, 0x03, 0x00, 0xe8, 0x33, 0x26, 0x05, 0xec,
  0x9e, 0xdb, 0x00, 0xbc, 0x00, 0x00, 0x00, 0xf7, 0xc9, 0x00, 0x00, 0x00,
  0x00, 0x00, 0xe4, 0x00, 0x96, 0x17, 0xc9, 0x00, 0xa6, 0x0f, 0xaa, 0xed,
  0x00, 0x00, 0x00, 0xac, 0x0d, 0xf3, 0x00, 0x00, 0xa7, 0x97, 0xe0, 0x00,
  0x00, 0x12, 0x4a, 0x0c, 0x00, 0x00, 0x00, 0xd5, 0x00, 0x09, 0x00, 0x28,
  0x81, 0x00, 0x00, 0xf7, 0xbf, 0x00, 0x00, 0x00, 0x0b, 0x45, 0xb3, 0x98,
  0x19, 0x0c, 0xc6, 0x2a, 0x93, 0xc1, 0x00, 0x00, 0xba, 0x00, 0x0e, 0x2a,
  0x21, 0x00, 0x00, 0x00, 0x2e, 0x00, 0x90, 0x54, 0xae, 0xb6, 0x00, 0x00,
  0xcb, 0x1c, 0x00, 0x00, 0x00, 0x00, 0x00, 0xc1, 0x00, 0x00, 0xca, 0x00,
  0x00, 0x00, 0x00, 0x1c, 0x00, 0x00, 0x00, 0x00, 0xdf, 0xd0, 0x00, 0x00,
  0x00, 0x2a, 0xae, 0x00, 0xb7, 0x00, 0x00, 0x38, 0x00, 0x40, 0xeb, 0xf5,
  0x00, 0xc2, 0xdf, 0x98, 0x00, 0x00, 0x00, 0x00, 0x00, 0x06, 0xe7, 0xd9,
  0x05, 0x11, 0x03, 0x00, 0x00, 0x00, 0xfb, 0x00, 0xde, 0x81, 0x00, 0x1a,
  0xf0, 0xe7, 0x1c, 0x00, 0x00, 0xf3, 0x04, 0xc1, 0xfb, 0xfd, 0xfa, 0x00,
  0x00, 0x8c, 0x00, 0x00, 0xc8, 0x00, 0x00, 0x3b, 0xa9, 0xfc, 0x00, 0xc0,
  0xe7, 0x00, 0xd3, 0xfd, 0x00, 0x00, 0xf8, 0xc8, 0x04, 0x00, 0x24, 0x3a,
  0x18, 0x00, 0xe8, 0x00, 0xed, 0xe7, 0x03, 0x2b, 0x00, 0x00, 0x21, 0x00,
  0x01, 0x00, 0xeb, 0x10, 0x00, 0x00, 0x1e, 0x00, 0x00, 0x00, 0xfd, 0x00,
  0x00, 0x93, 0x23, 0x32, 0xb1, 0xde, 0x08, 0x02, 0x00, 0x00, 0xfb, 0xc6,
  0x0f, 0xd1, 0x00, 0x00, 0x2b, 0xe2, 0x1e, 0xff, 0xed, 0x00, 0xf5, 0x28,
  0x00, 0x00, 0x12, 0xee, 0xe5, 0x00, 0xfa, 0xee, 0x22, 0x00, 0x00, 0x00,
  0x21, 0xc6, 0x00, 0x00, 0x10, 0xf7, 0x1d, 0x00, 0x03, 0x03, 0x00, 0xdd,
  0x00, 0xbb, 0x00, 0x21, 0x00, 0xc5, 0x14, 0x03, 0x00, 0x2d, 0x02, 0xd8,
  0x00, 0x00, 0x1f, 0x00, 0xff, 0x00, 0x19, 0x00, 0x14, 0xf8, 0xe0, 0x2a,
  0x00, 0x00, 0x00, 0x0e, 0x00, 0x00, 0x00, 0x09, 0xe0, 0x2f, 0xf7, 0xd3,
  0x00, 0x00, 0x7f, 0x00, 0xdc, 0x00, 0xd0, 0x00, 0xe8, 0x42, 0x00, 0x00,
  0x00, 0x24, 0xdb, 0x00, 0x00, 0x22, 0x00, 0x00, 0x00, 0x00, 0x00, 0x00,
  0x00, 0x5e, 0x00, 0x00, 0x8a, 0x00, 0x00, 0x00, 0xec, 0x1d, 0x00, 0x09,
  0x03, 0xa9, 0xfa, 0x00, 0xbf, 0x00, 0xe0, 0xee, 0xa5, 0x00, 0xc9, 0x00,
  0x32, 0xdb, 0x00, 0x49, 0x00, 0xdc, 0x00, 0x24, 0xcd, 0x00, 0x00, 0x00,
  0x00, 0x00, 0xe7, 0x00, 0xda, 0xe3, 0x00, 0x4c, 0x00, 0xd6, 0x00, 0xf0,
  0x00, 0xea, 0x00, 0x44, 0xb3, 0x00, 0x5d, 0x00, 0x00, 0x10, 0x00, 0xf2,
  0x09, 0xc5, 0x00, 0x00, 0xad, 0x4c, 0x5b, 0x00, 0xb7, 0xfb, 0x00, 0x00,
  0x00, 0x00, 0x08, 0x57, 0x00, 0x0c, 0x00, 0xe0, 0xd6, 0xf6, 0x18, 0x42,
  0x00, 0xe8, 0x47, 0x00, 0x00, 0xd2, 0xc5, 0x00, 0x00, 0x00, 0xd8, 0xc6,
  0x00, 0xa4, 0x00, 0x0a, 0x00, 0x2a, 0x00, 0x00, 0xe2, 0xf1, 0x4c, 0x00,
  0x30, 0x00, 0x00, 0x1d, 0xfb, 0x00, 0x0f, 0xea, 0xba, 0x00, 0x00, 0x00,
  0x00, 0x00, 0xdd, 0x5a, 0x7f, 0xbd, 0x00, 0xf5, 0x00, 0x00, 0x00, 0x00,
  0x00, 0xee, 0x00, 0x00, 0x58, 0x33, 0x1b, 0x00, 0x32, 0xdd, 0x00, 0xbc,
  0x08, 0x00, 0x00, 0x00, 0xa2, 0xd6, 0x00, 0x09, 0x00, 0x00, 0xce, 0xc0,
  0x4b, 0xb3, 0x1d, 0x00, 0xe9, 0x00, 0x00, 0xdb, 0x00, 0xc7, 0xa3, 0xb1,
  0x00, 0xd7, 0xcf, 0x00, 0x6b, 0x00, 0x74, 0x9a, 0xd1, 0x00, 0x00, 0x0f,
  0x00, 0x9a, 0x00, 0xc2, 0x5a, 0x00, 0x00, 0x34, 0x00, 0xb0, 0xf5, 0x00,
  0xc9, 0xdf, 0x00, 0xe5, 0xd7, 0x00, 0x00, 0x00, 0x57, 0xe5, 0x00, 0x13,
  0x00, 0xc4, 0x00, 0xfe, 0x00, 0x00, 0x00, 0x00, 0x35, 0x00, 0x00, 0xb6,
  0x30, 0x00, 0x00, 0x00, 0x6a, 0xc4, 0x5e, 0x00, 0xaa, 0x00, 0x00, 0x00,
  0x00, 0xcf, 0x00, 0x00, 0x00, 0x54, 0x00, 0xea, 0x61, 0x00, 0x46, 0xb1,
  0x00, 0xe9, 0x00, 0x00, 0x00, 0xc3, 0x00, 0x00, 0x00, 0xea, 0x00, 0x00,
  0xe8, 0x22, 0x00, 0x00, 0x00, 0xd8, 0x24, 0x3c, 0x06, 0x00, 0x0f, 0x00,
  0x26, 0x29, 0x44, 0x10, 0x3f, 0xcf, 0x81, 0x00, 0xc3, 0xf7, 0x00, 0x00,
  0x44, 0x00, 0x00, 0x00, 0x60, 0x00, 0xed, 0x1d, 0x00, 0x00, 0x00, 0x00,
  0x00, 0x00, 0x17, 0x00, 0x36, 0x12, 0x1a, 0x00, 0x00, 0xd7, 0xc5, 0x2e,
  0x00, 0x2c, 0xc1, 0x0f, 0x00, 0x00, 0x03, 0x00, 0xd7, 0x00, 0x29, 0x00,
  0x00, 0x00, 0x4e, 0x00, 0x00, 0x00, 0x00, 0x00, 0x00, 0x00, 0xf0, 0x49,
  0x1d, 0x00, 0x37, 0xef, 0x3d, 0x00, 0x00, 0x00, 0x4e, 0x00, 0x00, 0x5e,
  0xc7, 0x00, 0x00, 0x1a, 0x06, 0x15, 0x21, 0x00, 0x46, 0x00, 0xea, 0x00,
  0x00, 0x09, 0x00, 0x00, 0x00, 0x00, 0x00, 0x00, 0x00, 0x00, 0x00, 0x00,
  0xfe, 0x00, 0x35, 0x00, 0x00, 0xf6, 0xd7, 0x0b, 0xb4, 0x00, 0x00, 0x1e,
  0x00, 0x02, 0xff, 0xb6, 0xe6, 0x00, 0xfa, 0xd1, 0x2d, 0xb4, 0xff, 0x00,
  0xab, 0x00, 0x16, 0x00, 0xa3, 0xe9, 0x00, 0x00, 0x00, 0x00, 0xc3, 0x00,
  0x00, 0x02, 0x63, 0x00, 0xd0, 0xf3, 0xf7, 0x00, 0x98, 0x00, 0x00, 0xcc,
  0x00, 0x00, 0x1c, 0x00, 0x00, 0x16, 0x47, 0x37, 0x00, 0xe4, 0xfa, 0x00,
  0xb2, 0xdb, 0x00, 0xa7, 0x00, 0x00, 0x26, 0xc5, 0x00, 0x00, 0x19, 0x1a,
  0x00, 0x00, 0x00, 0x00, 0xfb, 0x00, 0x00, 0xc8, 0x00, 0x00, 0x0f, 0xc9,
  0x00, 0x00, 0x4f, 0xfa, 0x00, 0x02, 0x24, 0x00, 0xbf, 0x58, 0x00, 0x01,
  0xe4, 0x25, 0x00, 0x00, 0x00, 0x1b, 0x4c, 0x00, 0x00, 0x00, 0x12, 0x19,
  0x81, 0x20, 0x00, 0x00, 0x00, 0x64, 0x2c, 0x00, 0xf9, 0x1b, 0xf7, 0x0b,
  0x00, 0x00, 0xf1, 0x00, 0x00, 0x04, 0x00, 0x00, 0xdb, 0x00, 0x00, 0x00,
  0x00, 0x00, 0x00, 0x00, 0x00, 0x00, 0xf9, 0x00, 0x00, 0x2d, 0x00, 0x00,
  0x00, 0x00, 0xc5, 0x00, 0x00, 0x00, 0x00, 0xca, 0x00, 0x0d, 0x00, 0x00,
  0xdc, 0x18, 0x00, 0xff, 0xf5, 0x00, 0x0b, 0x00, 0x08, 0x00, 0xdf, 0x00,
  0x31, 0x15, 0xf0, 0x00, 0x00, 0x15, 0x00, 0x3f, 0x39, 0x0b, 0x0f, 0x06,
  0x00, 0x00, 0xf8, 0x00, 0xf5, 0x3a, 0x00, 0xe1, 0x95, 0x00, 0xe3, 0x00,
  0x00, 0x00, 0xfe, 0x00, 0x00, 0xc6, 0x00, 0xff, 0xae, 0x2b, 0x29, 0x00,
  0xaf, 0x00, 0xd3, 0x00, 0x00, 0x00, 0xe9, 0x00, 0x00, 0x00, 0x00, 0x00,
  0x00, 0x00, 0x00, 0x00, 0x00, 0x00, 0xb1, 0xfe, 0x13, 0x00, 0x00, 0x1b,
  0x00, 0x00, 0x00, 0x00, 0x10, 0x3e, 0x00, 0x2c, 0x11, 0x00, 0x00, 0x02,
  0x00, 0xfb, 0x00, 0x05, 0x00, 0x61, 0x07, 0x00, 0x81, 0x57, 0xfd, 0x00,
  0x16, 0x0f, 0xe3, 0x00, 0xe8, 0x95, 0x00, 0x35, 0x13, 0x00, 0xef, 0xb7,
  0x00, 0x2d, 0xb4, 0x00, 0xba, 0x00, 0x00, 0x1f, 0x00, 0x00, 0x00, 0x00,
  0x3a, 0xcc, 0x03, 0x00, 0x00, 0xb5, 0x09, 0x02, 0x0c, 0x00, 0x31, 0x00,
  0x0b, 0x00, 0x00, 0x00, 0x4a, 0x00, 0x00, 0x00, 0x00, 0xb7, 0x00, 0x00,
  0x00, 0xe3, 0x2d, 0x2c, 0xff, 0xd7, 0x0e, 0x00, 0x29, 0x01, 0xfd, 0xc8,
  0x00, 0x00, 0xe2, 0x00, 0x00, 0x00, 0x00, 0x00, 0x00, 0x00, 0x00, 0x00,
  0x00, 0xbf, 0xb5, 0x5b, 0x00, 0x72, 0x00, 0x00, 0xd0, 0xfe, 0x01, 0x00,
  0x00, 0x00, 0xc7, 0x00, 0xd2, 0x58, 0x00, 0x00, 0xd2, 0x00, 0x3a, 0x44,
  0x18, 0xc0, 0x04, 0x00, 0xb4, 0xfa, 0x00, 0x00, 0xee, 0x00, 0x00, 0xc8,
  0x00, 0xf1, 0x5e, 0x49, 0x00, 0x00, 0xc4, 0xdb, 0x00, 0x11, 0x00, 0x1b,
  0x00, 0xb0, 0x1c, 0x53, 0x03, 0x76, 0x00, 0x00, 0xdd, 0xaa, 0x00, 0x00,
  0x00, 0x00, 0x00, 0x00, 0x00, 0x79, 0xdf, 0x81, 0x97, 0x00, 0xe5, 0x00,
  0x32, 0x48, 0x14, 0xca, 0xd5, 0xa4, 0x4a, 0xf0, 0x00, 0x16, 0xc6, 0x00,
  0xee, 0x4d, 0x00, 0xd8, 0xe2, 0x00, 0x1e, 0x00, 0x2c, 0x00, 0x00, 0x00,
  0x00, 0x24, 0x00, 0x42, 0x00, 0x00, 0x20, 0x00, 0xde, 0xec, 0x00, 0xf9,
  0xb9, 0x22, 0x00, 0x00, 0x00, 0xf5, 0x18, 0x00, 0x00, 0x00, 0x20, 0x00,
  0x0a, 0x00, 0xe1, 0xf8, 0x00, 0x00, 0x52, 0x00, 0x00, 0x34, 0x00, 0x1b,
  0xbc, 0x00, 0xea, 0x02, 0x13, 0x10, 0x00, 0x0b, 0x28, 0x00, 0x00, 0xd8,
  0x00, 0x64, 0x00, 0xb9, 0x10, 0x00, 0x00, 0x00, 0xf4, 0x00, 0x00, 0xca,
  0x00, 0x00, 0x00, 0x00, 0x00, 0xdb, 0x00, 0xd0, 0x00, 0xe6, 0x00, 0x2e,
  0x1f, 0x00, 0x24, 0xab, 0x00, 0x3a, 0xed, 0xc0, 0x00, 0xa9, 0x09, 0x00,
  0x00, 0xfe, 0x0a, 0x00, 0x00, 0x00, 0xc9, 0x02, 0x00, 0x00, 0x00, 0x00,
  0xe0, 0x00, 0xc3, 0xb5, 0xfe, 0xda, 0x00, 0x00, 0x1b, 0x1c, 0x06, 0x00,
  0xfc, 0x00, 0x00, 0xa9, 0xd1, 0x00, 0xcb, 0x00, 0x00, 0x00, 0xd1, 0x00,
  0xe3, 0x00, 0x25, 0xaf, 0x18, 0x00, 0x00, 0xd0, 0x00, 0x00, 0x00, 0x14,
  0xbf, 0x00, 0x00, 0xe0, 0xec, 0xf7, 0x00, 0x00, 0x09, 0xba, 0x00, 0x00,
  0x00, 0xdc, 0x00, 0x1d, 0x19, 0x00, 0xdc, 0x21, 0x00, 0x00, 0x00, 0x00,
  0x16, 0x00, 0x00, 0xe1, 0x00, 0xaf, 0x00, 0x21, 0x00, 0x62, 0x05, 0x00,
  0x00, 0x00, 0x1b, 0x00, 0x31, 0x00, 0x00, 0xe9, 0x00, 0x61, 0x4b, 0x24,
  0xe4, 0x7f, 0xfc, 0xdb, 0xfc, 0x00, 0x00, 0x1e, 0x00, 0x00, 0x5d, 0x56,
  0x00, 0x00, 0x00, 0x45, 0x00, 0x00, 0x00, 0x00, 0xe4, 0x00, 0x96, 0x00,
  0x00, 0x00, 0x00, 0xe9, 0xf9, 0x00, 0x00, 0x00, 0x00, 0x3d, 0x2f, 0x00,
  0xe0, 0xda, 0xb3, 0x00, 0x00, 0xc5, 0x00, 0x46, 0xe3, 0x67, 0xf5, 0xab,
  0x81, 0x3b, 0x27, 0xa9, 0x00, 0x00, 0xdf, 0x00, 0xd5, 0xba, 0x00, 0x61,
  0xb0, 0xd5, 0x00, 0x00, 0xf2, 0x00, 0xf9, 0xd9, 0x00, 0x2f, 0x00, 0x00,
  0xc9, 0x3f, 0x00, 0x00, 0xdb, 0x00, 0x11, 0x10, 0x00, 0x00, 0x00, 0x00,
  0x4e, 0x00, 0x00, 0x17, 0x00, 0x00, 0xfd, 0xdf, 0x1c, 0x47, 0x00, 0x00,
  0xb2, 0x00, 0x02, 0x00, 0x41, 0x00, 0x00, 0x52, 0x00, 0xa0, 0x00, 0x0b,
  0x00, 0xc6, 0xf6, 0x31, 0xfa, 0xce, 0x00, 0x00, 0x40, 0x3e, 0xf1, 0xc6,
  0xe7, 0x6b, 0xeb, 0xeb, 0x00, 0xc6, 0x00, 0x00, 0xe9, 0x00, 0x00, 0x00,
  0x23, 0x47, 0x00, 0xee, 0xd4, 0x00, 0xef, 0xc4, 0x30, 0x00, 0x00, 0x00,
  0xf3, 0xc8, 0x00, 0x03, 0x3f, 0x12, 0x35, 0x00, 0x00, 0x00, 0x00, 0xd2,
  0x17, 0x00, 0x00, 0xfc, 0x00, 0x00, 0x29, 0x00, 0x00, 0x0c, 0x00, 0x00,
  0x00, 0x00, 0xec, 0xfe, 0xe4, 0x00, 0xee, 0x23, 0xe0, 0x00, 0x35, 0x05,
  0xa5, 0x00, 0xdb, 0x00, 0x00, 0x00, 0x00, 0x2f, 0x0f, 0xbf, 0x00, 0x00,
  0xce, 0xa4, 0x1b, 0xc4, 0xdd, 0x00, 0xdf, 0xb9, 0x00, 0x00, 0xd3, 0x00,
  0x00, 0xd7, 0xbb, 0xd3, 0x00, 0x00, 0xee, 0x00, 0x2d, 0x00, 0x00, 0xc9,
  0x00, 0x00, 0x00, 0x00, 0x33, 0x6c, 0x12, 0x00, 0x00, 0x50, 0xc9, 0x00,
  0x5e, 0x00, 0x00, 0x3c, 0x00, 0xc7, 0xbe, 0x00, 0x00, 0x60, 0x00, 0x2d,
  0x00, 0x00, 0x00, 0x00, 0x86, 0x7e, 0x00, 0x16, 0xe7, 0x00, 0x00, 0x4f,
  0x0e, 0xd2, 0xf4, 0x11, 0x01, 0xcd, 0x00, 0x28, 0x00, 0x00, 0x00, 0x00,
  0x00, 0x37, 0x34, 0x00, 0x00, 0x81, 0x00, 0xfc, 0x00, 0x00, 0x00, 0x08,
  0x29, 0x00, 0xf6, 0xfc, 0x08, 0x00, 0x00, 0x00, 0x62, 0x32, 0x00, 0x2d,
  0x0c, 0x00, 0xe6, 0x00, 0x48, 0x00, 0x00, 0x00, 0x29, 0x00, 0xc2, 0x00,
  0x24, 0x21, 0x00, 0x00, 0x00, 0x35, 0x10, 0x14, 0xc8, 0x0a, 0x17, 0x00,
  0xfc, 0x00, 0x00, 0x50, 0x0f, 0x22, 0xb3, 0xc8, 0x00, 0x00, 0x00, 0x00,
  0xd3, 0x00, 0x07, 0xbb, 0x1f, 0x00, 0x00, 0x00, 0x00, 0xef, 0x00, 0x38,
  0x1f, 0x00, 0x00, 0x00, 0x00, 0x00, 0x00, 0x00, 0x00, 0x00, 0xee, 0xaa,
  0x00, 0x00, 0x00, 0x00, 0x00, 0x37, 0x03, 0x12, 0x74, 0x00, 0x02, 0x00,
  0x20, 0x81, 0x16, 0x00, 0x50, 0x2c, 0xd9, 0x00, 0x00, 0x00, 0xc3, 0xdf,
  0x00, 0x2b, 0x1c, 0xeb, 0x2a, 0x00, 0x4e, 0x00, 0xfb, 0x00, 0x00, 0x00,
  0x0f, 0x1c, 0x00, 0xfe, 0x00, 0xff, 0x01, 0xca, 0x00, 0x21, 0x00, 0xce,
  0x59, 0x00, 0x00, 0xf6, 0xe3, 0x00, 0x00, 0x04, 0xdf, 0x00, 0x00, 0x00,
  0x00, 0x00, 0xd4, 0xde, 0x00, 0x00, 0x1f, 0x1e, 0x00, 0xfb, 0xe1, 0x00,
  0x00, 0x00, 0x93, 0x00, 0x00, 0x00, 0x00, 0x00, 0x04, 0x00, 0x00, 0x00,
  0x00, 0x00, 0x00, 0x00, 0xcc, 0xff, 0x00, 0x00, 0x00, 0x00, 0x00, 0xdd,
  0x00, 0x00, 0x00, 0x16, 0x00, 0x00, 0x00, 0x15, 0x00, 0x19, 0x00, 0x00,
  0x27, 0xfc, 0x00, 0x9b, 0x00, 0x19, 0x00, 0xbf, 0x19, 0x00, 0x00, 0x00,
  0x00, 0x00, 0xef, 0x00, 0x00, 0xc1, 0xc5, 0xc6, 0x00, 0x00, 0x00, 0x00,
  0x2c, 0x00, 0x00, 0x00, 0x13, 0x00, 0x00, 0x2b, 0x00, 0x00, 0xa7, 0xc2,
  0xdd, 0x00, 0xe7, 0x00, 0x00, 0xfb, 0x00, 0x00, 0xcc, 0x00, 0xc8, 0x00,
  0x00, 0x00, 0x3c, 0x65, 0xea, 0x00, 0x8d, 0x00, 0x00, 0x00, 0x00, 0x34,
  0x00, 0x00, 0xda, 0xfa, 0xfa, 0x00, 0x00, 0x4c, 0x00, 0xd3, 0x81, 0xf4,
  0x00, 0x00, 0x00, 0xf4, 0x2f, 0x02, 0x00, 0xaa, 0x47, 0x8b, 0xbf, 0x00,
  0x00, 0xf4, 0x00, 0x1e, 0xa7, 0x02, 0x09, 0x00, 0x00, 0x00, 0x00, 0xf9,
  0x00, 0x2c, 0x12, 0x00, 0x00, 0x16, 0x22, 0x00, 0x00, 0x03, 0x00, 0x00,
  0x00, 0x00, 0x18, 0x29, 0x00, 0x39, 0x64, 0x5b, 0x00, 0xf6, 0x00, 0x00,
  0x9a, 0x00, 0x00, 0xed, 0x00, 0x00, 0x00, 0xa6, 0x1d, 0xd7, 0x00, 0xf3,
  0x00, 0x00, 0x5c, 0x11, 0x00, 0x2d, 0xfa, 0x00, 0x00, 0xe2, 0x00, 0x00,
  0x00, 0x00, 0x00, 0xfa, 0x00, 0x26, 0x00, 0xbc, 0x00, 0xf5, 0x00, 0x00,
  0x1a, 0x00, 0x00, 0x00, 0x39, 0x00, 0x00, 0xa3, 0x00, 0xc9, 0xf0, 0x00,
  0x23, 0x00, 0x00, 0xc8, 0x00, 0xf9, 0x00, 0x00, 0x00, 0x00, 0x00, 0x00,
  0x00, 0x00, 0x00, 0xab, 0xeb, 0xf1, 0x00, 0x1a, 0x00, 0xcc, 0xc9, 0x00,
  0x1c, 0x00, 0x4f, 0xd4, 0x50, 0xbb, 0xac, 0x00, 0x00, 0xeb, 0x7f, 0xd0,
  0x00, 0x00, 0xcb, 0x00, 0x00, 0xd4, 0x00, 0x00, 0x2c, 0x00, 0x00, 0x59,
  0x34, 0x43, 0xff, 0x00, 0x1e, 0x21, 0x2b, 0x16, 0x00, 0xe0, 0x00, 0x21,
  0x00, 0xec, 0x00, 0xcc, 0x00, 0xed, 0x34, 0x00, 0x1f, 0x00, 0xc1, 0xe4,
  0xee, 0xf5, 0x00, 0xd0, 0x66, 0x16, 0xbe, 0x29, 0x00, 0xe5, 0x00, 0x00,
  0xd5, 0x00, 0xe5, 0xef, 0x00, 0xc9, 0x00, 0xff, 0x00, 0x00, 0x39, 0x00,
  0xe9, 0x00, 0xc2, 0x0c, 0x00, 0x17, 0x33, 0xd1, 0x00, 0x27, 0xb1, 0xf4,
  0xd8, 0xfd, 0xcd, 0x00, 0x00, 0x00, 0x31, 0xe3, 0x00, 0x00, 0x00, 0xf1,
  0x00, 0x29, 0x35, 0x00, 0x00, 0x3b, 0xfb, 0x00, 0x34, 0x00, 0x01, 0xed,
  0x00, 0x23, 0xf1, 0x3f, 0x00, 0x4a, 0xe7, 0x00, 0x00, 0x29, 0x13, 0x00,
  0x40, 0x02, 0x39, 0x00, 0x00, 0x37, 0x00, 0x4e, 0xf0, 0x00, 0x00, 0xd9,
  0x00, 0xce, 0x00, 0x92, 0xcc, 0xf4, 0x00, 0x00, 0xe8, 0x00, 0x1c, 0x8b,
  0x46, 0x00, 0x00, 0x00, 0xdc, 0xdb, 0x00, 0xba, 0xae, 0x00, 0x00, 0x88,
  0x00, 0x00, 0xdc, 0x00, 0x60, 0xde, 0x40, 0xcb, 0x00, 0x07, 0xf9, 0x00,
  0x39, 0x00, 0xe4, 0x03, 0x00, 0x1e, 0x00, 0x41, 0x2e, 0x00, 0xcf, 0x81,
  0x95, 0xc0, 0x29, 0x00, 0x00, 0x28, 0x00, 0xe2, 0x20, 0x00, 0x00, 0x00,
  0x38, 0xb9, 0x00, 0x66, 0x00, 0x00, 0x00, 0xdf, 0x9c, 0xb9, 0x00, 0xaa,
  0x00, 0x0a, 0x00, 0x00, 0x42, 0xa0, 0x00, 0x46, 0xe4, 0x00, 0x00, 0x00,
  0x00, 0x00, 0xd8, 0xbe, 0x0f, 0x00, 0x00, 0xb1, 0x00, 0xc6, 0x00, 0x13,
  0x00, 0x00, 0xe5, 0x00, 0xc1, 0x00, 0x00, 0x00, 0x00, 0x00, 0x18, 0xda,
  0x00, 0x00, 0x00, 0x00, 0x00, 0x00, 0x00, 0x00, 0xfe, 0x00, 0x00, 0x09,
  0x33, 0x00, 0x00, 0x00, 0xea, 0x00, 0x00, 0x38, 0x00, 0x0d, 0x19, 0x00,
  0x00, 0xf4, 0x00, 0x00, 0x00, 0x0f, 0x00, 0x00, 0x00, 0x00, 0xf5, 0x00,
  0x00, 0x0a, 0x00, 0x1a, 0x9d, 0x00, 0x06, 0x00, 0x1a, 0xea, 0x30, 0x00,
  0xab, 0x00, 0x00, 0x4e, 0x07, 0x3d, 0xb5, 0xc3, 0xd4, 0xd5, 0x00, 0x00,
  0x00, 0x17, 0x00, 0x00, 0x24, 0xd0, 0x00, 0x00, 0x00, 0xd2, 0x00, 0x00,
  0xeb, 0xda, 0x00, 0xbd, 0x00, 0x00, 0xbc, 0x00, 0xea, 0xe6, 0xcb, 0xa4,
  0x00, 0x77, 0xd8, 0xcc, 0xa1, 0xdd, 0xe8, 0x55, 0x2e, 0x00, 0x00, 0xcb,
  0x10, 0xf3, 0x43, 0x25, 0xfb, 0xf7, 0x00, 0xe2, 0xc9, 0x23, 0xd1, 0x00,
  0x1e, 0x23, 0x00, 0x00, 0x2e, 0xc1, 0x00, 0xa8, 0x06, 0x00, 0x00, 0x7f,
  0x00, 0x50, 0x00, 0xba, 0x0d, 0x00, 0x00, 0x00, 0x00, 0x00, 0x00, 0x09,
  0x00, 0x00, 0x00, 0x00, 0xa3, 0xf8, 0x00, 0x00, 0x00, 0x00, 0x00, 0x00,
  0x00, 0x00, 0x39, 0x1d, 0x00, 0xc0, 0x00, 0xdc, 0x00, 0x0d, 0x47, 0x00,
  0x00, 0x00, 0x00, 0x00, 0x12, 0x00, 0x00, 0x00, 0x00, 0x00, 0x00, 0xc5,
  0x88, 0x00, 0x00, 0x00, 0xec, 0x00, 0x9a, 0x00, 0x00, 0x00, 0x00, 0x00,
  0x00, 0x00, 0x00, 0x03, 0x92, 0x00, 0x00, 0x00, 0xe5, 0x00, 0x00, 0x00,
  0x00, 0x3c, 0x00, 0x00, 0x00, 0xf9, 0x00, 0x00, 0x3d, 0xe8, 0x64, 0x00,
  0x00, 0x00, 0x00, 0x00, 0x00, 0xef, 0x41, 0x00, 0x00, 0x00, 0x00, 0xdd,
  0x00, 0x00, 0x00, 0x11, 0x00, 0x00, 0xbc, 0xcf, 0x05, 0xb5, 0x00, 0x00,
  0xd5, 0x00, 0x00, 0xd5, 0x92, 0x00, 0x00, 0x00, 0xe0, 0xd0, 0x00, 0x00,
  0x00, 0x2c, 0x00, 0x00, 0x00, 0x58, 0x8b, 0x43, 0x73, 0x16, 0xe4, 0x3e,
  0x00, 0x0f, 0xff, 0x00, 0x30, 0x00, 0x00, 0x00, 0x00, 0x00, 0x00, 0x00,
  0x60, 0x00, 0xdd, 0x1a, 0x7f, 0x63, 0x59, 0xe4, 0x01, 0xcd, 0x00, 0x23,
  0x00, 0x00, 0xf5, 0xee, 0x00, 0xb4, 0xe8, 0xe7, 0x00, 0x00, 0x00, 0x38,
  0xe2, 0x00, 0x08, 0x00, 0x00, 0x00, 0x00, 0x16, 0xf5, 0xae, 0x00, 0x00,
  0x00, 0x00, 0x00, 0x00, 0x00, 0x00, 0xe0, 0x00, 0x00, 0xcc, 0x2d, 0x00,
  0x00, 0x00, 0x03, 0x00, 0x00, 0xd8, 0x00, 0x00, 0x21, 0x00, 0x00, 0x00,
  0x00, 0x00, 0x00, 0x26, 0xe8, 0xf4, 0x00, 0x00, 0xef, 0xf0, 0x00, 0x00,
  0xda, 0x30, 0x32, 0x0e, 0xf0, 0x9d, 0x00, 0xc2, 0x00, 0xb2, 0x27, 0x00,
  0x18, 0xe5, 0x24, 0x00, 0x22, 0xf4, 0xdc, 0x0e, 0x00, 0x00, 0x00, 0xd8,
  0x00, 0xcb, 0xf7, 0x00, 0x02, 0xe7, 0x1f, 0xa1, 0x2c, 0x00, 0x00, 0x00,
  0xfa, 0x38, 0x47, 0x00, 0x00, 0x7f, 0x19, 0x00, 0x00, 0x00, 0x00, 0x50,
  0x00, 0x00, 0x12, 0x43, 0xff, 0x3d, 0xd9, 0xc6, 0x00, 0x00, 0xe4, 0x00,
  0x00, 0x31, 0x00, 0xb6, 0x07, 0xf9, 0x2c, 0xb8, 0x00, 0xa8, 0x00, 0xe5,
  0x00, 0xde, 0x00, 0x00, 0x00, 0x00, 0x00, 0x00, 0x06, 0x0b, 0xf2, 0x00,
  0x00, 0x00, 0x00, 0x0a, 0x02, 0x00, 0x2a, 0x00, 0x00, 0x81, 0x00, 0x3b,
  0x00, 0x12, 0xc2, 0x00, 0x00, 0x2c, 0x00, 0x00, 0x00, 0xf1, 0xee, 0x00,
  0x90, 0x00, 0x00, 0x00, 0x00, 0x31, 0x00, 0xf8, 0x00, 0x00, 0xfe, 0xd6,
  0x00, 0x00, 0x1f, 0x00, 0x00, 0x00, 0x12, 0x2e, 0x9b, 0x00, 0x00, 0x47,
  0x57, 0xc7, 0x2f, 0x00, 0xfc, 0x00, 0x22, 0x00, 0x0e, 0xb2, 0xbe, 0x68,
  0x00, 0x17, 0x00, 0x00, 0x25, 0x00, 0xc1, 0xec, 0x00, 0xfb, 0x00, 0x00,
  0x00, 0xbd, 0x00, 0x00, 0xad, 0xfe, 0x00, 0x11, 0xdb, 0x1f, 0xd1, 0x00,
  0x00, 0xa8, 0x13, 0xc4, 0xd4, 0x1a, 0xf5, 0x55, 0x00, 0x00, 0x00, 0x00,
  0x00, 0x00, 0x00, 0x00, 0x43, 0x00, 0x07, 0xc1, 0x00, 0x00, 0xc9, 0x66,
  0x00, 0x00, 0x00, 0xdb, 0x6d, 0xee, 0xfe, 0x10, 0xec, 0x00, 0x00, 0xbc,
  0x00, 0x00, 0xe0, 0x73, 0xd4, 0x00, 0x00, 0x00, 0x1f, 0x00, 0x00, 0x00,
  0x1d, 0xc8, 0xf4, 0x02, 0xeb, 0x08, 0x00, 0x45, 0xcf, 0x00, 0x00, 0x62,
  0x0d, 0x00, 0x00, 0xfb, 0x12, 0x00, 0x00, 0x0e, 0x0b, 0x00, 0x00, 0x00,
  0xce, 0x01, 0x00, 0x00, 0x00, 0x00, 0x00, 0xf5, 0x22, 0x00, 0xb5, 0xc7,
  0x00, 0x00, 0x00, 0x00, 0x00, 0x15, 0x00, 0x00, 0x00, 0x00, 0x00, 0x00,
  0x00, 0xec, 0x00, 0xd5, 0xf6, 0x0b, 0xfe, 0x00, 0xee, 0x00, 0xf6, 0x00,
  0xe3, 0x00, 0xea, 0xc8, 0x00, 0x00, 0x26, 0x00, 0x00, 0xff, 0x00, 0xed,
  0x00, 0x00, 0x00, 0x00, 0xef, 0x00, 0xaf, 0x00, 0xcb, 0x99, 0x2f, 0x00,
  0x00, 0xe9, 0xf5, 0x00, 0x00, 0xf6, 0x25, 0x00, 0x00, 0x00, 0x3c, 0x02,
  0x00, 0xc9, 0x00, 0x00, 0x00, 0x00, 0x00, 0xbc, 0x00, 0x00, 0x00, 0xdc,
  0xfe, 0xe8, 0xc8, 0x00, 0x23, 0xdc, 0xf6, 0x00, 0xe4, 0x00, 0x00, 0x00,
  0x2b, 0x2d, 0x00, 0xc2, 0x4d, 0x19, 0x08, 0x38, 0xad, 0x70, 0x0e, 0x0d,
  0xe6, 0x00, 0x29, 0x3e, 0x32, 0x00, 0x00, 0x7f, 0x00, 0x10, 0xed, 0x00,
  0xa6, 0x00, 0x00, 0xd5, 0x00, 0x36, 0x00, 0x00, 0x06, 0xdb, 0x13, 0x11,
  0x00, 0x00, 0xf9, 0x00, 0x00, 0xe2, 0x68, 0xdd, 0x35, 0x3f, 0x00, 0xb7,
  0x3d, 0x00, 0x3c, 0xdf, 0x00, 0xe5, 0x00, 0x4f, 0x00, 0x4d, 0x71, 0x00,
  0xbb, 0x05, 0x00, 0x1a, 0x47, 0x0c, 0x00, 0x00, 0x00, 0x00, 0x08, 0x00,
  0xa1, 0x00, 0x00, 0x23, 0xc4, 0x00, 0x00, 0x00, 0xcd, 0x31, 0x00, 0x26,
  0x5c, 0x8a, 0xf0, 0x00, 0x2f, 0x00, 0xc3, 0xd7, 0xb4, 0xfa, 0x00, 0xbb,
  0x26, 0x00, 0x00, 0x00, 0x0c, 0x00, 0x5f, 0x3e, 0xdb, 0x51, 0xcf, 0xcf,
  0x25, 0x00, 0xc5, 0x36, 0x00, 0x45, 0xed, 0xd9, 0xb7, 0xec, 0x08, 0xd7,
  0xbf, 0x00, 0x00, 0xe8, 0x05, 0xe0, 0x15, 0x00, 0xbb, 0x23, 0x5e, 0x00,
  0x44, 0x81, 0x00, 0xc4, 0x00, 0xbd, 0x00, 0x00, 0x00, 0xb6, 0x00, 0xd7,
  0x00, 0x00, 0xea, 0x00, 0x01, 0x00, 0x00, 0x00, 0x00, 0x00, 0x00, 0xad,
  0x00, 0x00, 0xfa, 0x46, 0x00, 0x53, 0x00, 0x00, 0x00, 0xd6, 0x00, 0xe5,
  0x00, 0x00, 0x00, 0x22, 0x00, 0xbf, 0x00, 0x06, 0x00, 0x15, 0x00, 0x4c,
  0x00, 0x00, 0xa2, 0x0a, 0x30, 0x19, 0xd7, 0xe8, 0x35, 0x00, 0x00, 0x0e,
  0x00, 0xa3, 0x00, 0x23, 0x86, 0x13, 0x00, 0x32, 0x1f, 0x18, 0xb7, 0x12,
  0x32, 0x01, 0x00, 0x00, 0x01, 0x00, 0x00, 0x0f, 0x85, 0x00, 0x91, 0x00,
  0x00, 0x4d, 0xc5, 0x00, 0x00, 0x19, 0x00, 0x00, 0xf2, 0x00, 0x17, 0x00,
  0x00, 0x00, 0x00, 0x6d, 0xfd, 0xeb, 0x00, 0x00, 0x00, 0x00, 0x3f, 0x00,
  0xd5, 0x00, 0x00, 0x7f, 0x00, 0x38, 0x00, 0x5c, 0x00, 0x00, 0x00, 0x1c,
  0xd8, 0x20, 0x49, 0x46, 0xeb, 0xb1, 0xec, 0x46, 0x00, 0xc9, 0x00, 0x17,
  0xc7, 0xb9, 0x00, 0xda, 0xc5, 0x00, 0x00, 0x00, 0x00, 0x00, 0xc5, 0x10,
  0x00, 0x00, 0x1a, 0x00, 0xaf, 0xa2, 0x00, 0x00, 0xcc, 0x00, 0x00, 0x00,
  0xd8, 0x00, 0x00, 0x1f, 0x00, 0x00, 0x00, 0x00, 0x00, 0x00, 0xab, 0x00,
  0xaa, 0x12, 0x00, 0x00, 0x00, 0x00, 0x00, 0xe8, 0x00, 0x00, 0x00, 0x0e,
  0xd2, 0xcd, 0x00, 0x00, 0x00, 0xf2, 0xf4, 0x00, 0x0f, 0x00, 0x00, 0x00,
  0xda, 0x8d, 0xff, 0xff, 0x04, 0x00, 0x00, 0x00, 0x60, 0x00, 0x00, 0x00,
  0x48, 0xfe, 0xff, 0xff, 0xa2, 0xf2, 0xff, 0xff, 0xb4, 0x19, 0x00, 0x00,
  0xe3, 0x0a, 0x00, 0x00, 0xeb, 0x05, 0x00, 0x00, 0x32, 0x0c, 0x00, 0x00,
  0x5f, 0xf6, 0xff, 0xff, 0xe7, 0xf7, 0xff, 0xff, 0x70, 0x03, 0x00, 0x00,
  0xb3, 0xf9, 0xff, 0xff, 0xa4, 0x01, 0x00, 0x00, 0xb4, 0xfe, 0xff, 0xff,
  0xfc, 0xfd, 0xff, 0xff, 0x02, 0xfc, 0xff, 0xff, 0x63, 0x04, 0x00, 0x00,
  0xfc, 0x03, 0x00, 0x00, 0xdb, 0x07, 0x00, 0x00, 0xd8, 0x05, 0x00, 0x00,
  0x34, 0xf9, 0xff, 0xff, 0x08, 0x03, 0x00, 0x00, 0xa7, 0x02, 0x00, 0x00,
  0xb3, 0x02, 0x00, 0x00, 0xc8, 0x00, 0x00, 0x00, 0xd6, 0xfb, 0xff, 0xff,
  0x46, 0x8e, 0xff, 0xff, 0x04, 0x00, 0x00, 0x00, 0x50, 0x19, 0x00, 0x00,
  0xf4, 0x25, 0xe8, 0x00, 0x00, 0x00, 0x00, 0x00, 0xc2, 0x11, 0xc2, 0x00,
  0x00, 0xf9, 0x37, 0x00, 0xe3, 0x00, 0x00, 0x1f, 0x09, 0x00, 0xa9, 0x00,
  0x00, 0x00, 0xf4, 0x00, 0x00, 0x3c, 0x00, 0x22, 0x00, 0x00, 0xa7, 0x90,
  0x00, 0xf5, 0x29, 0x00, 0xe4, 0x00, 0x00, 0x00, 0x0e, 0x39, 0x00, 0x37,
  0x00, 0x00, 0x00, 0x00, 0x17, 0x5f, 0x00, 0x00, 0x00, 0x00, 0xf4, 0xd4,
  0xed, 0x00, 0x00, 0xba, 0xd9, 0xc6, 0x00, 0x62, 0x3d, 0x00, 0x18, 0x00,
  0x0d, 0xd3, 0x5d, 0xfb, 0xcc, 0x00, 0x29, 0x00, 0xe8, 0xf8, 0xb0, 0xd9,
  0xe5, 0x00, 0x0d, 0x04, 0x1d, 0xde, 0x00, 0xf8, 0x10, 0x00, 0xf6, 0x07,
  0x00, 0x00, 0x21, 0x00, 0x1a, 0x1d, 0x00, 0x55, 0x00, 0x00, 0x00, 0xaf,
  0x00, 0x00, 0x26, 0x00, 0xe6, 0x00, 0x00, 0xfd, 0x00, 0xfb, 0x0e, 0x00,
  0xfd, 0xe9, 0xfe, 0x00, 0x00, 0x39, 0x00, 0x71, 0x00, 0x00, 0x00, 0x11,
  0x00, 0x00, 0x4a, 0x00, 0xd2, 0x23, 0x30, 0x59, 0x00, 0xba, 0x00, 0xf2,
  0xf3, 0x00, 0x00, 0x00, 0x00, 0x00, 0x00, 0x72, 0x05, 0x00, 0x00, 0xd0,
  0x22, 0x00, 0x07, 0xf7, 0xf9, 0x00, 0x0a, 0x13, 0x00, 0xfe, 0x00, 0xba,
  0x00, 0x04, 0x00, 0x00, 0x00, 0x00, 0xf2, 0x00, 0x00, 0x00, 0x00, 0x00,
  0x00, 0x00, 0x00, 0x00, 0xfe, 0x00, 0x30, 0x3a, 0xe0, 0x07, 0x00, 0xe5,
  0x00, 0xd8, 0x00, 0x00, 0x93, 0xb1, 0x6a, 0x34, 0x00, 0x00, 0x00, 0x00,
  0x0d, 0x3e, 0x57, 0x3e, 0x00, 0x53, 0x3b, 0x7f, 0x00, 0xe3, 0x00, 0xd8,
  0x00, 0x00, 0x00, 0x00, 0xdf, 0x00, 0x00, 0x00, 0xcd, 0xf7, 0x16, 0x35,
  0x00, 0xde, 0x00, 0xe9, 0x00, 0x00, 0x00, 0x00, 0xec, 0xbf, 0x00, 0x00,
  0xc0, 0x00, 0x00, 0x4f, 0x00, 0x44, 0x00, 0x00, 0xff, 0x00, 0x00, 0x00,
  0x00, 0x26, 0x00, 0x00, 0xd0, 0x00, 0x00, 0xa6, 0x13, 0x00, 0x31, 0xa4,
  0x00, 0x2e, 0xd8, 0x00, 0xff, 0x00, 0x00, 0x00, 0x05, 0xff, 0x00, 0xff,
  0x0f, 0x00, 0x56, 0x00, 0x00, 0x2d, 0x00, 0x2a, 0x00, 0x00, 0x00, 0x0b,
  0x35, 0xad, 0xff, 0x00, 0x00, 0x7f, 0x00, 0x00, 0x00, 0x00, 0x00, 0x00,
  0x00, 0x00, 0xb7, 0x29, 0x55, 0x00, 0x00, 0x00, 0xb1, 0x00, 0x00, 0x00,
  0xb7, 0x00, 0x07, 0x00, 0x00, 0x00, 0xcc, 0x00, 0x00, 0x00, 0x00, 0x35,
  0x00, 0x00, 0xb2, 0x00, 0x08, 0xb9, 0xc7, 0x91, 0x00, 0xdd, 0x40, 0xa0,
  0x00, 0x4e, 0x1b, 0x00, 0x00, 0x00, 0x1f, 0x00, 0x00, 0x00, 0xb7, 0x3b,
  0x54, 0x00, 0x40, 0x07, 0x00, 0xb6, 0x00, 0x25, 0x00, 0x29, 0x2b, 0x14,
  0x2d, 0x00, 0xce, 0xd6, 0x00, 0x7e, 0xfd, 0x00, 0xdb, 0xf7, 0x00, 0xa4,
  0x00, 0x00, 0x37, 0x31, 0x1e, 0x16, 0x00, 0x6e, 0x00, 0xe3, 0xfb, 0x00,
  0x00, 0xce, 0x00, 0x00, 0xec, 0x00, 0x00, 0x00, 0xf3, 0xc4, 0x02, 0x00,
  0x54, 0x00, 0x00, 0x23, 0x46, 0x00, 0x00, 0x00, 0x00, 0xc8, 0x00, 0x00,
  0xb4, 0x4c, 0x2b, 0x26, 0xc4, 0x00, 0x00, 0x31, 0x00, 0xea, 0xb6, 0x22,
  0x63, 0x00, 0xf2, 0x00, 0x00, 0xca, 0xd4, 0xe6, 0x53, 0x00, 0x3d, 0x00,
  0x16, 0x00, 0x00, 0x00, 0x02, 0x00, 0x11, 0x00, 0xec, 0x00, 0x23, 0x17,
  0x00, 0x00, 0x00, 0x2b, 0x00, 0x1f, 0x00, 0x00, 0x00, 0x00, 0xbb, 0x00,
  0x01, 0x00, 0x07, 0x44, 0xba, 0x13, 0x23, 0x00, 0xed, 0x00, 0x00, 0x00,
  0x2b, 0x00, 0x35, 0x00, 0x00, 0xfe, 0x00, 0x00, 0x00, 0xfb, 0xb5, 0x2b,
  0xfc, 0x00, 0x00, 0x37, 0xbc, 0x54, 0x20, 0xfc, 0x03, 0xb6, 0x00, 0xff,
  0x33, 0xd5, 0x22, 0x10, 0x00, 0xf4, 0x00, 0x00, 0x00, 0x00, 0x00, 0x22,
  0xec, 0x00, 0xed, 0x00, 0xec, 0x0c, 0x16, 0x00, 0xf1, 0x45, 0xf3, 0x00,
  0x00, 0x00, 0x00, 0x00, 0x00, 0x00, 0x1d, 0x00, 0x00, 0x00, 0x00, 0x25,
  0xc6, 0xe0, 0x00, 0xfa, 0xd9, 0x16, 0x0a, 0x18, 0x00, 0x00, 0x00, 0xfe,
  0x00, 0xcd, 0x00, 0x0f, 0x00, 0x08, 0x0a, 0x00, 0x00, 0x00, 0xd7, 0x0c,
  0x00, 0x00, 0xec, 0x24, 0xb6, 0x00, 0x00, 0x00, 0x00, 0xbe, 0x00, 0x00,
  0x00, 0xea, 0x00, 0x00, 0xe6, 0x02, 0xea, 0x00, 0x2b, 0xec, 0xc6, 0x2b,
  0xfa, 0x00, 0x00, 0x00, 0x00, 0x00, 0x00, 0x40, 0xdd, 0x00, 0xd8, 0xd8,
  0x00, 0x00, 0x00, 0xfc, 0x1e, 0x00, 0x01, 0x00, 0x00, 0x00, 0x03, 0x00,
  0x00, 0x00, 0x00, 0xef, 0xfb, 0x00, 0x1a, 0x2e, 0xc5, 0xd0, 0x00, 0xde,
  0xd0, 0xe3, 0x00, 0xf0, 0x00, 0x12, 0x00, 0x00, 0xf2, 0x00, 0x00, 0x00,
  0x00, 0xd5, 0x00, 0x00, 0x00, 0x0f, 0xfc, 0x26, 0x00, 0x00, 0x7f, 0x00,
  0xb6, 0xd2, 0xf4, 0x00, 0xf5, 0x00, 0xfc, 0xd1, 0x00, 0xda, 0xff, 0xfb,
  0x16, 0x32, 0xbb, 0x31, 0x43, 0xc9, 0x81, 0xe5, 0x44, 0x06, 0x35, 0x00,
  0xea, 0x00, 0x00, 0x05, 0x00, 0x00, 0x88, 0x00, 0x10, 0x30, 0x00, 0xf3,
  0x1d, 0x00, 0xb7, 0x00, 0xee, 0xed, 0x00, 0x00, 0x59, 0xbc, 0xb1, 0xa8,
  0x00, 0x00, 0x24, 0x00, 0x00, 0x09, 0xd8, 0x36, 0xf2, 0x00, 0xcd, 0x00,
  0x26, 0xb5, 0x00, 0x00, 0x00, 0x00, 0xf8, 0x00, 0x00, 0x00, 0x00, 0xe3,
  0x00, 0x06, 0x00, 0x19, 0xe8, 0xd5, 0x17, 0x00, 0xe8, 0xd4, 0xc9, 0x00,
  0x00, 0x00, 0x91, 0x00, 0x00, 0xcb, 0x00, 0x00, 0x7f, 0x17, 0x00, 0x56,
  0x15, 0x00, 0x00, 0x00, 0x0b, 0xc6, 0xf3, 0x18, 0x00, 0xe5, 0x00, 0x8d,
  0x00, 0x28, 0x00, 0x2e, 0xd6, 0xb9, 0x00, 0x03, 0x37, 0xfb, 0xe7, 0x00,
  0xb7, 0x37, 0x00, 0x04, 0x00, 0x00, 0x00, 0x00, 0x00, 0x00, 0x00, 0x00,
  0xfe, 0xb2, 0x11, 0x02, 0x00, 0x0d, 0x00, 0x00, 0x00, 0x10, 0x03, 0x00,
  0x00, 0x00, 0xde, 0x1c, 0x00, 0x00, 0x1c, 0x1d, 0x00, 0x00, 0x00, 0x00,
  0x1a, 0x34, 0xd9, 0x13, 0xd6, 0xd7, 0x00, 0xc8, 0x00, 0x00, 0x03, 0x03,
  0x09, 0x0b, 0x00, 0x00, 0x00, 0x00, 0x00, 0x00, 0x00, 0x17, 0xd3, 0xfb,
  0x01, 0x00, 0x00, 0xff, 0x00, 0xc0, 0x00, 0x00, 0xee, 0x00, 0xe0, 0xb4,
  0xe0, 0xec, 0x00, 0x10, 0x32, 0x23, 0x00, 0x00, 0x00, 0xcf, 0x00, 0x00,
  0x00, 0x00, 0x00, 0xfb, 0x00, 0x00, 0x00, 0x13, 0x00, 0x00, 0x12, 0x00,
  0x00, 0x17, 0x18, 0x00, 0x00, 0x00, 0x30, 0x0a, 0xda, 0xff, 0x09, 0x07,
  0x00, 0x00, 0x00, 0x44, 0x06, 0x03, 0x06, 0xdb, 0x1f, 0x00, 0xd6, 0xe1,
  0xe2, 0x00, 0x00, 0xb6, 0x00, 0x00, 0xa5, 0x3b, 0x00, 0x00, 0x00, 0xf7,
  0x00, 0x00, 0xe2, 0x00, 0x00, 0xf8, 0x00, 0x00, 0x00, 0x00, 0xda, 0x00,
  0xeb, 0xfe, 0x00, 0x00, 0x38, 0xe4, 0x53, 0x00, 0xe5, 0x00, 0x00, 0x00,
  0x33, 0x00, 0x05, 0x00, 0x30, 0x00, 0x00, 0x00, 0xf5, 0x0b, 0x00, 0x00,
  0x00, 0x0f, 0x00, 0x00, 0x2f, 0x00, 0x00, 0x06, 0xd3, 0x00, 0x0b, 0x00,
  0x31, 0x00, 0x00, 0x00, 0xf6, 0x1a, 0xc7, 0x00, 0x00, 0x0b, 0x02, 0xb8,
  0xcb, 0xbf, 0xc3, 0x00, 0x00, 0x2f, 0x2d, 0x00, 0x00, 0x00, 0xdf, 0x09,
  0x00, 0xfb, 0x00, 0x00, 0xe2, 0x10, 0x00, 0x00, 0x00, 0x00, 0xb2, 0xad,
  0xa7, 0x94, 0xbb, 0x00, 0x00, 0xce, 0xe1, 0xd2, 0x00, 0xd2, 0xbd, 0x00,
  0x0b, 0x00, 0x00, 0x0f, 0xf4, 0x00, 0xfd, 0x00, 0xed, 0x05, 0x00, 0x0c,
  0xf8, 0xd4, 0x00, 0x00, 0x00, 0x00, 0x00, 0x00, 0xcc, 0xe1, 0x00, 0x00,
  0x00, 0x00, 0x2c, 0x00, 0x00, 0x00, 0x00, 0x00, 0x18, 0x00, 0x00, 0x00,
  0x69, 0x00, 0x0e, 0x00, 0x13, 0xf1, 0x7f, 0x30, 0xe6, 0x00, 0xec, 0x00,
  0x04, 0x00, 0x00, 0x00, 0xf0, 0x1b, 0x00, 0xd6, 0x1b, 0x00, 0x00, 0xff,
  0xf8, 0xd7, 0x00, 0x00, 0x18, 0x00, 0x00, 0x00, 0x00, 0x00, 0xb6, 0x33,
  0x00, 0xd3, 0x27, 0x12, 0x00, 0x00, 0xbd, 0x00, 0xb3, 0xae, 0x00, 0x00,
  0xaf, 0xd2, 0xce, 0x1f, 0x00, 0xea, 0x1f, 0x00, 0x10, 0x92, 0x00, 0x00,
  0x00, 0x00, 0x00, 0x50, 0x00, 0x27, 0x27, 0x00, 0x00, 0xf5, 0xc5, 0x1f,
  0x00, 0xfe, 0x2c, 0x00, 0x2f, 0x00, 0xeb, 0x00, 0x00, 0x22, 0x00, 0xce,
  0x00, 0xfd, 0x26, 0xe1, 0x00, 0x00, 0x00, 0x42, 0x00, 0x00, 0xf3, 0x00,
  0x00, 0x00, 0x00, 0x00, 0x00, 0x00, 0x00, 0x28, 0xd5, 0x12, 0x00, 0x2b,
  0x00, 0xec, 0x18, 0xad, 0x00, 0x00, 0x00, 0x4d, 0x00, 0x00, 0xde, 0x00,
  0x00, 0x00, 0x01, 0x00, 0x00, 0x00, 0xe2, 0xfb, 0x00, 0x00, 0xbf, 0x00,
  0x00, 0xeb, 0x12, 0x00, 0xb1, 0x42, 0x01, 0x02, 0x00, 0x9b, 0xab, 0x00,
  0x50, 0x00, 0x24, 0xa5, 0x2d, 0xdd, 0x00, 0xff, 0x21, 0x00, 0xd3, 0x00,
  0x00, 0x00, 0x00, 0x00, 0x17, 0x16, 0xe9, 0x00, 0x23, 0x81, 0x9a, 0x16,
  0x42, 0xdd, 0x3f, 0xa7, 0x68, 0xe9, 0x03, 0x00, 0x00, 0x15, 0x00, 0x00,
  0x00, 0xd3, 0x00, 0xef, 0x25, 0x00, 0x00, 0x2e, 0x00, 0xba, 0xbd, 0x38,
  0x00, 0x00, 0x1f, 0x00, 0x00, 0xd7, 0x00, 0x00, 0x00, 0x0a, 0x00, 0x53,
  0x00, 0x00, 0x00, 0x56, 0xa8, 0x00, 0x02, 0x00, 0x04, 0xf6, 0xdd, 0x00,
  0x00, 0x00, 0x00, 0x00, 0x00, 0x00, 0x12, 0x00, 0x39, 0xff, 0x00, 0xf2,
  0x1a, 0x00, 0x00, 0x42, 0x00, 0x41, 0xfa, 0x00, 0x34, 0xb8, 0xb3, 0x1a,
  0x00, 0x00, 0x31, 0xe3, 0x00, 0xf8, 0x0b, 0x00, 0x25, 0x00, 0x00, 0x00,
  0x00, 0xdb, 0xf8, 0x00, 0x00, 0xda, 0x00, 0x04, 0x24, 0xa3, 0xc9, 0x26,
  0x00, 0x00, 0x16, 0x00, 0x00, 0xe5, 0x00, 0x00, 0x00, 0x00, 0x00, 0x00,
  0x5f, 0x00, 0x00, 0x00, 0x48, 0x00, 0x77, 0x00, 0x34, 0x00, 0x00, 0x00,
  0x08, 0x23, 0x00, 0x00, 0x2b, 0x00, 0x00, 0x00, 0x00, 0x00, 0x00, 0x00,
  0x00, 0x1d, 0x00, 0x2e, 0x72, 0x33, 0xe9, 0x00, 0x00, 0x00, 0xd6, 0x00,
  0xef, 0x00, 0xe7, 0xb3, 0x00, 0x00, 0x00, 0x00, 0xf5, 0xc9, 0x56, 0x00,
  0x0c, 0x00, 0x47, 0xfd, 0xbc, 0x00, 0xdb, 0xdc, 0x00, 0x00, 0x00, 0xaa,
  0x00, 0x00, 0x00, 0x00, 0x0b, 0xee, 0x00, 0x00, 0x00, 0xfb, 0x00, 0x00,
  0x00, 0x00, 0x00, 0x38, 0x00, 0xfc, 0x00, 0x18, 0x00, 0x00, 0x29, 0x00,
  0x00, 0x00, 0xf7, 0xca, 0x00, 0x00, 0x00, 0x00, 0x00, 0xb6, 0x11, 0x07,
  0xeb, 0xef, 0x00, 0x00, 0x00, 0x49, 0xd5, 0xd6, 0x00, 0x0d, 0x00, 0xc2,
  0x81, 0x00, 0xb4, 0x00, 0xf0, 0xb3, 0x00, 0x00, 0xd7, 0xca, 0x00, 0x18,
  0x0d, 0x00, 0x1d, 0x31, 0x00, 0x00, 0x00, 0xe6, 0x00, 0xd4, 0x00, 0x00,
  0x00, 0xba, 0x00, 0x00, 0x00, 0x2f, 0x00, 0x00, 0x00, 0x2b, 0x00, 0xe2,
  0xd4, 0x01, 0x00, 0x00, 0x00, 0x16, 0x00, 0xdc, 0x00, 0xd9, 0x00, 0xb6,
  0x00, 0xd9, 0xd1, 0x32, 0xe8, 0xbd, 0x4b, 0x00, 0xeb, 0x00, 0x00, 0x37,
  0x00, 0xe1, 0x00, 0x00, 0x91, 0x00, 0x00, 0x00, 0x00, 0x00, 0x00, 0x00,
  0xec, 0xdb, 0x00, 0x09, 0x00, 0x00, 0x00, 0x00, 0xd7, 0x00, 0xcf, 0x00,
  0x4e, 0x00, 0x1a, 0xe9, 0xd6, 0xfa, 0x00, 0x00, 0x00, 0x00, 0x29, 0x4a,
  0x6c, 0xf8, 0x16, 0x4d, 0x00, 0x00, 0x00, 0x00, 0x00, 0x0d, 0x04, 0x00,
  0x00, 0xe7, 0x06, 0x00, 0x00, 0xfc, 0x00, 0x18, 0x00, 0x00, 0x3f, 0x00,
  0x00, 0xfc, 0x00, 0x00, 0x00, 0xf5, 0x00, 0x00, 0x00, 0x00, 0x11, 0xd0,
  0x00, 0x00, 0xfd, 0x00, 0x38, 0x00, 0xda, 0x00, 0x00, 0xe3, 0x01, 0xec,
  0x00, 0xab, 0x23, 0x00, 0x0c, 0xfe, 0xd0, 0xff, 0xd7, 0x22, 0xdb, 0xf5,
  0x00, 0xf2, 0x00, 0x02, 0xf4, 0x00, 0x0a, 0xf9, 0x00, 0xed, 0x00, 0xff,
  0x2f, 0xcf, 0x00, 0x00, 0x00, 0xed, 0x00, 0x15, 0x00, 0x00, 0x00, 0x00,
  0x0a, 0x00, 0xbe, 0xdd, 0x0c, 0x00, 0x00, 0x00, 0x10, 0x09, 0x1e, 0x00,
  0xf1, 0xec, 0xf7, 0x00, 0x00, 0x00, 0x00, 0x00, 0x00, 0x00, 0x2d, 0xed,
  0x18, 0x29, 0x00, 0x00, 0x31, 0x00, 0x00, 0xee, 0x7f, 0x00, 0x38, 0x00,
  0x2b, 0xf8, 0x00, 0xd2, 0x00, 0x00, 0xc7, 0x38, 0x00, 0x4b, 0x00, 0xa7,
  0x24, 0x00, 0x00, 0x00, 0x00, 0x06, 0x00, 0x21, 0x00, 0xec, 0x00, 0xe0,
  0x10, 0x1b, 0x00, 0xed, 0x13, 0x00, 0x1e, 0x00, 0xea, 0x00, 0x00, 0x00,
  0x05, 0xea, 0x00, 0x19, 0xe2, 0x00, 0x00, 0x2e, 0x08, 0x00, 0x00, 0x0e,
  0x00, 0x1c, 0x00, 0xfb, 0x00, 0x08, 0x00, 0x00, 0x00, 0xf0, 0x00, 0xf1,
  0xfc, 0xf4, 0xb7, 0x00, 0x00, 0xbe, 0xd4, 0x0b, 0x34, 0x08, 0x00, 0x0f,
  0x1a, 0x00, 0x10, 0x00, 0xf1, 0xe9, 0xe8, 0x00, 0x00, 0x1a, 0x00, 0xc5,
  0x1e, 0x0a, 0xdd, 0xfc, 0x00, 0xf0, 0xe7, 0x00, 0x3f, 0x00, 0x00, 0x00,
  0x00, 0x00, 0x00, 0x00, 0x00, 0xf4, 0xfa, 0xfb, 0x00, 0x00, 0x10, 0xb4,
  0x00, 0x00, 0x00, 0x00, 0x0d, 0x00, 0xdd, 0x1b, 0xd8, 0x00, 0x0e, 0xc0,
  0x00, 0x00, 0xd9, 0xff, 0x00, 0x00, 0x00, 0x00, 0x00, 0x00, 0x00, 0x00,
  0xb2, 0x00, 0x00, 0x00, 0x03, 0xbb, 0xcf, 0x00, 0x20, 0x00, 0x00, 0xf1,
  0x1a, 0x00, 0x00, 0x26, 0x00, 0xe1, 0x1b, 0x1f, 0xec, 0xf3, 0x00, 0x00,
  0x15, 0x00, 0xba, 0x00, 0x00, 0x00, 0xc7, 0x2b, 0x5a, 0x00, 0x48, 0x00,
  0x00, 0x08, 0x00, 0x00, 0x81, 0xde, 0x2d, 0x00, 0x00, 0x1c, 0x00, 0x00,
  0xb1, 0x00, 0xca, 0x00, 0xf2, 0xed, 0x00, 0x1a, 0xe6, 0x00, 0x00, 0x00,
  0x00, 0x2b, 0x0a, 0x01, 0x12, 0x00, 0x0e, 0x0d, 0xf7, 0x00, 0x2a, 0x00,
  0x00, 0x08, 0x00, 0x00, 0x00, 0x00, 0xf9, 0x00, 0x00, 0xf0, 0x00, 0x00,
  0xfe, 0x46, 0x00, 0x00, 0xff, 0x00, 0x00, 0xf1, 0x00, 0xf2, 0x00, 0x18,
  0x00, 0x00, 0x00, 0x00, 0xef, 0x9f, 0xe6, 0x30, 0x02, 0xfc, 0x4b, 0xfc,
  0x15, 0x29, 0x00, 0xfb, 0x00, 0x01, 0xd6, 0x00, 0x03, 0x00, 0xbc, 0x00,
  0x00, 0x00, 0x00, 0x00, 0x00, 0xaf, 0x00, 0xd5, 0x0b, 0x00, 0x00, 0x00,
  0x08, 0x11, 0x18, 0x00, 0x00, 0x00, 0x00, 0xf0, 0xc9, 0x29, 0x0d, 0x00,
  0x00, 0x37, 0xc2, 0x00, 0x00, 0xa1, 0x00, 0xef, 0x00, 0x00, 0x00, 0x33,
  0x00, 0x00, 0x3a, 0xe9, 0xfb, 0x00, 0x00, 0x00, 0x00, 0x0d, 0x00, 0x18,
  0x00, 0x48, 0xb4, 0x00, 0x00, 0x00, 0x35, 0x00, 0x00, 0x00, 0x00, 0xfc,
  0x0e, 0x2d, 0x42, 0x29, 0x00, 0x58, 0xc9, 0x00, 0xcf, 0x00, 0xd9, 0x1c,
  0xd9, 0x00, 0x00, 0xf6, 0xdb, 0xd4, 0xff, 0xee, 0xf7, 0x00, 0x28, 0xd1,
  0x22, 0x00, 0x05, 0x00, 0x0b, 0x16, 0xe4, 0x00, 0x00, 0x7f, 0x00, 0x00,
  0x00, 0x00, 0xc9, 0xca, 0x18, 0xd3, 0x00, 0x23, 0x00, 0xdc, 0xda, 0x00,
  0x04, 0x00, 0x22, 0x00, 0x3b, 0x31, 0xef, 0x51, 0xbd, 0x00, 0xdd, 0xde,
  0x1d, 0x00, 0x00, 0x00, 0x37, 0xd2, 0x23, 0x00, 0x00, 0x00, 0x00, 0x00,
  0x00, 0x30, 0x00, 0xdc, 0x00, 0xd3, 0x00, 0x00, 0x00, 0x09, 0x19, 0x00,
  0x20, 0x43, 0x00, 0xcc, 0x00, 0x8b, 0x00, 0xd9, 0x00, 0x00, 0xe6, 0x55,
  0x00, 0x23, 0x5e, 0xd3, 0x00, 0x21, 0xe3, 0x00, 0xef, 0x34, 0x22, 0x00,
  0x55, 0xc2, 0x00, 0x00, 0x00, 0xd7, 0x1d, 0x00, 0x00, 0x00, 0x0d, 0x00,
  0x00, 0x45, 0xee, 0x00, 0x3e, 0x00, 0x2d, 0xd5, 0x00, 0xe1, 0x00, 0x00,
  0x16, 0x00, 0x23, 0x00, 0x00, 0xf8, 0x00, 0x06, 0xdd, 0xda, 0x00, 0xec,
  0xf1, 0xc9, 0x00, 0x00, 0x00, 0xc7, 0x00, 0x00, 0xe6, 0x00, 0x5f, 0xe3,
  0x00, 0x00, 0x00, 0xc1, 0x00, 0x00, 0x00, 0x00, 0x00, 0x00, 0x00, 0x19,
  0x00, 0x00, 0x05, 0x00, 0x00, 0x12, 0x07, 0xfe, 0xc7, 0x00, 0x00, 0x00,
  0x00, 0xb4, 0x00, 0xf5, 0x1a, 0x1e, 0x00, 0xec, 0xc2, 0xcd, 0x00, 0x00,
  0x00, 0xb8, 0x00, 0x23, 0x25, 0xe2, 0x00, 0x00, 0xca, 0x00, 0x4c, 0x00,
  0xd6, 0x00, 0x00, 0x00, 0x00, 0x00, 0xe3, 0x00, 0x00, 0xf1, 0x00, 0x00,
  0x00, 0xcf, 0x00, 0x00, 0x13, 0x00, 0x00, 0x00, 0x00, 0x0c, 0x00, 0x00,
  0x00, 0x00, 0xb9, 0x00, 0x00, 0x00, 0x29, 0xd6, 0x00, 0xd4, 0xdc, 0x00,
  0xa6, 0x00, 0xf6, 0x81, 0xdf, 0x00, 0x00, 0x00, 0xe6, 0xbe, 0x00, 0x00,
  0x05, 0x00, 0x00, 0x00, 0x00, 0x00, 0x00, 0xd2, 0x00, 0x00, 0xab, 0x8a,
  0xb8, 0x00, 0x00, 0xbb, 0x00, 0xa1, 0x00, 0xb2, 0x00, 0xc9, 0x00, 0xd1,
  0x18, 0x00, 0x98, 0x00, 0x1f, 0x00, 0x00, 0x00, 0xf6, 0x00, 0x00, 0x94,
  0xe2, 0x00, 0x00, 0xf1, 0x2b, 0x00, 0xff, 0x92, 0x00, 0x00, 0xee, 0xa7,
  0x24, 0xf5, 0x29, 0xab, 0x00, 0x00, 0x00, 0x00, 0x00, 0xd2, 0xf7, 0x00,
  0xbc, 0x00, 0x9d, 0xaf, 0x20, 0x00, 0x00, 0x93, 0xad, 0x00, 0xfe, 0xfd,
  0x04, 0xda, 0x00, 0x00, 0x1e, 0x3b, 0x9d, 0x00, 0x00, 0x00, 0xa5, 0x9f,
  0x00, 0xbb, 0x00, 0x00, 0x30, 0x97, 0x00, 0x00, 0xf3, 0x00, 0x00, 0xa3,
  0x00, 0xfb, 0x00, 0xaa, 0x00, 0x00, 0x00, 0xd7, 0x00, 0xe6, 0xc1, 0x05,
  0x29, 0x00, 0x00, 0x00, 0x00, 0x00, 0x00, 0xce, 0x00, 0x00, 0xe1, 0x00,
  0x00, 0xd4, 0x00, 0xf9, 0x00, 0x00, 0x00, 0x00, 0xe2, 0x00, 0x15, 0xd7,
  0x00, 0x00, 0x00, 0x39, 0x00, 0x04, 0x0a, 0xdd, 0x00, 0x00, 0x00, 0xdd,
  0x3b, 0x15, 0x00, 0x06, 0x00, 0x25, 0x00, 0xe9, 0x02, 0x00, 0xd5, 0xaa,
  0x0e, 0xd5, 0x21, 0x05, 0x00, 0xff, 0x00, 0x00, 0x00, 0x36, 0x00, 0xd8,
  0x00, 0x00, 0xd2, 0xbe, 0xeb, 0x00, 0x00, 0x00, 0x00, 0xbf, 0xc5, 0xb0,
  0x00, 0x00, 0xde, 0x00, 0x00, 0xcd, 0x00, 0xbd, 0xb7, 0x88, 0xb7, 0x00,
  0x00, 0x22, 0x00, 0x2a, 0xe7, 0x00, 0x00, 0xf5, 0x00, 0x00, 0x00, 0xb1,
  0x00, 0xe1, 0x92, 0x00, 0x00, 0x00, 0xc6, 0x21, 0x00, 0x00, 0x00, 0x00,
  0xda, 0xe4, 0x37, 0x00, 0x00, 0x0c, 0x00, 0x00, 0x00, 0xc1, 0xf9, 0xc7,
  0x00, 0xd1, 0x00, 0xbc, 0x00, 0xc9, 0xf2, 0x2d, 0x00, 0x21, 0xf4, 0xd8,
  0xc4, 0x00, 0x00, 0x00, 0xfe, 0x00, 0x00, 0x09, 0x00, 0x00, 0x35, 0x00,
  0x00, 0x00, 0x27, 0x00, 0xe4, 0x00, 0x14, 0x0f, 0xe5, 0x00, 0x00, 0xff,
  0x00, 0x33, 0x0c, 0x00, 0xe3, 0x00, 0x81, 0x00, 0x00, 0x00, 0xc0, 0xae,
  0xd8, 0xbb, 0x00, 0x82, 0xf2, 0xd6, 0x00, 0x00, 0x00, 0x00, 0x00, 0xc1,
  0xe8, 0x00, 0x00, 0x00, 0x02, 0x00, 0x00, 0x03, 0x00, 0x00, 0xf2, 0x00,
  0xda, 0xc6, 0xdb, 0x00, 0x09, 0xc3, 0x00, 0xda, 0x00, 0x0a, 0x00, 0xe2,
  0xf1, 0x00, 0x20, 0x00, 0x18, 0x00, 0x00, 0xf5, 0x12, 0x18, 0x0a, 0x03,
  0x01, 0x20, 0x05, 0x00, 0x00, 0xc6, 0x00, 0x00, 0x00, 0x00, 0x0b, 0x02,
  0xfb, 0x00, 0x00, 0x00, 0xe1, 0x00, 0xc9, 0xe2, 0xfb, 0x00, 0xdb, 0x00,
  0x12, 0xef, 0xd1, 0x00, 0x00, 0x00, 0x00, 0x00, 0x00, 0x00, 0x00, 0xea,
  0x12, 0x00, 0x2e, 0x00, 0x00, 0x00, 0x00, 0x00, 0x1e, 0x00, 0x00, 0x00,
  0x39, 0xf8, 0x00, 0xc5, 0xd1, 0x01, 0x00, 0x00, 0x00, 0x4c, 0x00, 0xfc,
  0xf4, 0x0e, 0x00, 0xee, 0x0c, 0xbc, 0x00, 0x00, 0x00, 0x1c, 0x00, 0x04,
  0x44, 0xfa, 0x1a, 0xcb, 0xd1, 0x00, 0x00, 0x05, 0x08, 0x00, 0x00, 0x00,
  0xfc, 0x00, 0x00, 0xd5, 0x22, 0x34, 0x00, 0xe2, 0xf0, 0x00, 0xc6, 0xf8,
  0x00, 0xc0, 0x00, 0x00, 0x00, 0x00, 0x22, 0x00, 0x00, 0x00, 0x00, 0x0a,
  0x47, 0xd5, 0x00, 0x22, 0x00, 0x24, 0xe9, 0x00, 0xe4, 0x00, 0x00, 0x23,
  0x00, 0xce, 0x23, 0xd4, 0x00, 0x00, 0x68, 0x00, 0xaf, 0x20, 0xc2, 0x1e,
  0x00, 0xed, 0xc0, 0x00, 0x00, 0x00, 0x16, 0x00, 0x00, 0xd8, 0x12, 0x24,
  0x00, 0xf2, 0x0d, 0xee, 0x00, 0xe7, 0x00, 0x14, 0x00, 0x00, 0xff, 0x00,
  0x00, 0x00, 0xd0, 0xe3, 0x29, 0x00, 0xc7, 0x00, 0xc3, 0x00, 0x1e, 0x00,
  0x00, 0x00, 0x00, 0x34, 0x00, 0x00, 0x35, 0x00, 0x00, 0x00, 0x00, 0x00,
  0xeb, 0x00, 0xbe, 0x00, 0xc6, 0xc0, 0x00, 0xcc, 0x00, 0xf6, 0x00, 0x00,
  0x43, 0x00, 0x18, 0x00, 0x00, 0x28, 0x00, 0x0a, 0x00, 0xbf, 0xf7, 0x00,
  0x17, 0xea, 0xdd, 0x00, 0xba, 0xfd, 0x00, 0x00, 0x00, 0xc8, 0x00, 0x00,
  0x00, 0x10, 0x00, 0xfd, 0xe9, 0xe7, 0x00, 0x02, 0x10, 0x00, 0x02, 0x00,
  0x00, 0x00, 0xcb, 0x31, 0x00, 0x00, 0x00, 0x00, 0xeb, 0xd9, 0xf8, 0x08,
  0x06, 0xc9, 0x16, 0x10, 0x33, 0x00, 0x12, 0x00, 0x00, 0x02, 0xf0, 0x00,
  0x0d, 0xd8, 0xbb, 0x00, 0x00, 0xa1, 0x00, 0x00, 0x22, 0xd2, 0x47, 0x00,
  0x58, 0x38, 0x43, 0x7f, 0x00, 0x44, 0x21, 0x00, 0x0f, 0x12, 0xe5, 0x16,
  0x00, 0x00, 0x00, 0x10, 0xa9, 0x00, 0x00, 0xab, 0xe2, 0xe7, 0x00, 0xf4,
  0x00, 0x3c, 0x00, 0x00, 0x00, 0x00, 0x00, 0x00, 0x00, 0xb1, 0x00, 0x00,
  0x18, 0x00, 0x81, 0xbd, 0x00, 0x00, 0xd5, 0x00, 0x00, 0xeb, 0x00, 0x36,
  0x00, 0xe4, 0x00, 0x00, 0x0d, 0x00, 0x00, 0xed, 0x23, 0x1c, 0x63, 0x00,
  0x3d, 0x68, 0x00, 0xfd, 0x00, 0x00, 0xa7, 0x00, 0x6a, 0x3d, 0x00, 0x00,
  0x23, 0x00, 0x00, 0xae, 0xe2, 0xef, 0x00, 0x31, 0x32, 0xfd, 0x1d, 0x00,
  0x00, 0x24, 0xbc, 0x47, 0x00, 0x00, 0x00, 0x00, 0x00, 0xd2, 0xf6, 0x00,
  0x00, 0x00, 0xc3, 0x0e, 0x20, 0x00, 0x00, 0x00, 0x00, 0x22, 0x00, 0xaf,
  0x00, 0x00, 0x10, 0x1e, 0x09, 0x1b, 0x00, 0x00, 0x00, 0xaf, 0x00, 0x19,
  0x00, 0xef, 0x00, 0x10, 0x00, 0x8f, 0x58, 0x23, 0x2a, 0x00, 0x00, 0x00,
  0x49, 0x00, 0x00, 0x03, 0x00, 0xed, 0x00, 0x04, 0xd2, 0x00, 0x00, 0x00,
  0x00, 0xa5, 0x00, 0xca, 0x00, 0x00, 0x46, 0x3f, 0xbf, 0x00, 0x00, 0xec,
  0xcd, 0x00, 0xe4, 0x00, 0x00, 0x00, 0x00, 0x00, 0x00, 0x00, 0x27, 0x00,
  0x00, 0x00, 0x57, 0x00, 0x74, 0x57, 0x00, 0xd3, 0x00, 0x48, 0x00, 0x00,
  0x09, 0xb8, 0x00, 0x00, 0x00, 0x00, 0x00, 0x00, 0x00, 0x00, 0x00, 0xdf,
  0x00, 0x00, 0x00, 0x1e, 0x00, 0x00, 0x25, 0x37, 0x2e, 0x26, 0x00, 0x15,
  0x2f, 0xc7, 0x00, 0x00, 0x00, 0xf3, 0x4c, 0x00, 0xd4, 0x00, 0x00, 0x00,
  0x28, 0x00, 0x00, 0x11, 0x1f, 0x3d, 0x50, 0x00, 0x00, 0x00, 0xb5, 0xfd,
  0x00, 0xc3, 0x00, 0xe5, 0xfc, 0x00, 0x33, 0xf4, 0x00, 0x00, 0x0a, 0x00,
  0x00, 0xe7, 0x16, 0x00, 0x00, 0x38, 0x00, 0x00, 0x00, 0x00, 0xfb, 0x00,
  0xcc, 0xbb, 0x09, 0x00, 0xfb, 0x00, 0x00, 0x00, 0x00, 0x00, 0x27, 0x00,
  0x4f, 0x00, 0xee, 0x1a, 0x00, 0x00, 0x00, 0x0c, 0xa9, 0xfe, 0x00, 0x00,
  0xd9, 0x20, 0x00, 0x00, 0x00, 0x00, 0x00, 0x00, 0xf3, 0x00, 0x17, 0x00,
  0x00, 0x00, 0x00, 0x00, 0xc9, 0x16, 0x00, 0xcf, 0xe7, 0x5b, 0x22, 0xe1,
  0xd4, 0x6b, 0x40, 0x00, 0x00, 0xe2, 0x01, 0x00, 0x00, 0x11, 0x00, 0xf4,
  0xec, 0xb8, 0xa5, 0xce, 0xb5, 0x00, 0x8a, 0xf8, 0xbf, 0xee, 0x06, 0x00,
  0x13, 0x87, 0xbf, 0x00, 0x00, 0x00, 0x00, 0xed, 0x00, 0x17, 0x07, 0x48,
  0x4f, 0x00, 0x7f, 0x00, 0x5b, 0x0a, 0x29, 0x00, 0x00, 0x37, 0x00, 0x0b,
  0x1c, 0xc6, 0xf9, 0xcf, 0x00, 0xad, 0x00, 0x00, 0x00, 0xfd, 0x18, 0x00,
  0x64, 0x00, 0xe2, 0x00, 0x00, 0x00, 0x4c, 0x00, 0xae, 0x00, 0x08, 0x00,
  0x00, 0x10, 0x00, 0x00, 0x00, 0x00, 0xa0, 0xf5, 0xda, 0x40, 0x07, 0x00,
  0x00, 0x00, 0xc5, 0xbb, 0xb6, 0x00, 0xd2, 0x00, 0x00, 0x00, 0x00, 0x99,
  0x00, 0x00, 0x00, 0x00, 0x03, 0x00, 0x52, 0xd6, 0x00, 0x00, 0xd7, 0xc0,
  0x00, 0x00, 0x76, 0x00, 0x56, 0x00, 0x00, 0x00, 0x3c, 0xea, 0x00, 0xe2,
  0x1a, 0xbe, 0x92, 0x00, 0x00, 0x00, 0x3f, 0x2c, 0xe1, 0xed, 0xce, 0x00,
  0x53, 0x02, 0x58, 0x41, 0x00, 0x00, 0xfd, 0x0a, 0x00, 0x23, 0x00, 0x00,
  0x00, 0x00, 0x05, 0xcc, 0x09, 0x00, 0xe9, 0x00, 0xda, 0x00, 0x00, 0xf4,
  0x00, 0xf8, 0x0f, 0x00, 0x27, 0xec, 0x00, 0x00, 0xe4, 0x00, 0x00, 0x00,
  0x00, 0xb6, 0xcd, 0x00, 0x00, 0x33, 0x00, 0x04, 0x00, 0xf7, 0x09, 0xc5,
  0xee, 0x00, 0x00, 0xfb, 0x1c, 0x00, 0x26, 0x00, 0x00, 0xfb, 0x2e, 0x05,
  0x14, 0x12, 0x00, 0x00, 0xcc, 0x09, 0x00, 0xea, 0x06, 0x01, 0x00, 0x63,
  0x0c, 0xdf, 0xfe, 0x00, 0x00, 0xd1, 0xd6, 0x00, 0x00, 0x00, 0x1a, 0x00,
  0x00, 0x7f, 0x00, 0x41, 0xdf, 0x9b, 0x00, 0x00, 0x7a, 0x2c, 0x0a, 0x0b,
  0x2d, 0x49, 0x0e, 0x00, 0x00, 0x00, 0x00, 0x50, 0x23, 0x00, 0x00, 0xa6,
  0xe1, 0xc2, 0x00, 0x18, 0x00, 0x00, 0xe4, 0x1b, 0x00, 0x00, 0x00, 0x00,
  0x00, 0x00, 0x03, 0xf5, 0x00, 0x00, 0x07, 0x0c, 0xed, 0x00, 0x00, 0x16,
  0xe5, 0x00, 0x00, 0xdf, 0xfa, 0xdb, 0x17, 0x00, 0xe2, 0xc0, 0x00, 0x00,
  0x28, 0x00, 0x20, 0x00, 0x1b, 0xe2, 0x00, 0x00, 0xe4, 0x00, 0xda, 0x00,
  0x09, 0x00, 0x05, 0x00, 0x00, 0x00, 0x00, 0x00, 0x1d, 0xd5, 0x00, 0x00,
  0x00, 0x1e, 0x00, 0x00, 0x2e, 0x00, 0x00, 0x00, 0x00, 0x15, 0x00, 0xe4,
  0xf1, 0xd8, 0x00, 0x00, 0xfd, 0x00, 0x00, 0x00, 0xed, 0x00, 0x00, 0x41,
  0x0d, 0x00, 0x11, 0x00, 0x00, 0x00, 0xd5, 0xf1, 0xdf, 0x13, 0xf6, 0x00,
  0x00, 0x00, 0xef, 0x00, 0xf4, 0x00, 0x00, 0x00, 0xdc, 0x00, 0x00, 0x00,
  0x00, 0x0d, 0xf0, 0xea, 0x00, 0x00, 0x00, 0x00, 0x00, 0x00, 0x00, 0x07,
  0xee, 0x00, 0x08, 0x00, 0x00, 0x00, 0x00, 0x00, 0x15, 0xce, 0x00, 0xe9,
  0x00, 0xea, 0x02, 0x0d, 0x30, 0x00, 0xf9, 0x00, 0xd9, 0x00, 0x00, 0x00,
  0x00, 0x00, 0x00, 0x00, 0x11, 0xde, 0x00, 0x03, 0x00, 0xfb, 0x3b, 0x0f,
  0x00, 0x00, 0x1b, 0x10, 0x00, 0x29, 0x00, 0x00, 0xe9, 0x16, 0x00, 0x1c,
  0x00, 0x00, 0x00, 0x00, 0x00, 0xf3, 0x00, 0x27, 0x0c, 0xe1, 0x00, 0x00,
  0x00, 0xec, 0xe3, 0x00, 0x00, 0xe8, 0x00, 0x17, 0x00, 0x21, 0x00, 0xe8,
  0x3f, 0x00, 0x00, 0xdf, 0x00, 0x00, 0x00, 0x20, 0x00, 0x00, 0x17, 0xe8,
  0x00, 0xfd, 0x00, 0xf8, 0x19, 0xee, 0x23, 0xf6, 0x05, 0x23, 0x00, 0x00,
  0x13, 0x1c, 0x00, 0x12, 0x00, 0xbf, 0xf7, 0x2e, 0x00, 0xfb, 0x00, 0xf6,
  0x19, 0x00, 0x2c, 0x22, 0x00, 0x38, 0x6b, 0x00, 0x00, 0x00, 0xdb, 0x00,
  0x00, 0x00, 0x00, 0xcf, 0xab, 0x00, 0x1c, 0x20, 0x00, 0x0e, 0x00, 0x00,
  0xd5, 0x00, 0x00, 0x00, 0x00, 0x01, 0x00, 0x00, 0x0e, 0xff, 0x00, 0x00,
  0x22, 0xed, 0x2a, 0x0d, 0xf8, 0x16, 0x00, 0x00, 0x00, 0x00, 0x00, 0xe8,
  0xf2, 0x07, 0x00, 0x00, 0x22, 0x16, 0x00, 0x0c, 0xf2, 0x00, 0x00, 0xde,
  0x30, 0xe6, 0x00, 0x16, 0x00, 0x00, 0x57, 0x00, 0x00, 0xe1, 0x30, 0xbc,
  0x05, 0x00, 0x00, 0x7f, 0x44, 0x26, 0x00, 0xe5, 0x0c, 0x21, 0x00, 0x01,
  0xee, 0x00, 0x00, 0xc2, 0xda, 0x00, 0x00, 0x00, 0xcb, 0x04, 0x00, 0x00,
  0xd9, 0x09, 0xe4, 0x00, 0xfb, 0xca, 0x00, 0x00, 0x00, 0x10, 0x46, 0x07,
  0x00, 0x00, 0x06, 0xf3, 0x00, 0x25, 0xe7, 0x28, 0x00, 0x00, 0x00, 0x00,
  0xe7, 0x00, 0xd5, 0x00, 0x00, 0x00, 0x00, 0x1a, 0xe0, 0xee, 0x00, 0xbf,
  0x00, 0x00, 0xf1, 0x00, 0x00, 0x00, 0x00, 0x00, 0x00, 0x00, 0xda, 0x00,
  0xfb, 0x00, 0x00, 0xd0, 0x00, 0x00, 0xbc, 0xd3, 0xbc, 0x00, 0x00, 0x00,
  0x00, 0xfa, 0x00, 0x03, 0xe6, 0x00, 0x00, 0x00, 0xf1, 0x00, 0x00, 0x00,
  0x08, 0x00, 0x81, 0x00, 0x00, 0xe5, 0x5d, 0x00, 0x00, 0x00, 0x3e, 0xf9,
  0x00, 0xf7, 0xf9, 0xd3, 0x00, 0x55, 0xcd, 0x00, 0x00, 0xc5, 0xd7, 0xf3,
  0x19, 0xaa, 0xd4, 0xfb, 0x00, 0x00, 0x43, 0x00, 0xda, 0x00, 0xdd, 0xfe,
  0x10, 0x00, 0x00, 0x00, 0x4b, 0x42, 0xc5, 0x48, 0x00, 0x05, 0xa5, 0x00,
  0xb5, 0x00, 0xc6, 0x00, 0x00, 0x00, 0x00, 0xe9, 0x00, 0xf0, 0x00, 0x00,
  0x00, 0x00, 0x12, 0x00, 0x00, 0x00, 0xcf, 0x00, 0xf9, 0x00, 0xeb, 0x00,
  0x51, 0x00, 0x09, 0x00, 0x33, 0xeb, 0x68, 0xd7, 0x19, 0x09, 0xfc, 0x00,
  0x00, 0x0e, 0x00, 0x00, 0xa3, 0x00, 0xf6, 0x00, 0x1f, 0x27, 0x00, 0xec,
  0x3e, 0x00, 0x00, 0x2e, 0xf4, 0x02, 0x53, 0x43, 0xca, 0xec, 0x00, 0xd9,
  0x00, 0x22, 0x00, 0x00, 0x00, 0x37, 0x00, 0x24, 0x12, 0xee, 0x00, 0x00,
  0xe3, 0x00, 0x00, 0xe4, 0x00, 0x06, 0x00, 0x00, 0x00, 0x2c, 0x00, 0x9a,
  0x00, 0xf1, 0x00, 0x00, 0xde, 0x87, 0x05, 0x07, 0x00, 0x00, 0x00, 0x00,
  0x00, 0x13, 0x00, 0x31, 0x19, 0x1c, 0x2e, 0x00, 0x00, 0xf7, 0x00, 0x00,
  0xce, 0x00, 0xe4, 0x00, 0x99, 0x00, 0x39, 0x00, 0xf5, 0x00, 0x00, 0x01,
  0x00, 0x48, 0x44, 0x00, 0x00, 0x00, 0xa4, 0x00, 0x00, 0x24, 0x00, 0x37,
  0x00, 0x35, 0x18, 0x00, 0x00, 0xcf, 0x00, 0x00, 0x15, 0x00, 0x00, 0x00,
  0x00, 0x11, 0x00, 0x00, 0x00, 0x00, 0xf6, 0xce, 0x00, 0x11, 0x05, 0x18,
  0xf9, 0x00, 0x04, 0x16, 0x00, 0x00, 0x00, 0xce, 0x00, 0x24, 0xc1, 0x00,
  0x00, 0xf1, 0x00, 0x00, 0x00, 0x00, 0x15, 0xd7, 0x00, 0x00, 0x00, 0x22,
  0x00, 0xdc, 0xb4, 0xf0, 0x2a, 0x18, 0x25, 0x00, 0x16, 0x00, 0x00, 0x00,
  0xe7, 0x03, 0xfa, 0xe5, 0x4d, 0x17, 0x0b, 0x00, 0x00, 0xe9, 0xef, 0x1d,
  0x47, 0x00, 0xdd, 0x0e, 0x00, 0xd2, 0x00, 0xdf, 0x00, 0xff, 0x00, 0x00,
  0xb0, 0x11, 0xf0, 0x19, 0x00, 0x00, 0xe6, 0xe9, 0xfd, 0x00, 0x00, 0x00,
  0x00, 0xd2, 0xcd, 0x21, 0x00, 0x00, 0x08, 0xb3, 0x00, 0x00, 0x2c, 0x00,
  0xc1, 0x00, 0xf0, 0x00, 0x1b, 0x27, 0x3e, 0xeb, 0x00, 0x00, 0x05, 0x00,
  0x00, 0x00, 0x92, 0xe4, 0x00, 0x24, 0x44, 0xbb, 0x00, 0x00, 0x16, 0xcf,
  0x00, 0x00, 0x22, 0x35, 0x1a, 0x00, 0x1f, 0x00, 0x00, 0x20, 0x00, 0x00,
  0x24, 0x00, 0x00, 0x00, 0x00, 0x11, 0xf8, 0xb8, 0xd4, 0x00, 0xff, 0x00,
  0xc3, 0x00, 0x13, 0x00, 0x19, 0x07, 0x00, 0xe3, 0x12, 0x00, 0x00, 0x00,
  0x00, 0xf3, 0x92, 0xff, 0xfb, 0xd4, 0x00, 0x00, 0xd1, 0x00, 0x00, 0x00,
  0x00, 0x0a, 0x00, 0x3a, 0x14, 0x00, 0x17, 0xef, 0xdd, 0x00, 0x00, 0xfd,
  0x16, 0xb4, 0x81, 0x00, 0x00, 0x00, 0x00, 0x00, 0x00, 0x00, 0x26, 0xb3,
  0x00, 0x00, 0x00, 0x15, 0x00, 0x00, 0x00, 0xd4, 0xcd, 0x00, 0x51, 0xc9,
  0x28, 0x06, 0xba, 0x00, 0x00, 0x00, 0xfd, 0x00, 0xe1, 0x24, 0x00, 0x00,
  0x28, 0xd5, 0x5e, 0xe6, 0x00, 0xd4, 0xfb, 0x25, 0x23, 0x00, 0x04, 0x00,
  0x00, 0x00, 0x00, 0x04, 0xf0, 0x1c, 0x00, 0x00, 0xf7, 0x00, 0x00, 0x00,
  0x00, 0x28, 0x04, 0x00, 0x00, 0x33, 0x00, 0x17, 0x0c, 0x00, 0x00, 0x00,
  0x00, 0xa0, 0x00, 0x00, 0x00, 0x00, 0x00, 0xf9, 0xce, 0x00, 0x00, 0xdb,
  0x3d, 0x04, 0x1b, 0x56, 0x02, 0x00, 0x11, 0xf3, 0x00, 0x07, 0x00, 0x23,
  0x00, 0x00, 0x00, 0x27, 0x00, 0x35, 0x61, 0x0a, 0x00, 0x0d, 0x00, 0xe3,
  0x00, 0x00, 0x0d, 0x00, 0xd2, 0xd6, 0x00, 0x00, 0x59, 0x4a, 0x2f, 0x00,
  0x67, 0x00, 0xab, 0x00, 0x10, 0x00, 0x00, 0x00, 0xf0, 0x00, 0x00, 0x00,
  0x00, 0x00, 0x7f, 0x00, 0x2b, 0x38, 0x09, 0x22, 0xef, 0x00, 0x00, 0xc1,
  0xff, 0xc9, 0x00, 0x0c, 0xf6, 0x00, 0x31, 0x00, 0xcf, 0x00, 0xc4, 0x00,
  0x2d, 0x2f, 0x21, 0x00, 0x2b, 0xd7, 0x1c, 0x48, 0x49, 0x11, 0xe8, 0x00,
  0x00, 0x00, 0x2c, 0x00, 0x38, 0x00, 0xbe, 0xdd, 0xe2, 0xd8, 0xae, 0x84,
  0xc7, 0xd4, 0x90, 0x00, 0x00, 0xac, 0xd2, 0x00, 0x00, 0x04, 0x59, 0xb8,
  0x00, 0x00, 0x00, 0x1a, 0x00, 0x00, 0x00, 0x39, 0x00, 0xd1, 0x00, 0xbc,
  0x15, 0x27, 0x13, 0xec, 0xde, 0xce, 0xdc, 0x00, 0x00, 0xd0, 0x52, 0xea,
  0x44, 0x22, 0xc3, 0xd5, 0x00, 0x00, 0x76, 0x00, 0xdc, 0x00, 0x00, 0xef,
  0x00, 0x00, 0x00, 0x00, 0x00, 0x00, 0x00, 0x0c, 0x00, 0x21, 0x09, 0xde,
  0x00, 0x00, 0x32, 0x4e, 0x00, 0x00, 0xd5, 0xe1, 0xc3, 0x00, 0x00, 0x00,
  0x00, 0x1f, 0xea, 0x00, 0x00, 0xe8, 0x34, 0x00, 0x20, 0x00, 0x00, 0x00,
  0x00, 0x19, 0x00, 0x6f, 0xb9, 0x00, 0x00, 0x00, 0x00, 0x00, 0x00, 0x00,
  0x00, 0xef, 0xf8, 0x00, 0x00, 0xfb, 0x00, 0x00, 0x00, 0x00, 0x00, 0x02,
  0x03, 0x25, 0xeb, 0x00, 0x00, 0x00, 0xe1, 0xf6, 0x12, 0x00, 0x00, 0x58,
  0x00, 0x00, 0x14, 0x00, 0x00, 0x00, 0x00, 0x22, 0x00, 0x00, 0x00, 0x00,
  0xd7, 0x00, 0x00, 0x00, 0x07, 0x08, 0xf6, 0x00, 0xf3, 0xd7, 0x00, 0xcf,
  0x21, 0x00, 0x00, 0x3f, 0x00, 0x1d, 0xd2, 0x00, 0x00, 0xd0, 0xbe, 0x00,
  0xa9, 0xc7, 0x00, 0x6b, 0x3d, 0x00, 0x12, 0x1c, 0xb4, 0x05, 0x5c, 0xc6,
  0x00, 0x00, 0x00, 0x00, 0x00, 0x00, 0x00, 0x00, 0x04, 0x00, 0x00, 0xf1,
  0xf3, 0x00, 0x00, 0xf8, 0xca, 0xca, 0x00, 0x00, 0xcd, 0xba, 0x00, 0x56,
  0x0e, 0x00, 0x00, 0x9f, 0x00, 0x00, 0xc6, 0x00, 0xab, 0xc1, 0x00, 0xbe,
  0xf2, 0x00, 0x00, 0x00, 0x0d, 0x00, 0x25, 0x00, 0x20, 0x00, 0xde, 0xde,
  0x18, 0x00, 0x00, 0x00, 0xc2, 0x00, 0xc5, 0x00, 0x00, 0x00, 0x0d, 0x00,
  0xad, 0x00, 0x00, 0x7f, 0x19, 0x29, 0x00, 0x00, 0x00, 0x00, 0x2b, 0x97,
  0x44, 0x00, 0xa8, 0x00, 0x00, 0x23, 0x00, 0x00, 0x37, 0x00, 0x9d, 0x00,
  0x00, 0x00, 0x00, 0x25, 0x00, 0x00, 0x19, 0x0a, 0xe6, 0x00, 0x12, 0x00,
  0x00, 0x00, 0x00, 0xe2, 0xb2, 0x00, 0xc9, 0x43, 0xe4, 0xdf, 0x00, 0xf8,
  0x1c, 0x37, 0x81, 0x79, 0x00, 0x2d, 0x00, 0x00, 0x38, 0x00, 0x00, 0xdf,
  0x00, 0x00, 0x36, 0x31, 0xcc, 0xa0, 0xd3, 0xed, 0x00, 0xae, 0x28, 0xf6,
  0x16, 0x00, 0x00, 0x57, 0x2b, 0xfd, 0x81, 0x00, 0x52, 0x00, 0x00, 0xd6,
  0xf9, 0x00, 0x43, 0x00, 0x1b, 0xf7, 0x00, 0x44, 0x00, 0x00, 0x00, 0x00,
  0xdc, 0x00, 0xf3, 0x3a, 0x00, 0x1e, 0x00, 0x00, 0x00, 0x2b, 0xb9, 0xef,
  0x00, 0x20, 0x00, 0x0e, 0x30, 0x1b, 0x05, 0x32, 0xe4, 0x00, 0x00, 0x00,
  0x31, 0x59, 0x00, 0x50, 0xf9, 0x00, 0x00, 0x00, 0x00, 0x00, 0xcd, 0x5b,
  0x00, 0xbc, 0x15, 0x00, 0x00, 0x00, 0x00, 0x00, 0x58, 0xb7, 0x00, 0x00,
  0x1e, 0x79, 0xe4, 0x41, 0x00, 0xbf, 0xca, 0x00, 0x54, 0x2a, 0xcd, 0x21,
  0x00, 0x00, 0x00, 0x05, 0x00, 0x00, 0xf4, 0xd3, 0x0e, 0x00, 0xb1, 0xa8,
  0x00, 0x00, 0x00, 0x31, 0xd9, 0x00, 0x00, 0x00, 0xf1, 0x00, 0x00, 0x00,
  0x00, 0x14, 0x00, 0x00, 0x00, 0x32, 0x00, 0x04, 0x00, 0x00, 0xec, 0x00,
  0x00, 0xfd, 0x00, 0x32, 0xda, 0x00, 0xc6, 0x00, 0xf4, 0x00, 0xe6, 0x00,
  0x00, 0xc9, 0x00, 0x37, 0x00, 0x00, 0x00, 0xdb, 0x00, 0x00, 0x00, 0x00,
  0xea, 0x00, 0x00, 0x24, 0x00, 0x00, 0x00, 0x00, 0x00, 0xce, 0x00, 0x0a,
  0x00, 0x00, 0x00, 0x00, 0x00, 0xe7, 0x68, 0x1c, 0xf2, 0x00, 0xcf, 0xf6,
  0x00, 0x00, 0x00, 0x00, 0xcc, 0x00, 0x00, 0x00, 0x00, 0xd1, 0xd7, 0x00,
  0x00, 0x00, 0xe9, 0x1c, 0xef, 0xe1, 0x00, 0x3b, 0x01, 0x00, 0x00, 0x00,
  0xa3, 0xf5, 0x21, 0x00, 0x00, 0x52, 0x00, 0x1a, 0x00, 0xe3, 0x00, 0xd6,
  0xb5, 0x00, 0xcf, 0xe3, 0x00, 0xaa, 0x00, 0x00, 0x00, 0x00, 0x00, 0x00,
  0x00, 0xcb, 0x29, 0x00, 0x00, 0x42, 0x00, 0x00, 0x00, 0x00, 0x00, 0x00,
  0xce, 0x95, 0x26, 0x00, 0xbf, 0x00, 0x00, 0xe5, 0x00, 0xf4, 0x00, 0x00,
  0x00, 0xc1, 0xef, 0x00, 0x00, 0x00, 0x00, 0x00, 0x07, 0x00, 0xc4, 0x00,
  0x00, 0x00, 0x00, 0x00, 0xd2, 0x00, 0x00, 0x04, 0x00, 0xfa, 0xdc, 0x00,
  0x00, 0xc6, 0x00, 0xcc, 0x00, 0x43, 0x00, 0x00, 0x00, 0xee, 0x0f, 0x00,
  0xd1, 0xb7, 0xd4, 0x00, 0x00, 0x00, 0xe0, 0x00, 0xfc, 0x4c, 0xca, 0x26,
  0x00, 0x3c, 0x00, 0x29, 0x08, 0x0e, 0xd1, 0x00, 0x06, 0xf2, 0x37, 0x00,
  0x00, 0x00, 0x16, 0xf2, 0x46, 0x70, 0x00, 0x5d, 0xf0, 0x00, 0xac, 0xc6,
  0x00, 0x1b, 0x00, 0x00, 0xed, 0x00, 0x00, 0x29, 0x00, 0x00, 0xf5, 0xaa,
  0xef, 0x00, 0x00, 0x00, 0x33, 0x38, 0x2a, 0x7f, 0x00, 0x00, 0xaf, 0xa8,
  0x0d, 0x00, 0x9e, 0x15, 0x18, 0x00, 0x00, 0x00, 0x00, 0x25, 0x00, 0xdc,
  0x15, 0x00, 0x0b, 0x02, 0x00, 0xec, 0xf2, 0x4e, 0x00, 0x00, 0xbf, 0x00,
  0x1d, 0x00, 0xa6, 0xf7, 0xdd, 0x8f, 0x15, 0x00, 0x00, 0x00, 0x00, 0x0b,
  0x26, 0x00, 0x00, 0x08, 0x3c, 0x07, 0x00, 0x00, 0x00, 0x00, 0xfb, 0x9f,
  0x00, 0x00, 0x00, 0xe8, 0x09, 0x00, 0xee, 0x00, 0xf1, 0xfe, 0x38, 0x00,
  0x00, 0x32, 0xdc, 0x00, 0x00, 0x00, 0x32, 0xeb, 0x28, 0xfa, 0x00, 0x85,
  0x05, 0xb6, 0x00, 0x00, 0x35, 0x09, 0xb2, 0x00, 0xc8, 0x0e, 0x07, 0x81,
  0x00, 0xe6, 0xf3, 0x00, 0x00, 0x00, 0x55, 0x00, 0x00, 0x00, 0x00, 0x20,
  0xef, 0xde, 0x11, 0x00, 0x27, 0x00, 0x00, 0xcd, 0xa9, 0x1d, 0x00, 0x00,
  0x00, 0x09, 0xe9, 0xcc, 0x34, 0x00, 0x00, 0x00, 0x00, 0xe3, 0xe3, 0x00,
  0x00, 0x08, 0xcb, 0x00, 0x3e, 0x3c, 0xf6, 0x94, 0x00, 0x00, 0x99, 0x00,
  0xd3, 0xc8, 0x17, 0x44, 0x19, 0x00, 0x00, 0x00, 0x00, 0x26, 0x00, 0xec,
  0x00, 0x00, 0x00, 0x00, 0xe7, 0x00, 0x00, 0x00, 0xcb, 0x00, 0x00, 0x00,
  0xdf, 0x00, 0x00, 0x30, 0x00, 0x00, 0x2f, 0x00, 0x14, 0x00, 0x00, 0x38,
  0x00, 0xff, 0xbb, 0x00, 0x43, 0x09, 0x0e, 0xb2, 0x00, 0x00, 0x00, 0x00,
  0x00, 0x00, 0x00, 0x74, 0x25, 0xd3, 0x00, 0xf5, 0xfa, 0x3f, 0x24, 0x00,
  0x56, 0x2b, 0x00, 0x0e, 0x5c, 0x10, 0x08, 0x8d, 0x4d, 0x00, 0x00, 0x1e,
  0x18, 0x00, 0x1c, 0x00, 0x0e, 0x00, 0x00, 0x00, 0x00, 0x00, 0x5a, 0x00,
  0xe5, 0x00, 0xa8, 0xda, 0x0b, 0xfc, 0x00, 0xa2, 0x00, 0x00, 0x00, 0xf6,
  0x0b, 0x09, 0xf6, 0x00, 0x3c, 0x00, 0x31, 0x00, 0x00, 0x08, 0x00, 0x3d,
  0x05, 0x09, 0xc4, 0x00, 0x4d, 0x00, 0x00, 0xb0, 0x00, 0x00, 0xa2, 0x23,
  0x00, 0x00, 0x00, 0x00, 0x00, 0x00, 0x00, 0x00, 0x0c, 0x00, 0x12, 0x00,
  0x00, 0x04, 0x00, 0x00, 0x00, 0x00, 0xf1, 0x00, 0x00, 0xc5, 0x00, 0x01,
  0xe9, 0x00, 0xd3, 0x00, 0x00, 0x00, 0x00, 0x00, 0x44, 0x00, 0x00, 0xf7,
  0xda, 0x00, 0x00, 0x00, 0x81, 0x00, 0x00, 0x00, 0xda, 0x00, 0x52, 0x00,
  0x00, 0xd4, 0x00, 0x00, 0x59, 0x00, 0x00, 0x00, 0xd7, 0x1f, 0xe4, 0x00,
  0xf5, 0x00, 0x00, 0x00, 0x00, 0x00, 0xe4, 0x00, 0x00, 0xee, 0x00, 0xb0,
  0x00, 0xba, 0x00, 0x00, 0x00, 0x00, 0xf7, 0xee, 0x00, 0x15, 0xe1, 0x00,
  0x00, 0x03, 0x24, 0x00, 0x42, 0x20, 0x26, 0x00, 0x00, 0x00, 0x00, 0xb4,
  0x00, 0x00, 0x00, 0x36, 0x00, 0x94, 0xea, 0x00, 0x00, 0xde, 0x00, 0xd2,
  0x2c, 0x0e, 0x47, 0xe3, 0x40, 0xe9, 0xa7, 0x00, 0x00, 0x00, 0x3e, 0xeb,
  0x00, 0xc8, 0x00, 0xdc, 0x00, 0xcf, 0x00, 0x00, 0xe8, 0xe1, 0x00, 0x00,
  0x43, 0x0f, 0x00, 0x00, 0x55, 0x00, 0xb7, 0xde, 0x00, 0xdb, 0x00, 0x13,
  0xc7, 0x00, 0x34, 0x1a, 0x40, 0xc4, 0x00, 0xd8, 0xfe, 0x00, 0x3c, 0x3b,
  0x44, 0xe5, 0x00, 0xfc, 0x61, 0x00, 0xf8, 0x00, 0x00, 0x00, 0xd3, 0x00,
  0x00, 0xd1, 0x1a, 0x51, 0x3c, 0x00, 0x00, 0x00, 0x07, 0xde, 0xeb, 0x00,
  0x00, 0x00, 0xda, 0x00, 0x48, 0x19, 0x00, 0x15, 0x5a, 0x00, 0x15, 0x0d,
  0xce, 0xe0, 0x00, 0x33, 0xd0, 0xc6, 0x04, 0xf4, 0x00, 0xe7, 0x00, 0x33,
  0x40, 0x26, 0x00, 0x00, 0x27, 0x5d, 0x18, 0x00, 0x00, 0x26, 0x00, 0x00,
  0xc4, 0xed, 0x09, 0x00, 0x00, 0x00, 0x00, 0xed, 0x2f, 0x00, 0x32, 0xf5,
  0x5b, 0x00, 0xc9, 0x3d, 0x04, 0x00, 0x00, 0x27, 0x00, 0x00, 0x00, 0x00,
  0x00, 0x00, 0xea, 0x00, 0xb0, 0x00, 0x1b, 0x00, 0x10, 0xdb, 0xe7, 0x00,
  0x30, 0x00, 0x7f, 0xf7, 0x00, 0x00, 0x00, 0x2c, 0xc3, 0xf1, 0x2f, 0xe9,
  0x29, 0x13, 0x00, 0x76, 0xe0, 0xe4, 0x00, 0x00, 0x2b, 0x00, 0x60, 0x00,
  0x57, 0x18, 0x31, 0xa5, 0x00, 0x00, 0x00, 0x00, 0x00, 0x00, 0xda, 0xc8,
  0xe4, 0x00, 0x4e, 0x00, 0xd8, 0x00, 0x53, 0x00, 0xe9, 0x00, 0x40, 0xf7,
  0x00, 0x31, 0x01, 0x00, 0x00, 0xb9, 0x00, 0x00, 0x00, 0x0e, 0x00, 0x2e,
  0x00, 0x00, 0xbd, 0x3d, 0x1b, 0x00, 0x00, 0xc0, 0x00, 0x00, 0x0c, 0x00,
  0x00, 0xef, 0x44, 0x00, 0x00, 0x0c, 0xed, 0x00, 0x00, 0x00, 0x00, 0xad,
  0xb1, 0x00, 0x00, 0xf0, 0xd7, 0x12, 0xe0, 0xd9, 0xe4, 0xfc, 0x34, 0xfa,
  0xf3, 0x00, 0x00, 0xbf, 0x00, 0x49, 0x00, 0x00, 0xf9, 0xff, 0x00, 0xcc,
  0x00, 0xb4, 0xd6, 0xcd, 0x00, 0x00, 0xb8, 0xb3, 0x00, 0xad, 0x00, 0x18,
  0x00, 0x00, 0x00, 0x00, 0x0f, 0xda, 0x1c, 0x00, 0xf3, 0xeb, 0xff, 0x00,
  0x00, 0x00, 0xee, 0x1c, 0x00, 0xd9, 0x5b, 0x00, 0x27, 0xc8, 0x00, 0x92,
  0x68, 0x00, 0x00, 0x00, 0x00, 0x25, 0x00, 0x00, 0x00, 0x00, 0x00, 0x0f,
  0xa0, 0xd8, 0x0f, 0x00, 0x00, 0x00, 0x3c, 0x00, 0xc5, 0x00, 0x15, 0x00,
  0x00, 0x3c, 0xef, 0x00, 0x00, 0x71, 0xba, 0x00, 0x00, 0xdd, 0xed, 0x00,
  0x95, 0xcc, 0xff, 0xd1, 0x00, 0x00, 0xad, 0x00, 0x30, 0x00, 0x00, 0x00,
  0x0c, 0x00, 0xeb, 0xe0, 0x00, 0x14, 0x00, 0x00, 0x00, 0xdf, 0xe2, 0xcd,
  0xd3, 0x00, 0x00, 0x2d, 0x00, 0xd0, 0x00, 0x9c, 0x00, 0xdd, 0xf0, 0x00,
  0x00, 0x00, 0x19, 0x00, 0x00, 0xe4, 0x00, 0x03, 0x08, 0xea, 0x01, 0x0e,
  0x05, 0xf5, 0x00, 0x00, 0x23, 0x00, 0x29, 0xec, 0xd1, 0xf8, 0x06, 0xfc,
  0xdc, 0x00, 0x00, 0x00, 0x00, 0x00, 0xf1, 0x00, 0x00, 0x00, 0xd7, 0xdf,
  0x00, 0x00, 0x2d, 0x00, 0x00, 0xe9, 0x00, 0xeb, 0x23, 0x00, 0x08, 0x00,
  0x00, 0xce, 0x21, 0x06, 0x00, 0x44, 0x00, 0x00, 0xe7, 0xdb, 0xcc, 0x00,
  0x00, 0x00, 0x00, 0x0a, 0x00, 0xf5, 0x2e, 0x00, 0x1e, 0x00, 0x00, 0x04,
  0x00, 0xfc, 0xce, 0xee, 0x00, 0x00, 0x00, 0x00, 0x00, 0x32, 0x23, 0x00,
  0x01, 0x00, 0x00, 0x13, 0x00, 0x32, 0xdd, 0xeb, 0xe8, 0x3c, 0xe6, 0x00,
  0x00, 0x16, 0xd2, 0x00, 0x21, 0x00, 0x00, 0xec, 0x00, 0xc8, 0xdf, 0x00,
  0x00, 0xb4, 0x16, 0x00, 0x2f, 0x00, 0xb9, 0x50, 0x00, 0x40, 0xc9, 0x00,
  0xfb, 0xc3, 0x00, 0xfd, 0x00, 0x00, 0xc1, 0x00, 0x00, 0xec, 0xed, 0xd3,
  0x00, 0x00, 0x00, 0x00, 0x1e, 0x0c, 0x20, 0x00, 0x00, 0xba, 0xe3, 0x18,
  0xe4, 0x00, 0x00, 0xf6, 0xf4, 0x02, 0x00, 0x00, 0xd4, 0x00, 0x00, 0x28,
  0x05, 0xe9, 0x01, 0x00, 0x00, 0xe7, 0x00, 0x00, 0x42, 0x00, 0x00, 0x00,
  0x2a, 0x66, 0xb8, 0x00, 0xf9, 0xac, 0x00, 0x00, 0x7f, 0x0d, 0x00, 0x04,
  0x00, 0x43, 0x00, 0x00, 0x00, 0x0d, 0x00, 0x00, 0x32, 0x00, 0x32, 0x00,
  0x2c, 0x00, 0x00, 0x00, 0x00, 0x00, 0x00, 0x00, 0x09, 0x00, 0xf9, 0xca,
  0xf4, 0x16, 0x00, 0xf6, 0x00, 0x13, 0x00, 0x00, 0xea, 0xf9, 0x0c, 0x00,
  0x00, 0x00, 0xd7, 0x17, 0x00, 0xef, 0x00, 0x09, 0x00, 0x0d, 0x00, 0x00,
  0x1a, 0xdc, 0x38, 0x00, 0x00, 0x0f, 0xd5, 0xf8, 0xf0, 0x7f, 0xdd, 0x00,
  0xfe, 0x00, 0x18, 0x17, 0xd1, 0x00, 0x00, 0x0b, 0xec, 0xd3, 0xe3, 0xe1,
  0x1a, 0xeb, 0xe4, 0x00, 0x00, 0x08, 0x00, 0xfa, 0x00, 0x00, 0x00, 0x00,
  0x15, 0xf6, 0x00, 0x00, 0xe7, 0x32, 0x00, 0x00, 0x00, 0x00, 0x00, 0xf0,
  0xfd, 0xe2, 0x00, 0xf5, 0xe8, 0xd3, 0x00, 0x00, 0x00, 0x00, 0xf1, 0x00,
  0xfa, 0x00, 0xc8, 0x2e, 0x00, 0xc6, 0x0d, 0x00, 0x2d, 0x0c, 0x00, 0x1a,
  0x28, 0x07, 0x04, 0x0a, 0x00, 0x1e, 0xe5, 0x00, 0x34, 0x00, 0x00, 0xfb,
  0x0f, 0x26, 0x00, 0x01, 0x00, 0xed, 0x00, 0x00, 0x16, 0x14, 0xe4, 0xb1,
  0xfb, 0x23, 0x00, 0x18, 0xdf, 0x26, 0x10, 0x00, 0x00, 0x00, 0x21, 0xe7,
  0x00, 0x00, 0x2b, 0x00, 0x00, 0x28, 0x00, 0x00, 0x00, 0x00, 0x00, 0x00,
  0xf7, 0x00, 0x00, 0x00, 0x14, 0x00, 0x00, 0x0d, 0x00, 0x00, 0x00, 0x00,
  0x00, 0x00, 0x00, 0x1d, 0x00, 0xf5, 0x00, 0x00, 0x15, 0x00, 0xe3, 0x00,
  0x00, 0x00, 0x00, 0x00, 0xe9, 0xfb, 0x00, 0x00, 0x2f, 0x00, 0x00, 0x00,
  0xfe, 0x16, 0x00, 0x04, 0x00, 0x03, 0x00, 0x00, 0x00, 0x00, 0xd5, 0x00,
  0x00, 0x00, 0x00, 0x00, 0x00, 0x00, 0x00, 0x13, 0xf3, 0x00, 0x00, 0x00,
  0x00, 0xec, 0x00, 0x00, 0x10, 0x15, 0x00, 0x00, 0xe8, 0xf2, 0x00, 0xd5,
  0x00, 0x00, 0x00, 0xfb, 0x00, 0x00, 0x00, 0x00, 0xef, 0x00, 0x04, 0xfb,
  0x00, 0x00, 0x11, 0xf5, 0x2d, 0x00, 0x00, 0xfe, 0xd4, 0xfa, 0x6a, 0x28,
  0x00, 0xfd, 0x00, 0x23, 0x00, 0x22, 0x00, 0x00, 0x00, 0xfb, 0x14, 0x4b,
  0x00, 0x02, 0x04, 0x00, 0x41, 0x00, 0xbc, 0xba, 0x00, 0x00, 0x11, 0x00,
  0x00, 0xd7, 0x00, 0x0b, 0x00, 0x00, 0x00, 0x00, 0x00, 0x1a, 0x03, 0x00,
  0x00, 0x27, 0x00, 0x00, 0x00, 0xfa, 0x00, 0xd2, 0x0e, 0x1f, 0x3b, 0x00,
  0x09, 0x00, 0x00, 0xbe, 0x00, 0x38, 0x00, 0x00, 0x0f, 0xea, 0xaf, 0x00,
  0x00, 0xba, 0x00, 0x10, 0x12, 0xee, 0xf4, 0xdf, 0xe6, 0xc2, 0x23, 0x00,
  0x9d, 0xdb, 0xeb, 0x4f, 0x1a, 0xda, 0xf0, 0x00, 0xff, 0x00, 0x1a, 0x00,
  0x00, 0xc5, 0x0a, 0x34, 0x3a, 0x0c, 0x00, 0x00, 0x12, 0x1c, 0xd1, 0x00,
  0xb9, 0xb7, 0xf7, 0x00, 0xe6, 0x92, 0xbc, 0x00, 0x00, 0x00, 0x00, 0x00,
  0x3e, 0x00, 0x00, 0x16, 0x00, 0x00, 0x00, 0x00, 0x00, 0xf1, 0x51, 0x00,
  0xce, 0x00, 0x00, 0x00, 0x00, 0x26, 0x39, 0x00, 0x00, 0x00, 0x9b, 0x00,
  0xf1, 0x07, 0x00, 0x36, 0x23, 0x00, 0x00, 0xb9, 0x00, 0x12, 0x00, 0x00,
  0xe0, 0xcd, 0xd3, 0x62, 0xe1, 0x00, 0xd7, 0x00, 0x50, 0x00, 0x51, 0x04,
  0x00, 0x1f, 0x00, 0x24, 0x00, 0x00, 0x00, 0x00, 0x00, 0x64, 0x21, 0xcc,
  0x00, 0x11, 0x01, 0x15, 0x00, 0x1d, 0xed, 0x09, 0x4b, 0xfb, 0x00, 0xed,
  0x1e, 0x00, 0x00, 0x00, 0xb8, 0xf7, 0x00, 0x00, 0xc4, 0x00, 0x75, 0x00,
  0x00, 0x37, 0x00, 0x7f, 0xe1, 0x00, 0x55, 0x0a, 0x00, 0x00, 0x00, 0x00,
  0x00, 0xe5, 0x00, 0xe5, 0xf6, 0xd7, 0xe7, 0x00, 0x00, 0x30, 0x00, 0x00,
  0xe9, 0x00, 0x00, 0x18, 0x00, 0xf6, 0x00, 0x00, 0x00, 0x00, 0x0d, 0x00,
  0x40, 0x32, 0xee, 0x00, 0x32, 0xe9, 0xec, 0xeb, 0x20, 0x0a, 0xfd, 0x00,
  0x00, 0x00, 0x00, 0x31, 0x5b, 0x20, 0xd0, 0x47, 0x00, 0x7f, 0x00, 0x00,
  0x00, 0x19, 0xe2, 0x00, 0x00, 0x00, 0x00, 0xe4, 0x00, 0x00, 0x00, 0x16,
  0xf2, 0x0a, 0x00, 0x00, 0x30, 0x00, 0x03, 0x00, 0x2b, 0x00, 0x00, 0x00,
  0xd1, 0xe8, 0xee, 0x27, 0xc3, 0xf6, 0xf2, 0xfb, 0xd2, 0xf3, 0xe5, 0x13,
  0xf0, 0x00, 0x00, 0x13, 0x00, 0xd2, 0x00, 0xef, 0x00, 0x00, 0xdc, 0x00,
  0x35, 0x00, 0xf2, 0x00, 0x00, 0x00, 0xd0, 0xf0, 0x45, 0xee, 0x00, 0x00,
  0x00, 0x1e, 0x00, 0x00, 0xd9, 0xdf, 0x37, 0xc5, 0x00, 0xc8, 0x00, 0x00,
  0x3c, 0x1e, 0xe5, 0x00, 0x0e, 0x04, 0xc9, 0xec, 0x29, 0x1f, 0x00, 0x00,
  0xf0, 0x00, 0xee, 0xea, 0xf6, 0x00, 0x00, 0x00, 0xe8, 0x00, 0x00, 0x00,
  0xc7, 0x00, 0x1b, 0x00, 0xe9, 0xed, 0x00, 0xc5, 0xe3, 0x0f, 0x00, 0x00,
  0x10, 0x00, 0x00, 0xf6, 0x0a, 0x1c, 0xf5, 0x00, 0x00, 0xe0, 0x00, 0x2f,
  0xca, 0xf3, 0x00, 0x00, 0xe8, 0xfe, 0xff, 0x0e, 0xef, 0x00, 0x00, 0x22,
  0x10, 0xfb, 0x0c, 0x00, 0x00, 0x00, 0x10, 0x00, 0x0d, 0x00, 0x1b, 0x00,
  0x00, 0xe6, 0x11, 0xf9, 0x00, 0x00, 0xf3, 0x00, 0x00, 0xdb, 0x00, 0x00,
  0xf6, 0xd5, 0xdb, 0x02, 0x00, 0x00, 0x1f, 0x00, 0x00, 0x00, 0x00, 0x00,
  0xa2, 0xa7, 0xff, 0xff, 0x04, 0x00, 0x00, 0x00, 0x78, 0x00, 0x00, 0x00,
  0x00, 0xeb, 0xff, 0xff, 0x9e, 0xf6, 0xff, 0xff, 0xa7, 0x03, 0x00, 0x00,
  0xe8, 0x0a, 0x00, 0x00, 0xb9, 0x21, 0x00, 0x00, 0x9e, 0xfa, 0xff, 0xff,
  0x6c, 0x07, 0x00, 0x00, 0x2c, 0xf7, 0xff, 0xff, 0x6b, 0x00, 0x00, 0x00,
  0x01, 0xf4, 0xff, 0xff, 0xf4, 0x54, 0x00, 0x00, 0xa8, 0x1a, 0x00, 0x00,
  0x21, 0x0b, 0x00, 0x00, 0xbc, 0xe3, 0xff, 0xff, 0x2f, 0xfd, 0xff, 0xff,
  0xd4, 0xfa, 0xff, 0xff, 0x8a, 0xec, 0xff, 0xff, 0xc1, 0x01, 0x00, 0x00,
  0x17, 0x0b, 0x00, 0x00, 0x46, 0xe9, 0xff, 0xff, 0x8c, 0x06, 0x00, 0x00,
  0x24, 0xf3, 0xff, 0xff, 0x95, 0x01, 0x00, 0x00, 0xe0, 0xf6, 0xff, 0xff,
  0xef, 0xf3, 0xff, 0xff, 0x29, 0x19, 0x00, 0x00, 0xa8, 0xfc, 0xff, 0xff,
  0x3f, 0xfb, 0xff, 0xff, 0x13, 0xfe, 0xff, 0xff, 0x60, 0xfe, 0xff, 0xff,
  0x26, 0xa8, 0xff, 0xff, 0x04, 0x00, 0x00, 0x00, 0xdc, 0x23, 0x00, 0x00,
  0x00, 0xe8, 0xfb, 0xec, 0x00, 0xad, 0x28, 0xdd, 0xe7, 0xf0, 0x00, 0x00,
  0x4a, 0x00, 0xe8, 0x44, 0x16, 0x35, 0xd4, 0x00, 0x00, 0x00, 0xfd, 0x0b,
  0x02, 0x00, 0x00, 0x00, 0x08, 0x2b, 0x00, 0xf7, 0xfb, 0x00, 0x00, 0x00,
  0x20, 0x00, 0xf3, 0x00, 0xea, 0x14, 0xd9, 0x69, 0xf0, 0x3a, 0xfa, 0x00,
  0xef, 0x28, 0x00, 0x00, 0x00, 0xb6, 0x00, 0xd2, 0x01, 0x00, 0x00, 0x00,
  0xff, 0x00, 0xfe, 0x0d, 0xf4, 0x00, 0x20, 0xd1, 0x00, 0x00, 0x27, 0x2a,
  0x00, 0x16, 0x00, 0xe2, 0x13, 0x00, 0x00, 0x0d, 0x00, 0x00, 0x00, 0xc2,
  0x00, 0x00, 0x00, 0x00, 0x00, 0x00, 0x00, 0x8a, 0x1a, 0x09, 0x00, 0x00,
  0x00, 0xf8, 0x00, 0x00, 0x00, 0xb6, 0x00, 0xdb, 0x00, 0x00, 0x21, 0x1f,
  0xe0, 0x00, 0x09, 0xf7, 0x00, 0x00, 0x50, 0x00, 0x00, 0x00, 0x28, 0x2d,
  0x14, 0x00, 0x07, 0xda, 0x00, 0xf8, 0xe6, 0x05, 0xc0, 0x00, 0xed, 0x00,
  0x00, 0x5d, 0x00, 0xfa, 0x4e, 0x00, 0x20, 0x25, 0x15, 0xdf, 0x00, 0xea,
  0x00, 0x00, 0x06, 0x00, 0x00, 0x00, 0x00, 0x40, 0x00, 0xc6, 0xf3, 0x00,
  0x00, 0x00, 0x00, 0x85, 0x2e, 0xe3, 0x00, 0x00, 0x00, 0x00, 0x00, 0xef,
  0xaa, 0x00, 0x00, 0x38, 0x0e, 0x00, 0x00, 0x28, 0x06, 0x14, 0x02, 0xd6,
  0xf2, 0x03, 0x23, 0x00, 0x18, 0xb0, 0x3a, 0xea, 0x00, 0xd5, 0xec, 0x00,
  0x42, 0x2f, 0x00, 0x0c, 0x00, 0x38, 0x00, 0xe6, 0x00, 0x0e, 0x00, 0x3d,
  0x74, 0x0f, 0x21, 0x00, 0x3c, 0x7d, 0x00, 0x47, 0x00, 0x42, 0x24, 0xb3,
  0x00, 0x0d, 0x05, 0x00, 0x00, 0x00, 0x00, 0x3b, 0x00, 0x00, 0x53, 0x28,
  0x00, 0x00, 0x00, 0x00, 0x13, 0x00, 0x00, 0x56, 0x00, 0x42, 0xf9, 0x00,
  0xf7, 0x00, 0x21, 0x05, 0x05, 0x11, 0x6f, 0x00, 0x00, 0x00, 0x00, 0x00,
  0x00, 0x00, 0xd0, 0x07, 0x00, 0x00, 0x81, 0x00, 0x00, 0x00, 0xc0, 0x00,
  0x77, 0x6a, 0x00, 0x4a, 0xcf, 0x00, 0x00, 0x3e, 0xe1, 0xae, 0x00, 0x00,
  0x51, 0x00, 0x00, 0xaa, 0x55, 0x00, 0x09, 0x24, 0x00, 0xd0, 0x00, 0x00,
  0x00, 0x00, 0x00, 0x00, 0x7f, 0x00, 0x00, 0x40, 0x17, 0xed, 0x00, 0x00,
  0x3a, 0x00, 0xa8, 0x00, 0x00, 0x00, 0x00, 0x18, 0x06, 0x00, 0x00, 0x42,
  0x00, 0x26, 0x00, 0x0f, 0xed, 0x11, 0x00, 0x00, 0x00, 0x24, 0x00, 0x21,
  0x23, 0x00, 0x00, 0x21, 0x07, 0x2c, 0x00, 0x00, 0x00, 0x1c, 0x00, 0xf3,
  0x4a, 0xfa, 0xe1, 0x00, 0x07, 0xea, 0xf5, 0x30, 0x00, 0x00, 0x0d, 0x05,
  0x00, 0x00, 0x00, 0x00, 0x32, 0x0d, 0x00, 0x00, 0x00, 0x00, 0x00, 0xf4,
  0x3b, 0x22, 0x04, 0xf8, 0x16, 0x00, 0x34, 0x00, 0x00, 0xe5, 0x00, 0x53,
  0x1e, 0x11, 0x0a, 0x30, 0x00, 0x15, 0x00, 0x00, 0x00, 0xf5, 0x00, 0x00,
  0x00, 0xf2, 0xf8, 0xff, 0x09, 0x00, 0x00, 0xed, 0x00, 0x00, 0xd0, 0x00,
  0x0a, 0xcf, 0x2e, 0x16, 0xe5, 0xf8, 0x12, 0x16, 0x00, 0xeb, 0x00, 0x0a,
  0x1d, 0x00, 0x00, 0x41, 0x00, 0x00, 0xc1, 0xce, 0x00, 0x00, 0xf6, 0xd9,
  0x00, 0x00, 0x00, 0x0b, 0x00, 0x00, 0xe8, 0xc9, 0x00, 0x00, 0x00, 0xcd,
  0x00, 0x00, 0x00, 0x00, 0x00, 0x00, 0x19, 0xde, 0x00, 0x00, 0x00, 0x00,
  0x06, 0x00, 0xd3, 0x00, 0x00, 0xcf, 0x00, 0x00, 0x0a, 0x21, 0x00, 0xf9,
  0x0c, 0xeb, 0x17, 0x00, 0x00, 0x00, 0x37, 0x14, 0xe6, 0x00, 0x0b, 0x00,
  0x28, 0xfb, 0x00, 0x00, 0x00, 0x00, 0x0e, 0x00, 0x08, 0x33, 0x05, 0x00,
  0x00, 0xdd, 0x07, 0x02, 0x00, 0xeb, 0x31, 0xb0, 0xec, 0x28, 0x00, 0x0d,
  0x29, 0x00, 0x00, 0x00, 0x39, 0xf2, 0x40, 0x02, 0x00, 0x31, 0x00, 0x00,
  0x00, 0xf7, 0xb6, 0xfd, 0x00, 0xec, 0x00, 0x00, 0x00, 0x00, 0x25, 0xfb,
  0x47, 0x00, 0x00, 0x2e, 0x33, 0x00, 0xf4, 0xfc, 0x00, 0x00, 0x00, 0xd2,
  0x00, 0x00, 0x06, 0xfb, 0x13, 0x17, 0x00, 0x20, 0x00, 0x00, 0xf4, 0x00,
  0x05, 0x00, 0x81, 0x45, 0xbb, 0xc3, 0x00, 0x00, 0x00, 0x17, 0x00, 0x00,
  0x13, 0x00, 0x07, 0x00, 0x3a, 0x00, 0x00, 0x00, 0x03, 0x00, 0x1e, 0x3f,
  0x1c, 0x00, 0x50, 0x00, 0x26, 0x21, 0xfa, 0x00, 0x00, 0x00, 0xc7, 0xe3,
  0x00, 0x00, 0x00, 0x00, 0x00, 0x00, 0xd3, 0x00, 0x00, 0x00, 0x02, 0xe1,
  0x00, 0x21, 0x0b, 0x2d, 0x00, 0x31, 0x1a, 0xec, 0x00, 0x35, 0x39, 0x00,
  0xcb, 0x0c, 0x00, 0x5f, 0xf1, 0x00, 0x00, 0x00, 0x00, 0x45, 0x00, 0x00,
  0x00, 0x00, 0x00, 0x16, 0x00, 0x00, 0x00, 0x00, 0xae, 0x00, 0x00, 0x3e,
  0x04, 0x00, 0x00, 0x43, 0x00, 0x36, 0x00, 0x00, 0x00, 0x15, 0x00, 0x00,
  0x00, 0xe9, 0xef, 0x1c, 0x00, 0xb8, 0xfe, 0x34, 0x00, 0x2d, 0x1d, 0x00,
  0x00, 0x42, 0x00, 0x15, 0xf0, 0x46, 0x00, 0x00, 0x0a, 0x00, 0x1b, 0x00,
  0x00, 0x00, 0xb3, 0x00, 0x1c, 0x02, 0x00, 0x00, 0xf4, 0x00, 0x1c, 0x00,
  0x00, 0x00, 0x17, 0x00, 0x00, 0x00, 0x3b, 0x00, 0x0e, 0x1b, 0x1a, 0x47,
  0xea, 0x00, 0x03, 0xff, 0x00, 0x00, 0x00, 0xdc, 0x00, 0xf4, 0x00, 0x00,
  0x51, 0x00, 0x00, 0xf1, 0x00, 0x00, 0x22, 0x00, 0x00, 0xd8, 0x16, 0x0b,
  0x00, 0x31, 0x00, 0xec, 0x00, 0x4e, 0x2b, 0x00, 0x00, 0x00, 0x00, 0xd6,
  0xd7, 0x00, 0xe7, 0x00, 0x00, 0x00, 0x44, 0xe3, 0xae, 0x24, 0x00, 0x00,
  0x15, 0x00, 0xc2, 0xca, 0x26, 0x00, 0x00, 0x2b, 0x00, 0xc4, 0x00, 0x4a,
  0x00, 0x2b, 0x22, 0x00, 0x00, 0xe9, 0x00, 0x0e, 0xcf, 0xda, 0x00, 0xe7,
  0x00, 0x00, 0x00, 0x32, 0x35, 0xfd, 0xf7, 0x33, 0x00, 0x00, 0x00, 0xf0,
  0x4a, 0x00, 0x00, 0xb7, 0x1a, 0x00, 0x00, 0x00, 0x00, 0xff, 0x00, 0x00,
  0x0d, 0xfb, 0x00, 0xc8, 0x00, 0xc9, 0x21, 0xdb, 0xe4, 0x00, 0x49, 0x14,
  0xe9, 0x06, 0x00, 0x00, 0x00, 0xf2, 0x00, 0x07, 0xfb, 0xde, 0x00, 0x00,
  0x00, 0x00, 0x00, 0xee, 0xea, 0x00, 0xf4, 0x50, 0x00, 0x00, 0x00, 0xd7,
  0x00, 0x00, 0x00, 0x00, 0x00, 0x00, 0x00, 0x00, 0x00, 0x46, 0x05, 0x00,
  0x00, 0xe2, 0x00, 0x03, 0x00, 0x40, 0x00, 0x00, 0x00, 0xe2, 0x00, 0x46,
  0xb2, 0x00, 0xe8, 0x43, 0xdc, 0xe0, 0x00, 0x34, 0x5d, 0x23, 0xed, 0xa4,
  0x00, 0x00, 0x00, 0x00, 0x00, 0xff, 0x04, 0xe7, 0x00, 0x61, 0x46, 0x4b,
  0x00, 0xd8, 0x34, 0x48, 0x21, 0x00, 0x00, 0x00, 0x00, 0x00, 0xfa, 0x01,
  0x42, 0x00, 0x00, 0x07, 0x1c, 0x00, 0x3b, 0x00, 0x38, 0x00, 0x00, 0x00,
  0x00, 0xfb, 0x00, 0x00, 0x00, 0x17, 0x00, 0x00, 0x15, 0x2c, 0x00, 0x00,
  0x00, 0x00, 0xe8, 0xe5, 0xd3, 0xf3, 0x01, 0x00, 0x00, 0x1b, 0x00, 0x00,
  0x00, 0x00, 0x00, 0x00, 0x00, 0x26, 0x15, 0x15, 0x0b, 0x00, 0x00, 0x22,
  0xb0, 0x00, 0x3e, 0x00, 0xc5, 0x2f, 0x00, 0xfa, 0xe8, 0x00, 0x00, 0xdb,
  0xe0, 0xca, 0x45, 0x01, 0xe4, 0x81, 0x00, 0x55, 0xea, 0x00, 0xde, 0x00,
  0x00, 0x00, 0x00, 0x00, 0x00, 0x00, 0x00, 0x00, 0x00, 0x00, 0xd4, 0x1f,
  0xcf, 0x00, 0xdc, 0x61, 0x00, 0x00, 0x00, 0x00, 0x00, 0x4e, 0xb7, 0xb1,
  0x37, 0xe8, 0x00, 0xfe, 0x00, 0x00, 0x25, 0x00, 0xd8, 0x55, 0x2c, 0x00,
  0x00, 0xbc, 0x3a, 0x27, 0x00, 0x45, 0xcf, 0x00, 0xef, 0x00, 0x16, 0xcb,
  0x00, 0xee, 0xdb, 0x00, 0xcd, 0x00, 0x2c, 0x3c, 0x00, 0x48, 0x00, 0x00,
  0x46, 0x00, 0xfc, 0x00, 0x00, 0x00, 0xc9, 0x00, 0x00, 0x00, 0x2f, 0x39,
  0x00, 0x19, 0x00, 0x30, 0xe3, 0xfe, 0x00, 0xe9, 0x00, 0x00, 0x00, 0x00,
  0x00, 0x5b, 0x00, 0x58, 0xfd, 0xe2, 0x00, 0xf7, 0x00, 0x00, 0xfe, 0x32,
  0x00, 0x00, 0x2d, 0xf0, 0x00, 0x00, 0xaf, 0x16, 0x04, 0x00, 0x00, 0xf9,
  0xf3, 0x00, 0xe1, 0x1a, 0x00, 0xd0, 0x35, 0x00, 0x2b, 0x30, 0xee, 0xfe,
  0x46, 0x47, 0xff, 0x25, 0x00, 0x0e, 0x00, 0x99, 0xfc, 0xf2, 0xd4, 0x1b,
  0x28, 0xb5, 0x00, 0xb9, 0x00, 0xd2, 0x00, 0x00, 0x00, 0x4f, 0x00, 0x00,
  0x00, 0x04, 0x00, 0xdf, 0x32, 0x13, 0x00, 0x20, 0x00, 0x00, 0x3a, 0x00,
  0xd7, 0x07, 0x00, 0xc1, 0x00, 0x04, 0x3f, 0xc0, 0x0f, 0xd5, 0xf8, 0x97,
  0x00, 0xba, 0x00, 0x00, 0x00, 0x00, 0x44, 0x2f, 0x0a, 0x00, 0x00, 0x52,
  0x00, 0x1d, 0x05, 0x00, 0x00, 0xe3, 0xbd, 0xdf, 0x00, 0x10, 0x4e, 0xf0,
  0x27, 0x00, 0x1f, 0x0e, 0x3a, 0xc8, 0xf7, 0x00, 0x00, 0x31, 0xaa, 0x00,
  0x55, 0x00, 0x57, 0x54, 0x7f, 0x00, 0x00, 0x18, 0x39, 0x00, 0x00, 0x00,
  0xa0, 0x00, 0x00, 0x4b, 0x00, 0x00, 0xf5, 0x00, 0x00, 0x00, 0xb3, 0xc3,
  0xea, 0x00, 0xef, 0x00, 0x0e, 0x00, 0xca, 0x00, 0x00, 0x00, 0x20, 0x9a,
  0x00, 0x00, 0xb7, 0x00, 0x00, 0xfb, 0x0c, 0x00, 0x14, 0x00, 0x00, 0xd4,
  0x00, 0x2a, 0x00, 0x00, 0xa8, 0x00, 0xcf, 0x95, 0x00, 0x00, 0x00, 0x00,
  0x0b, 0x00, 0xd8, 0x00, 0x20, 0x00, 0x00, 0x2c, 0x00, 0x00, 0x3a, 0x00,
  0x00, 0xe5, 0xf2, 0x2c, 0x30, 0x00, 0x00, 0x00, 0x36, 0x00, 0x0a, 0x00,
  0xb8, 0x00, 0x00, 0xdc, 0xb7, 0x00, 0x00, 0xe4, 0x38, 0xd8, 0x1e, 0x00,
  0xfc, 0x00, 0x40, 0x00, 0x00, 0xba, 0x00, 0x09, 0xfe, 0x57, 0x5e, 0xc3,
  0xfa, 0xd8, 0x00, 0x00, 0x00, 0x1d, 0x12, 0xff, 0x00, 0x00, 0x47, 0x00,
  0xb3, 0xdf, 0xd4, 0x92, 0x00, 0xcf, 0x00, 0x34, 0x00, 0x2e, 0x00, 0x00,
  0x00, 0x3f, 0x00, 0x00, 0xf3, 0xf9, 0x00, 0x3f, 0xc3, 0xc9, 0x00, 0x00,
  0x00, 0xc7, 0xf7, 0x00, 0x00, 0x00, 0xa7, 0xf9, 0x00, 0xbe, 0xf3, 0x00,
  0x08, 0x00, 0x00, 0x00, 0x00, 0x00, 0x44, 0x5f, 0x00, 0x00, 0x14, 0xf1,
  0x20, 0x3b, 0x00, 0x00, 0x00, 0x0d, 0x00, 0xf3, 0x07, 0xb5, 0x00, 0x00,
  0x00, 0x00, 0x00, 0x00, 0x00, 0x33, 0x00, 0x00, 0x00, 0x00, 0x12, 0x00,
  0x06, 0x41, 0x00, 0x3b, 0x00, 0x00, 0x25, 0x00, 0xc8, 0x0f, 0xe9, 0x1a,
  0x00, 0x00, 0x00, 0x00, 0x00, 0x00, 0x00, 0x43, 0x00, 0x00, 0x00, 0x29,
  0xac, 0x90, 0x00, 0x23, 0x00, 0xd5, 0x39, 0x1a, 0xc9, 0xef, 0x00, 0x1b,
  0x5c, 0x2a, 0x00, 0x00, 0x00, 0x46, 0x00, 0x00, 0x00, 0x00, 0x3b, 0x00,
  0x00, 0x73, 0x02, 0x00, 0x00, 0x00, 0x00, 0x00, 0x8d, 0x00, 0x00, 0xc1,
  0x49, 0x00, 0x00, 0x00, 0xfe, 0x2b, 0xdb, 0x00, 0x00, 0xd3, 0xa5, 0x00,
  0xfd, 0x00, 0xaa, 0xae, 0x00, 0x00, 0x00, 0xc9, 0xcf, 0x00, 0xe1, 0xe6,
  0xc1, 0x00, 0xcc, 0xcc, 0xf8, 0xf2, 0x00, 0xc2, 0xf9, 0xe2, 0xe1, 0x81,
  0x00, 0x00, 0x00, 0x00, 0x00, 0xd6, 0x23, 0x00, 0xd5, 0x15, 0x00, 0xf2,
  0x18, 0x14, 0x1a, 0x00, 0x00, 0x00, 0x00, 0xf3, 0x00, 0x00, 0x00, 0xf9,
  0x00, 0x00, 0x0e, 0x00, 0xf4, 0x2f, 0x00, 0x3a, 0xa7, 0xdd, 0xbd, 0x43,
  0x00, 0x00, 0xc7, 0x09, 0x00, 0x00, 0x00, 0x00, 0x00, 0x00, 0x00, 0x52,
  0x00, 0x00, 0x00, 0xda, 0x10, 0xf0, 0x51, 0x69, 0x00, 0x00, 0x00, 0x00,
  0x00, 0x00, 0xc8, 0x10, 0x00, 0xc0, 0xe7, 0x3a, 0xcf, 0x00, 0x00, 0x00,
  0x3b, 0xe8, 0x3f, 0x08, 0x00, 0x15, 0x00, 0x00, 0x00, 0x00, 0x00, 0x00,
  0x00, 0x00, 0xc7, 0xe6, 0x00, 0x00, 0x0a, 0x00, 0x45, 0x00, 0x00, 0x00,
  0xe6, 0xe6, 0xfd, 0x0d, 0x00, 0xd5, 0x55, 0x2f, 0x00, 0x31, 0x00, 0x00,
  0x00, 0xef, 0x2b, 0xec, 0x3a, 0xff, 0xbd, 0xfa, 0x00, 0xfb, 0x00, 0xff,
  0x00, 0x23, 0x00, 0x11, 0x00, 0xf1, 0x21, 0x03, 0x00, 0xeb, 0x00, 0xce,
  0x00, 0x00, 0x00, 0x00, 0x6b, 0x00, 0x00, 0x00, 0x00, 0x0a, 0x00, 0x00,
  0x00, 0x00, 0x2b, 0xe3, 0x00, 0x2e, 0xd4, 0x00, 0xf8, 0x00, 0xbc, 0x00,
  0xc1, 0x23, 0x00, 0x00, 0x9a, 0x00, 0x00, 0xe8, 0xf6, 0x00, 0x03, 0x3c,
  0xee, 0x00, 0x04, 0x00, 0x00, 0x00, 0xf1, 0x00, 0x04, 0x00, 0x37, 0xc3,
  0x17, 0x00, 0x00, 0x00, 0x07, 0x02, 0x18, 0x00, 0x00, 0xae, 0xd8, 0x00,
  0xd9, 0x03, 0x00, 0xf6, 0x11, 0x00, 0xdf, 0x00, 0x00, 0x00, 0xf0, 0xd6,
  0x30, 0x00, 0x00, 0x00, 0x00, 0x00, 0x03, 0x00, 0x00, 0xde, 0x27, 0x26,
  0xdb, 0xc3, 0x0d, 0x00, 0xe5, 0x12, 0x27, 0x00, 0x41, 0x0a, 0x56, 0x44,
  0xcc, 0x45, 0x00, 0x00, 0x00, 0x08, 0x00, 0x00, 0xfa, 0x1f, 0x00, 0x00,
  0x10, 0xef, 0x00, 0x00, 0x00, 0x07, 0xe7, 0x00, 0x1f, 0xcf, 0xfd, 0x00,
  0x26, 0x3d, 0x00, 0xec, 0x00, 0x00, 0x00, 0x00, 0xed, 0x00, 0xe7, 0xe7,
  0x00, 0x2b, 0x00, 0x00, 0x00, 0x00, 0x00, 0x00, 0xf8, 0xe6, 0x09, 0x14,
  0xe6, 0x00, 0xbf, 0x9d, 0x00, 0x00, 0x00, 0x00, 0x31, 0xb1, 0x00, 0xe9,
  0xdc, 0x00, 0x00, 0x00, 0xfd, 0x00, 0x38, 0x00, 0x00, 0x00, 0x00, 0x0e,
  0x00, 0x00, 0xee, 0xbb, 0x21, 0x34, 0x00, 0x00, 0x00, 0x00, 0x00, 0x1c,
  0x00, 0xfd, 0x06, 0x00, 0x00, 0x11, 0x00, 0x1a, 0x00, 0x00, 0x00, 0x30,
  0x22, 0x00, 0x00, 0x37, 0x00, 0x1b, 0x00, 0x00, 0x00, 0x00, 0x00, 0x3c,
  0x00, 0xdb, 0xf7, 0x00, 0x00, 0x00, 0x00, 0x2f, 0xe4, 0x00, 0x00, 0x38,
  0xbd, 0x00, 0x00, 0x07, 0x00, 0x00, 0x24, 0xed, 0xdc, 0x00, 0x00, 0x00,
  0xd9, 0x1d, 0x07, 0xdf, 0xb5, 0x0f, 0x00, 0x0b, 0x00, 0xdb, 0x93, 0x00,
  0x00, 0x00, 0x50, 0x1f, 0x00, 0xfc, 0x00, 0x00, 0xf4, 0x00, 0xd5, 0x20,
  0x00, 0xaf, 0x00, 0x1f, 0xc4, 0x0c, 0x00, 0x00, 0xf3, 0x00, 0x1c, 0x25,
  0x64, 0x00, 0xb1, 0x81, 0x00, 0x00, 0x00, 0x12, 0x00, 0x00, 0xe2, 0x00,
  0x00, 0x00, 0x00, 0x00, 0x00, 0x27, 0x43, 0x21, 0x00, 0x00, 0x00, 0x11,
  0x00, 0x00, 0x00, 0xf9, 0x21, 0x00, 0x00, 0xd9, 0x00, 0xcf, 0xe4, 0xf5,
  0x00, 0x17, 0xc0, 0x1f, 0x00, 0x00, 0x00, 0x00, 0x00, 0x00, 0x00, 0x00,
  0xee, 0xef, 0x18, 0xde, 0x00, 0xed, 0x00, 0x00, 0x03, 0x00, 0xec, 0xd9,
  0x00, 0x32, 0x2b, 0x00, 0x26, 0x00, 0xf2, 0x00, 0x00, 0x00, 0x15, 0x00,
  0x00, 0xef, 0x00, 0xbf, 0xea, 0x00, 0x00, 0x00, 0x00, 0xd7, 0x00, 0x00,
  0x00, 0xd9, 0x00, 0x55, 0x00, 0xa0, 0x01, 0x44, 0x00, 0xdb, 0xf8, 0x00,
  0x07, 0x00, 0x00, 0x00, 0xf4, 0x06, 0xc1, 0xe1, 0x00, 0xe5, 0x00, 0x00,
  0x28, 0xef, 0x00, 0x35, 0x40, 0x24, 0x00, 0xd6, 0xe9, 0x00, 0x00, 0x00,
  0x10, 0x00, 0xcc, 0x00, 0x00, 0x00, 0x0c, 0x00, 0xf0, 0x00, 0xf9, 0x00,
  0x00, 0x06, 0x0b, 0xf2, 0x00, 0x00, 0x34, 0x25, 0x00, 0x0c, 0x00, 0xeb,
  0x00, 0x34, 0x00, 0x00, 0x20, 0xdf, 0x00, 0xdf, 0x00, 0x09, 0x00, 0x09,
  0x00, 0x00, 0x00, 0x30, 0x00, 0xfa, 0x00, 0x00, 0x00, 0x00, 0x00, 0x00,
  0xe8, 0x41, 0x00, 0x00, 0x13, 0x00, 0x00, 0x00, 0xc0, 0x2c, 0x00, 0x00,
  0x01, 0x2a, 0x37, 0x00, 0x00, 0x00, 0xfe, 0xdc, 0x00, 0x00, 0x0d, 0x03,
  0xd5, 0x00, 0x00, 0x1a, 0x00, 0x00, 0x00, 0xea, 0x08, 0x13, 0x00, 0x00,
  0x00, 0xf3, 0x00, 0x5a, 0xe9, 0x00, 0x22, 0x5c, 0x08, 0x28, 0x00, 0x00,
  0x00, 0x00, 0x00, 0x00, 0x00, 0x0d, 0xfd, 0xfb, 0x00, 0x00, 0x54, 0x00,
  0xd8, 0xcd, 0x7f, 0x53, 0x00, 0x06, 0x00, 0x27, 0x00, 0x00, 0x37, 0x05,
  0x00, 0x00, 0xcc, 0x00, 0x3b, 0x20, 0x00, 0x00, 0xe4, 0x0e, 0xe3, 0x00,
  0x00, 0x00, 0xfe, 0xc5, 0x00, 0x00, 0x0d, 0x3f, 0xe2, 0xa3, 0x01, 0x00,
  0x00, 0x14, 0xab, 0xde, 0xfa, 0x00, 0x00, 0x00, 0x04, 0x00, 0xfa, 0xf4,
  0xe4, 0x1a, 0x00, 0x2c, 0x00, 0x00, 0xe2, 0xe0, 0xf1, 0x1f, 0x2a, 0x00,
  0xe4, 0x00, 0xfb, 0x00, 0x00, 0x53, 0x00, 0xf4, 0xcd, 0x3f, 0x11, 0xc9,
  0x0d, 0x2b, 0x1e, 0x00, 0x00, 0x00, 0xe7, 0x30, 0x00, 0x00, 0x11, 0xeb,
  0x00, 0x07, 0x00, 0x47, 0x00, 0xcd, 0xe7, 0x00, 0x0b, 0x00, 0xfa, 0x3a,
  0x81, 0x02, 0x1c, 0x00, 0x02, 0xe9, 0x65, 0xf0, 0x00, 0x00, 0x00, 0x20,
  0x00, 0x00, 0xe2, 0x00, 0x00, 0x00, 0x41, 0x00, 0x00, 0x09, 0x00, 0x00,
  0x00, 0x00, 0x00, 0x00, 0x23, 0xc8, 0x00, 0x00, 0x36, 0x00, 0xde, 0xde,
  0x4a, 0x3a, 0x30, 0xe1, 0x15, 0x00, 0xf7, 0xf8, 0xd9, 0x00, 0x0d, 0x00,
  0x0c, 0x00, 0x00, 0x0b, 0x00, 0x00, 0x00, 0xd3, 0x00, 0xf3, 0x24, 0x00,
  0x00, 0xd9, 0x00, 0x00, 0x00, 0x00, 0x00, 0x00, 0x00, 0x00, 0x00, 0x67,
  0x00, 0xda, 0xbe, 0x00, 0x00, 0x00, 0x15, 0x00, 0x00, 0x00, 0x00, 0x00,
  0x00, 0x00, 0x00, 0x00, 0x00, 0x00, 0x00, 0x35, 0x00, 0x00, 0x00, 0xc8,
  0x15, 0xf1, 0x06, 0xe3, 0x00, 0x00, 0x00, 0x00, 0x00, 0x00, 0x00, 0xa9,
  0x1d, 0x00, 0x5e, 0xed, 0x00, 0xfa, 0x00, 0x00, 0xcc, 0x00, 0x10, 0x00,
  0xd8, 0x00, 0x00, 0x00, 0x00, 0x06, 0x00, 0x00, 0x00, 0x00, 0xcd, 0x00,
  0x00, 0x00, 0x16, 0xed, 0x09, 0x00, 0x00, 0xc8, 0x00, 0xed, 0x23, 0xba,
  0xdf, 0x00, 0x00, 0x00, 0x00, 0x00, 0x00, 0x99, 0x00, 0x00, 0x94, 0xbe,
  0x00, 0x0c, 0xdf, 0x24, 0xb5, 0x00, 0x00, 0xe1, 0xab, 0x00, 0x00, 0xe5,
  0x00, 0xbc, 0x00, 0xf3, 0x00, 0x00, 0xed, 0x00, 0xfa, 0x00, 0x00, 0x00,
  0x00, 0x35, 0x08, 0x00, 0x12, 0x23, 0x00, 0x19, 0x00, 0x00, 0x00, 0x03,
  0x00, 0x2c, 0x00, 0x3f, 0x00, 0xec, 0x00, 0x2c, 0x58, 0x00, 0x00, 0xed,
  0xf7, 0x00, 0x00, 0x00, 0x00, 0x00, 0x00, 0x00, 0x00, 0x00, 0x00, 0x6f,
  0xb1, 0x24, 0x00, 0x00, 0x00, 0x1d, 0x00, 0x00, 0x4d, 0x00, 0xcc, 0x0c,
  0xf1, 0x08, 0x00, 0xd7, 0xfc, 0xf4, 0x00, 0x08, 0x00, 0xf0, 0x00, 0x00,
  0xda, 0xce, 0xbf, 0x00, 0xcd, 0x00, 0xcf, 0xfc, 0x00, 0x00, 0xb9, 0x00,
  0xe8, 0x00, 0xf0, 0x00, 0x00, 0x00, 0xfb, 0x96, 0x87, 0xf2, 0x00, 0x00,
  0x00, 0x00, 0x00, 0x00, 0xbb, 0x00, 0x16, 0xf4, 0x08, 0x15, 0xec, 0x20,
  0x00, 0x26, 0x91, 0xe9, 0x00, 0x00, 0xc6, 0xb5, 0x00, 0xb4, 0x00, 0x00,
  0x00, 0x17, 0xe4, 0x00, 0x00, 0x00, 0x57, 0x00, 0x18, 0x00, 0x00, 0xcf,
  0x18, 0x32, 0x00, 0xea, 0x00, 0x45, 0xbf, 0x00, 0xb5, 0xc3, 0x00, 0xf0,
  0x00, 0xc0, 0xdc, 0xe5, 0xbe, 0x00, 0xce, 0x60, 0xb5, 0x04, 0x00, 0x00,
  0x37, 0x1c, 0x00, 0xde, 0x00, 0x00, 0x00, 0x00, 0x15, 0xfe, 0xc9, 0x00,
  0xca, 0xec, 0x00, 0xd5, 0xcb, 0xd7, 0x00, 0x00, 0x00, 0x2e, 0x00, 0x00,
  0x00, 0x21, 0x00, 0x03, 0x00, 0x00, 0x03, 0xbe, 0x00, 0xde, 0x11, 0x17,
  0x00, 0x00, 0x00, 0x00, 0x00, 0x00, 0x00, 0x58, 0xf2, 0x00, 0x00, 0x00,
  0x00, 0x00, 0xe2, 0x00, 0x00, 0x45, 0x00, 0xd5, 0x00, 0x3f, 0x34, 0x00,
  0x00, 0xf9, 0x51, 0xee, 0x01, 0x31, 0x3f, 0x00, 0xc6, 0x53, 0x00, 0xb8,
  0x00, 0x05, 0x00, 0x3b, 0x11, 0x00, 0x00, 0x18, 0x00, 0x00, 0x17, 0x3e,
  0xb8, 0x00, 0xc2, 0x00, 0xf9, 0xbe, 0x00, 0x1e, 0x00, 0x00, 0x00, 0x00,
  0x00, 0x00, 0x10, 0xf0, 0xce, 0x00, 0xfd, 0x00, 0xc9, 0x00, 0x34, 0x1e,
  0x3a, 0xee, 0x00, 0x00, 0x00, 0x22, 0x00, 0x00, 0x00, 0x00, 0x00, 0xfa,
  0x00, 0x00, 0xc2, 0x00, 0x00, 0x00, 0x00, 0xe1, 0x00, 0x26, 0x00, 0xa1,
  0x00, 0x00, 0x07, 0x0b, 0x00, 0xe8, 0x00, 0x37, 0x02, 0x00, 0xf2, 0x00,
  0xed, 0x00, 0x1f, 0x7f, 0x00, 0x00, 0xdd, 0x00, 0xe7, 0xfc, 0x02, 0x29,
  0xe0, 0xbf, 0x2c, 0x00, 0x00, 0x00, 0x00, 0x00, 0x00, 0x03, 0x00, 0xb7,
  0x00, 0x10, 0x00, 0x23, 0x45, 0x00, 0x00, 0x23, 0x00, 0x1c, 0x00, 0x00,
  0xca, 0xd5, 0xb3, 0xd2, 0xd5, 0x00, 0x00, 0x00, 0x00, 0x00, 0xf8, 0x2e,
  0x00, 0xda, 0xf4, 0x00, 0x00, 0xed, 0x00, 0xcd, 0x3f, 0xf7, 0xef, 0x18,
  0x00, 0xe5, 0x00, 0x00, 0x00, 0xdd, 0xdd, 0x00, 0xe5, 0xd9, 0x16, 0x00,
  0x4b, 0x21, 0x00, 0xc9, 0x00, 0x27, 0xe4, 0x00, 0x1c, 0x00, 0xf5, 0x00,
  0x5a, 0x00, 0x40, 0x00, 0x23, 0x00, 0x04, 0xf3, 0x00, 0x33, 0x00, 0xed,
  0x8a, 0x00, 0x2b, 0x00, 0xd1, 0x0e, 0xdf, 0xf4, 0x00, 0x00, 0x00, 0x00,
  0xe8, 0xa1, 0x00, 0x3b, 0xec, 0x00, 0x31, 0x00, 0x00, 0x29, 0x4d, 0x2f,
  0x00, 0x00, 0xe1, 0x00, 0x00, 0x00, 0x00, 0xad, 0x01, 0x41, 0xe3, 0x00,
  0xb7, 0x00, 0x00, 0xda, 0x00, 0x00, 0xef, 0x00, 0x01, 0xef, 0x00, 0x00,
  0x00, 0x00, 0x00, 0x00, 0xf5, 0x00, 0x00, 0x00, 0x00, 0xeb, 0x29, 0x00,
  0x00, 0x00, 0xbd, 0x00, 0xe5, 0xf1, 0x00, 0x00, 0x07, 0x00, 0xba, 0x00,
  0xc6, 0xaf, 0x3d, 0x00, 0x00, 0xe2, 0xf7, 0xf6, 0xef, 0x00, 0x00, 0x06,
  0x00, 0x00, 0xb1, 0x00, 0x00, 0xf9, 0x00, 0x00, 0x00, 0x00, 0x81, 0x00,
  0x00, 0x00, 0xe8, 0x3e, 0xb0, 0xd5, 0xd9, 0xdd, 0x4c, 0x04, 0xec, 0xf2,
  0x00, 0x00, 0x00, 0x11, 0x00, 0x00, 0x00, 0x00, 0x05, 0x00, 0xed, 0xea,
  0x00, 0xd2, 0x00, 0x00, 0x00, 0x00, 0xdc, 0xe5, 0x00, 0xf1, 0xbd, 0x0d,
  0x00, 0xf4, 0x07, 0x00, 0xf7, 0x00, 0x00, 0x00, 0xce, 0x02, 0x00, 0x00,
  0x00, 0x93, 0xec, 0x0c, 0x00, 0x00, 0x00, 0x00, 0x00, 0x00, 0xdc, 0x00,
  0x00, 0xd4, 0x00, 0xd9, 0xdc, 0x00, 0x18, 0xef, 0x00, 0x0d, 0x00, 0x00,
  0x00, 0x00, 0xc7, 0x00, 0x00, 0x00, 0x00, 0x00, 0x00, 0x00, 0x04, 0x00,
  0x34, 0x0d, 0xfc, 0xea, 0x00, 0x00, 0x00, 0xed, 0x00, 0x46, 0xf0, 0x00,
  0x16, 0x00, 0x00, 0x00, 0xfd, 0x00, 0x00, 0x00, 0x00, 0x00, 0xbb, 0x00,
  0x00, 0x92, 0xfa, 0x00, 0x00, 0x19, 0x00, 0x00, 0x00, 0x07, 0x4b, 0x0c,
  0xd3, 0x0d, 0x00, 0x15, 0xf1, 0x2d, 0x10, 0xf1, 0x00, 0x00, 0x20, 0x00,
  0xc6, 0xce, 0xbb, 0x00, 0xd0, 0x09, 0xfa, 0x00, 0x00, 0x3e, 0xf4, 0x05,
  0x00, 0x00, 0x00, 0xf1, 0xca, 0x00, 0xfd, 0x00, 0x0e, 0x00, 0xb5, 0xd2,
  0x00, 0x44, 0x17, 0x00, 0x0d, 0xf4, 0x00, 0x00, 0xbb, 0x03, 0x00, 0x00,
  0xd4, 0xff, 0x00, 0x00, 0xca, 0xdc, 0x55, 0x00, 0x00, 0x00, 0x00, 0x4c,
  0x1a, 0x00, 0x00, 0x68, 0x02, 0xfd, 0x00, 0xfa, 0xda, 0x00, 0x27, 0x00,
  0xa8, 0x00, 0x00, 0x00, 0x8b, 0x00, 0x23, 0x00, 0xe4, 0x00, 0x16, 0x00,
  0x4b, 0x32, 0x00, 0x00, 0x00, 0xf9, 0x31, 0x00, 0xf8, 0x00, 0xf2, 0x00,
  0x18, 0x8d, 0xd3, 0x3e, 0x5b, 0x01, 0x00, 0x00, 0x00, 0x00, 0x00, 0x00,
  0x00, 0xb9, 0xc7, 0x00, 0xce, 0xd2, 0x35, 0x34, 0x00, 0xe0, 0x14, 0x00,
  0x00, 0x00, 0xe5, 0x00, 0xda, 0x00, 0x00, 0x00, 0x37, 0x00, 0x00, 0x00,
  0x24, 0xe8, 0x1c, 0xf6, 0x38, 0x00, 0xd4, 0x00, 0x00, 0x4d, 0x00, 0xe4,
  0x00, 0xe7, 0x00, 0x17, 0x00, 0x00, 0x29, 0xbb, 0x00, 0x3f, 0x00, 0x00,
  0x6f, 0xdb, 0x00, 0x00, 0x09, 0x00, 0xd2, 0x00, 0x00, 0x00, 0x00, 0xd3,
  0xef, 0x00, 0x00, 0x00, 0x00, 0xc6, 0x00, 0x3f, 0xd2, 0x99, 0x14, 0xdf,
  0x00, 0x00, 0x33, 0x00, 0x1a, 0x00, 0x00, 0xbb, 0x00, 0xfc, 0x00, 0x24,
  0x4a, 0x00, 0x00, 0x97, 0xec, 0x00, 0x11, 0x10, 0xdf, 0xbb, 0x00, 0xf2,
  0x2d, 0x00, 0x00, 0xde, 0x53, 0xb8, 0x14, 0x00, 0xaf, 0x22, 0x00, 0xba,
  0xed, 0xe2, 0x5b, 0x00, 0x00, 0xe4, 0x02, 0xef, 0x7a, 0x32, 0x00, 0x00,
  0x00, 0xe1, 0x28, 0x10, 0x00, 0xda, 0xcd, 0xb6, 0x1b, 0xe8, 0x22, 0x33,
  0xf2, 0x00, 0xf5, 0x00, 0x47, 0xa8, 0xe8, 0x1b, 0x4c, 0x44, 0x00, 0x00,
  0x0c, 0x00, 0x2e, 0x00, 0x55, 0x00, 0xe8, 0xa1, 0x00, 0x00, 0x00, 0x00,
  0x24, 0x00, 0x00, 0xbb, 0x24, 0x00, 0x00, 0xf0, 0x00, 0x00, 0x30, 0xaf,
  0x00, 0x00, 0x00, 0x00, 0x24, 0x00, 0x1f, 0x1a, 0x0d, 0x00, 0x4c, 0x00,
  0x00, 0x00, 0x00, 0x00, 0x27, 0xf0, 0x33, 0x0c, 0xef, 0x03, 0x7f, 0xe5,
  0x00, 0x28, 0x00, 0x00, 0x00, 0xa9, 0x00, 0x15, 0x00, 0x00, 0xaa, 0x00,
  0x14, 0x01, 0xf4, 0x02, 0x14, 0x00, 0x00, 0xca, 0x00, 0x00, 0x00, 0x13,
  0xe6, 0xdd, 0x0f, 0x00, 0x00, 0xe8, 0x03, 0x00, 0xdc, 0x4b, 0x00, 0xa1,
  0x00, 0x47, 0x00, 0x00, 0x00, 0xed, 0xe4, 0xc5, 0x00, 0xfa, 0x00, 0x00,
  0x00, 0xf7, 0x00, 0x26, 0x3b, 0xd6, 0xf8, 0xa7, 0x7f, 0x3e, 0x00, 0x1c,
  0xf2, 0x00, 0x00, 0x00, 0xd1, 0xc7, 0x00, 0xf2, 0xf0, 0xf7, 0x00, 0xef,
  0x00, 0x00, 0x1c, 0xe3, 0x00, 0x00, 0x00, 0x0d, 0x00, 0x00, 0x0a, 0xc3,
  0x00, 0x00, 0x00, 0x00, 0x00, 0xf7, 0x02, 0x02, 0x00, 0xdc, 0x00, 0xc7,
  0xef, 0x04, 0xe9, 0x00, 0x00, 0x00, 0x00, 0x16, 0x19, 0x46, 0x00, 0xd3,
  0xe4, 0xdf, 0x1a, 0x00, 0x0c, 0x1d, 0x00, 0x2d, 0x00, 0xe6, 0x0b, 0x4c,
  0xd7, 0x00, 0xf0, 0x32, 0x00, 0xc3, 0x00, 0x24, 0x07, 0x29, 0xdf, 0xda,
  0xdf, 0x4e, 0x0b, 0x4a, 0x00, 0x00, 0x00, 0x00, 0x00, 0x32, 0x00, 0x00,
  0xc0, 0x00, 0x00, 0x24, 0xf1, 0x2e, 0x00, 0xfc, 0x1f, 0x00, 0x00, 0x02,
  0x0b, 0xb3, 0x13, 0x2f, 0x11, 0x00, 0x0c, 0xe1, 0x00, 0x00, 0x00, 0x00,
  0x13, 0x32, 0x00, 0x00, 0x0f, 0x00, 0x00, 0x00, 0xcf, 0x00, 0xf7, 0x00,
  0xe4, 0x00, 0x00, 0x00, 0xf1, 0x00, 0x00, 0x04, 0xd4, 0x00, 0x00, 0x3c,
  0x0d, 0x00, 0xd3, 0x13, 0xe8, 0x00, 0x00, 0x00, 0x23, 0x00, 0x25, 0x00,
  0x00, 0x00, 0x00, 0x00, 0xfd, 0x00, 0x00, 0x00, 0x1f, 0xa1, 0x00, 0x19,
  0xe5, 0x00, 0x00, 0x00, 0x00, 0x00, 0x00, 0x00, 0x00, 0x00, 0xe9, 0x00,
  0x00, 0x00, 0x13, 0x00, 0xd9, 0xe3, 0x00, 0x14, 0x00, 0x00, 0x00, 0xd3,
  0x00, 0x00, 0x38, 0x00, 0x00, 0x00, 0x00, 0x00, 0xd1, 0x21, 0x00, 0x00,
  0x00, 0x00, 0x00, 0xec, 0xe6, 0x00, 0xf2, 0x00, 0x00, 0x00, 0x00, 0x00,
  0x00, 0x12, 0x02, 0x00, 0x00, 0x00, 0x00, 0x00, 0x00, 0x0a, 0x00, 0x00,
  0x42, 0x47, 0x00, 0x00, 0x00, 0x00, 0x00, 0x0e, 0xff, 0x00, 0xe5, 0x19,
  0x01, 0x2e, 0x00, 0xce, 0x00, 0x00, 0x39, 0x00, 0x00, 0xe4, 0x17, 0x00,
  0x00, 0x00, 0xf4, 0xb3, 0x03, 0x00, 0x13, 0x2c, 0x17, 0xf8, 0x1e, 0xf0,
  0x3d, 0x00, 0x1f, 0x00, 0xf7, 0x45, 0x00, 0x0b, 0xcb, 0x00, 0x00, 0x1d,
  0x2d, 0x00, 0x00, 0xbc, 0x00, 0x00, 0x13, 0xff, 0x00, 0xeb, 0x00, 0x00,
  0x45, 0x09, 0xfe, 0xf2, 0x30, 0x00, 0x4c, 0x06, 0x4a, 0xb6, 0x00, 0x00,
  0x08, 0x00, 0x00, 0x8a, 0x00, 0x22, 0x18, 0x41, 0x00, 0x00, 0x00, 0x00,
  0x00, 0x00, 0x00, 0x11, 0x00, 0x00, 0xd2, 0x00, 0xee, 0xf5, 0x65, 0x33,
  0xc5, 0x00, 0x00, 0xfa, 0x00, 0x00, 0x08, 0x2c, 0xda, 0x00, 0x00, 0x00,
  0x00, 0x00, 0x00, 0x00, 0xce, 0x00, 0x00, 0x00, 0x00, 0x10, 0x00, 0x2d,
  0x00, 0x00, 0x00, 0x00, 0x00, 0x00, 0x2a, 0xf3, 0x21, 0x1d, 0xf9, 0x04,
  0x00, 0x00, 0xce, 0xfc, 0xa8, 0x27, 0xf0, 0x00, 0x00, 0xef, 0x00, 0x07,
  0x04, 0x0d, 0x1f, 0xd6, 0x00, 0x19, 0xc1, 0x94, 0x00, 0x00, 0x00, 0x00,
  0x32, 0x17, 0x4f, 0x00, 0x00, 0x00, 0x00, 0x0a, 0x00, 0xc7, 0xfb, 0x2c,
  0x00, 0x00, 0xe1, 0x00, 0xd8, 0x00, 0x00, 0x00, 0x00, 0x00, 0x54, 0x00,
  0x00, 0xf4, 0x00, 0x00, 0x63, 0x00, 0x00, 0x23, 0x00, 0x32, 0x00, 0xcd,
  0x11, 0x00, 0x25, 0x3e, 0x00, 0x00, 0x16, 0x00, 0xfa, 0xed, 0x00, 0x00,
  0x00, 0x2f, 0x08, 0x25, 0x00, 0x00, 0x00, 0x00, 0x00, 0x10, 0x00, 0x00,
  0x27, 0x00, 0x00, 0x00, 0x3b, 0x20, 0x00, 0x7f, 0x00, 0x2f, 0x00, 0x00,
  0xf1, 0x00, 0x00, 0x02, 0xd8, 0x00, 0x00, 0x0e, 0x00, 0x00, 0x64, 0x00,
  0x00, 0x00, 0x8f, 0x00, 0xf7, 0xff, 0x00, 0x00, 0x62, 0x00, 0x00, 0x00,
  0x00, 0x23, 0x00, 0xc5, 0x00, 0x00, 0x29, 0x00, 0x50, 0x00, 0x00, 0xdd,
  0x00, 0x00, 0x00, 0xa8, 0x00, 0x1e, 0x00, 0x00, 0x05, 0x00, 0x16, 0x00,
  0x00, 0xf4, 0xfa, 0x22, 0x00, 0x00, 0xc4, 0x2a, 0x20, 0xa6, 0x00, 0x00,
  0x00, 0x33, 0x00, 0xc6, 0xe0, 0x00, 0x00, 0xe8, 0xe7, 0x00, 0x0f, 0x00,
  0x21, 0x00, 0x19, 0x00, 0x3f, 0x00, 0x00, 0x2c, 0x17, 0x00, 0x01, 0x30,
  0xeb, 0x4e, 0x00, 0xa4, 0xc6, 0xe1, 0x00, 0x00, 0xdb, 0xc7, 0xde, 0x00,
  0xf5, 0x00, 0x00, 0xbe, 0x00, 0x20, 0x00, 0x00, 0x00, 0x00, 0x00, 0x00,
  0x19, 0x00, 0x19, 0x00, 0x00, 0x00, 0xb6, 0xfd, 0xf1, 0x00, 0x10, 0x01,
  0xdc, 0x10, 0x24, 0xac, 0xde, 0x08, 0x19, 0x1d, 0x00, 0x29, 0x00, 0x00,
  0x0a, 0x33, 0x00, 0x4f, 0x3d, 0x00, 0x28, 0x00, 0x00, 0xd5, 0x00, 0x15,
  0xf8, 0x00, 0x00, 0x00, 0x2a, 0xfb, 0x00, 0xed, 0x71, 0xdf, 0xa9, 0x00,
  0x00, 0x00, 0x11, 0x41, 0x00, 0xc0, 0x00, 0x4e, 0x00, 0x00, 0x43, 0xe1,
  0x13, 0xd5, 0x13, 0x0f, 0x00, 0x00, 0x00, 0xa8, 0x17, 0xc4, 0x6b, 0x00,
  0xc9, 0x00, 0x51, 0x0d, 0xc0, 0xe8, 0x00, 0x00, 0x00, 0x00, 0xd5, 0x00,
  0xdd, 0x00, 0x1e, 0x60, 0xfc, 0xe3, 0x2b, 0x00, 0x25, 0x00, 0x00, 0xf9,
  0x00, 0x00, 0xdb, 0x00, 0xfa, 0x00, 0x00, 0x00, 0x24, 0x00, 0x00, 0x00,
  0x00, 0xe9, 0xb0, 0x00, 0xd6, 0xb6, 0x00, 0x33, 0x37, 0x1d, 0x20, 0x00,
  0x00, 0x00, 0x00, 0x75, 0xff, 0x00, 0x00, 0x14, 0x00, 0xb8, 0x00, 0x00,
  0xa9, 0x23, 0x03, 0x00, 0x00, 0x00, 0x00, 0x00, 0xa9, 0x42, 0x00, 0xc2,
  0xf7, 0x00, 0x00, 0x7f, 0x00, 0xfb, 0x00, 0x00, 0x00, 0x00, 0x3a, 0x00,
  0x17, 0x05, 0xaf, 0x25, 0x07, 0x00, 0x00, 0xc3, 0x00, 0x28, 0xca, 0x0d,
  0x00, 0x1c, 0xe3, 0x00, 0x00, 0x17, 0xd9, 0x15, 0x00, 0x22, 0x00, 0x00,
  0x00, 0x4b, 0x00, 0x00, 0x38, 0x00, 0x00, 0x00, 0xa1, 0x00, 0x50, 0xee,
  0xd1, 0x16, 0x00, 0x00, 0xa1, 0x00, 0x00, 0x00, 0x00, 0x00, 0x00, 0x00,
  0x00, 0x00, 0x00, 0x00, 0x00, 0xd0, 0x4e, 0x00, 0x00, 0x2c, 0x33, 0x00,
  0x64, 0x00, 0x00, 0x00, 0x00, 0x00, 0x00, 0x00, 0x04, 0x00, 0x00, 0x27,
  0xc9, 0xfe, 0x19, 0x03, 0x00, 0x00, 0x1b, 0x00, 0x10, 0x16, 0x00, 0x00,
  0xe5, 0x00, 0x00, 0x00, 0x00, 0x00, 0x00, 0x00, 0x44, 0x36, 0x00, 0x00,
  0xe9, 0x00, 0x08, 0x00, 0x1f, 0x00, 0x00, 0x00, 0xe6, 0x08, 0x00, 0x00,
  0x00, 0xdc, 0x39, 0x00, 0xa0, 0x00, 0x00, 0x00, 0xb9, 0x00, 0x00, 0x46,
  0x00, 0xd4, 0x22, 0x00, 0x35, 0xbc, 0x00, 0x00, 0x00, 0x00, 0x2c, 0x00,
  0x00, 0xe0, 0x00, 0x09, 0xcb, 0x00, 0x1a, 0xf5, 0x00, 0x18, 0xf0, 0x00,
  0xe8, 0x08, 0x00, 0x00, 0x0d, 0x00, 0x09, 0x00, 0x04, 0x2c, 0x00, 0x3e,
  0x00, 0x1b, 0x19, 0x00, 0xed, 0x00, 0x1f, 0x00, 0xe6, 0x00, 0x00, 0x00,
  0x38, 0x00, 0x00, 0x00, 0x11, 0x5d, 0x9d, 0x00, 0xa3, 0xe3, 0xe2, 0x05,
  0x00, 0x00, 0x00, 0x00, 0xfd, 0xd5, 0x00, 0x27, 0x00, 0xc0, 0x46, 0xd5,
  0x00, 0x00, 0xd6, 0x00, 0x05, 0xbe, 0x00, 0x01, 0x00, 0x00, 0xd1, 0x22,
  0x1e, 0x00, 0x00, 0x00, 0x00, 0x6d, 0x33, 0x00, 0x0c, 0x00, 0x57, 0xd7,
  0x00, 0xab, 0x00, 0x00, 0x00, 0xf2, 0x00, 0x19, 0x00, 0xf7, 0x00, 0x00,
  0x29, 0xfb, 0x8c, 0x00, 0x26, 0x00, 0xbe, 0x00, 0x00, 0x08, 0x00, 0xee,
  0xcc, 0xad, 0x00, 0x00, 0xe6, 0x15, 0x00, 0x08, 0xd1, 0x00, 0xdf, 0x00,
  0x00, 0x00, 0xcf, 0x00, 0x00, 0x00, 0x00, 0x00, 0x00, 0x00, 0x36, 0x68,
  0x00, 0xcb, 0xad, 0xe3, 0x00, 0xff, 0x00, 0x00, 0x09, 0x00, 0x00, 0xf4,
  0x61, 0x27, 0x00, 0xc7, 0x1f, 0x00, 0xd7, 0x00, 0x24, 0x00, 0xeb, 0xad,
  0x00, 0x00, 0x00, 0x00, 0x00, 0x00, 0x47, 0x00, 0x00, 0x00, 0x55, 0x22,
  0x1d, 0x00, 0xdc, 0x06, 0x2f, 0x00, 0x81, 0xcd, 0x00, 0x00, 0xee, 0x00,
  0x00, 0x00, 0x09, 0xca, 0x00, 0xec, 0xfb, 0x00, 0x00, 0x00, 0x06, 0xfe,
  0x0a, 0xcb, 0x3f, 0x00, 0x06, 0x00, 0x00, 0xab, 0x0b, 0x00, 0x00, 0x17,
  0x00, 0xa5, 0x26, 0x00, 0xde, 0x19, 0xe7, 0x00, 0x00, 0xda, 0x7f, 0x00,
  0x00, 0x00, 0xb7, 0xd8, 0x00, 0x1f, 0xc5, 0xb8, 0xb5, 0x00, 0x00, 0xcb,
  0x00, 0x00, 0xdf, 0xe5, 0x00, 0x00, 0x00, 0x45, 0x00, 0x00, 0x00, 0x00,
  0x00, 0x2a, 0x00, 0xda, 0x47, 0x3a, 0xdd, 0x00, 0x00, 0xcc, 0x00, 0xd8,
  0xeb, 0x00, 0x00, 0x11, 0xa8, 0xbc, 0x14, 0x00, 0x00, 0x1a, 0x1b, 0x50,
  0x48, 0x00, 0x00, 0x00, 0xfe, 0x2e, 0x00, 0xce, 0x00, 0x00, 0xcc, 0xd5,
  0x00, 0xdb, 0x45, 0xff, 0xa8, 0x00, 0x30, 0x2a, 0x5f, 0x36, 0x2a, 0x48,
  0x00, 0x1b, 0x16, 0xfb, 0x00, 0x00, 0x93, 0x00, 0xee, 0x4a, 0x00, 0xf3,
  0x00, 0x00, 0xd4, 0x00, 0x39, 0x31, 0xe5, 0x00, 0x00, 0xf4, 0x00, 0x00,
  0x00, 0x1c, 0x3f, 0x00, 0x00, 0x00, 0x00, 0x00, 0xfa, 0x00, 0x00, 0xd6,
  0x00, 0x00, 0x25, 0x00, 0x00, 0x32, 0x31, 0x00, 0x0f, 0x00, 0x55, 0x2e,
  0x00, 0xf0, 0x90, 0x9b, 0x52, 0x0f, 0xe1, 0xd9, 0x00, 0x00, 0xd4, 0xe1,
  0x00, 0x0e, 0x00, 0x00, 0x00, 0x00, 0x70, 0x33, 0x00, 0x00, 0xcf, 0xc5,
  0x00, 0x00, 0x39, 0x00, 0x00, 0xa0, 0x00, 0xba, 0x00, 0x00, 0x00, 0x00,
  0x00, 0x00, 0xfc, 0x00, 0x11, 0x12, 0x2d, 0x04, 0x23, 0x00, 0x00, 0xab,
  0x00, 0xfa, 0x00, 0x00, 0x27, 0xce, 0x00, 0x00, 0x0d, 0x00, 0x00, 0x00,
  0x00, 0x00, 0x14, 0x00, 0x00, 0xf9, 0x0c, 0x00, 0x22, 0x00, 0x52, 0x45,
  0xd6, 0x06, 0x00, 0x00, 0x00, 0x00, 0x91, 0x0e, 0x00, 0x46, 0xd9, 0xfb,
  0x01, 0x0c, 0x00, 0x00, 0x43, 0x00, 0x00, 0x00, 0x00, 0x00, 0x00, 0x33,
  0xd2, 0x00, 0xfe, 0xf6, 0x00, 0xf0, 0x00, 0x00, 0x23, 0x00, 0xd9, 0xf9,
  0x00, 0x00, 0x00, 0x05, 0x00, 0x08, 0x00, 0xc3, 0xa7, 0x00, 0x00, 0x00,
  0x00, 0x03, 0x54, 0x00, 0x1f, 0xd1, 0x00, 0x4d, 0x00, 0x15, 0xd9, 0x00,
  0x00, 0xdf, 0x02, 0x00, 0x00, 0x00, 0xe7, 0x00, 0x00, 0x00, 0xf6, 0xe1,
  0x00, 0x00, 0x00, 0xe1, 0x00, 0x00, 0x00, 0x00, 0x00, 0x12, 0x00, 0x00,
  0x3a, 0x0a, 0x48, 0x0e, 0x1b, 0x00, 0x03, 0xe2, 0xde, 0x82, 0x00, 0x2c,
  0xf4, 0x00, 0x06, 0x00, 0x00, 0x29, 0x00, 0xbe, 0xec, 0x00, 0x1f, 0xbe,
  0x00, 0x00, 0xe7, 0x00, 0x00, 0x00, 0x00, 0x8e, 0x00, 0x00, 0x11, 0x00,
  0x00, 0x00, 0x00, 0x00, 0x2b, 0xe7, 0x0b, 0x27, 0x00, 0x00, 0xd8, 0xe8,
  0xe3, 0x00, 0xc3, 0x00, 0xdf, 0xc2, 0xf8, 0xee, 0x00, 0x07, 0x00, 0x45,
  0x18, 0x44, 0x04, 0xff, 0x00, 0x00, 0x55, 0x00, 0xe3, 0x81, 0x00, 0x7e,
  0xfd, 0x00, 0x00, 0x00, 0x36, 0xf6, 0x00, 0x00, 0xb1, 0x31, 0xc0, 0x00,
  0xfc, 0x00, 0x35, 0x30, 0x00, 0x0f, 0x00, 0x00, 0x49, 0x00, 0xf5, 0x00,
  0x53, 0x5b, 0x00, 0xa9, 0x00, 0x00, 0x00, 0xbb, 0x00, 0x3c, 0x00, 0x29,
  0x00, 0xc7, 0x9e, 0xf0, 0x00, 0xf9, 0x00, 0x00, 0xe6, 0x00, 0x00, 0x00,
  0x1f, 0x07, 0x00, 0xd7, 0xfd, 0x43, 0x00, 0x00, 0x00, 0xb1, 0x00, 0x16,
  0x00, 0xe9, 0x00, 0x1d, 0xf1, 0xd9, 0x00, 0x00, 0x00, 0x00, 0x00, 0xd8,
  0x00, 0x09, 0xa1, 0x10, 0x5e, 0x39, 0x00, 0xe4, 0x0d, 0xef, 0xd5, 0xc1,
  0x00, 0x00, 0xf1, 0x00, 0x00, 0x00, 0x00, 0x42, 0xf2, 0x00, 0xef, 0x00,
  0x00, 0x00, 0xd7, 0xc5, 0x00, 0x00, 0x00, 0xe6, 0xd7, 0x00, 0x00, 0x00,
  0x1d, 0x00, 0x17, 0xdf, 0x00, 0xd8, 0x15, 0x00, 0x00, 0x00, 0xd7, 0x07,
  0x00, 0x4b, 0x13, 0x27, 0x00, 0x29, 0x8f, 0x00, 0xb6, 0x00, 0xee, 0xca,
  0x00, 0xc2, 0x00, 0xcf, 0x00, 0xef, 0xce, 0xdd, 0x00, 0xd1, 0x00, 0x00,
  0x09, 0x23, 0x00, 0x00, 0x00, 0x00, 0x00, 0x00, 0xed, 0x03, 0x00, 0xe9,
  0xc6, 0x37, 0xc6, 0x00, 0x3e, 0x00, 0x00, 0x00, 0x00, 0x00, 0x00, 0xf8,
  0x00, 0x00, 0x18, 0x03, 0x00, 0x00, 0x00, 0x00, 0x42, 0x0b, 0xff, 0x04,
  0x00, 0x1a, 0xec, 0x00, 0x00, 0x00, 0xdf, 0x00, 0x00, 0x00, 0x00, 0x32,
  0x00, 0x00, 0x15, 0xcc, 0x00, 0xfc, 0x00, 0x00, 0x19, 0x22, 0xe3, 0x00,
  0x00, 0x00, 0xc8, 0x00, 0x00, 0x00, 0xce, 0x00, 0xf4, 0xd3, 0xdb, 0x00,
  0x00, 0xe5, 0x36, 0x00, 0x00, 0x00, 0xee, 0x12, 0x42, 0x00, 0x00, 0x00,
  0x00, 0x00, 0x0e, 0x3b, 0x00, 0x00, 0x00, 0xd6, 0xf9, 0x00, 0x00, 0x00,
  0x34, 0x00, 0x00, 0x00, 0xc1, 0x24, 0x00, 0x28, 0xdd, 0xdd, 0x4c, 0x00,
  0x00, 0xf2, 0xdd, 0x00, 0x00, 0x00, 0x00, 0xfc, 0x00, 0x36, 0x00, 0xd6,
  0x02, 0x00, 0x00, 0x4c, 0x31, 0xe4, 0x00, 0xe7, 0xec, 0x00, 0xa3, 0x00,
  0xa6, 0x00, 0x00, 0x00, 0x31, 0x6a, 0x00, 0x00, 0x00, 0xca, 0x00, 0x00,
  0xba, 0x30, 0x30, 0x00, 0x00, 0x00, 0x00, 0x00, 0x14, 0x00, 0x2c, 0x00,
  0x00, 0xec, 0x00, 0xe1, 0xa9, 0x20, 0xbd, 0x96, 0xc4, 0x00, 0x00, 0x00,
  0xe6, 0x00, 0x00, 0x03, 0x00, 0x00, 0xb8, 0xbc, 0x00, 0x00, 0xc3, 0xb8,
  0x81, 0x00, 0xe6, 0x00, 0x00, 0x00, 0x0c, 0x00, 0xae, 0xc0, 0x00, 0x00,
  0x00, 0x1d, 0x21, 0x00, 0x08, 0x00, 0x00, 0xcf, 0x09, 0x00, 0x00, 0x91,
  0x00, 0xc0, 0x42, 0x00, 0x00, 0xe1, 0x00, 0xfe, 0xca, 0x00, 0xe3, 0x00,
  0xcb, 0xef, 0x0b, 0x00, 0xd2, 0x00, 0xfa, 0x3d, 0x11, 0xef, 0x00, 0x10,
  0xd8, 0x00, 0xef, 0x00, 0xe4, 0x00, 0x25, 0x2b, 0x20, 0x00, 0x00, 0x00,
  0x22, 0x00, 0xea, 0x0b, 0xd5, 0x00, 0x00, 0xf0, 0x00, 0x04, 0xc8, 0x00,
  0x00, 0xf8, 0xd5, 0x00, 0xc6, 0xd1, 0xe1, 0x00, 0x2a, 0x00, 0xfb, 0x00,
  0x00, 0x00, 0x00, 0x00, 0x2d, 0x00, 0x0c, 0x00, 0x00, 0x00, 0x00, 0xce,
  0xc8, 0x09, 0xca, 0x00, 0xc6, 0xd4, 0x10, 0xf9, 0x00, 0x00, 0x00, 0x8a,
  0xda, 0x00, 0x3c, 0x0a, 0x00, 0xcf, 0x3b, 0xf0, 0x00, 0x31, 0x2d, 0x32,
  0x00, 0x00, 0x0b, 0xf2, 0x58, 0xf5, 0xd8, 0xad, 0x00, 0x00, 0x00, 0x00,
  0x00, 0x0f, 0xde, 0x07, 0xd0, 0x00, 0x00, 0x00, 0xfe, 0x41, 0x00, 0xd3,
  0x00, 0x00, 0x00, 0x00, 0x00, 0x00, 0x00, 0x00, 0xb7, 0x2c, 0xf2, 0x00,
  0x00, 0x44, 0x00, 0x35, 0x00, 0xfd, 0x16, 0xde, 0x00, 0x00, 0x07, 0x00,
  0x00, 0xef, 0xe0, 0xe7, 0x49, 0x05, 0xe3, 0x00, 0xe1, 0x00, 0x00, 0x00,
  0x00, 0xf6, 0x00, 0x00, 0x1a, 0xa4, 0xfc, 0x00, 0xaa, 0xe4, 0xdf, 0x00,
  0xba, 0xd7, 0x00, 0x42, 0xd8, 0xa5, 0x00, 0x00, 0x00, 0x7f, 0x00, 0x00,
  0x00, 0x00, 0x00, 0x00, 0x00, 0x12, 0x00, 0x00, 0x05, 0x06, 0x00, 0x00,
  0xcc, 0x00, 0x02, 0x65, 0xc8, 0x13, 0xe4, 0x00, 0xd3, 0x14, 0x41, 0x1b,
  0x6c, 0xb3, 0x00, 0x00, 0x6a, 0x15, 0xca, 0x00, 0x00, 0xc0, 0x00, 0x00,
  0x00, 0x00, 0xbc, 0x00, 0x00, 0x00, 0xf2, 0x70, 0xa0, 0xf7, 0x00, 0x0b,
  0x00, 0x25, 0x00, 0xd5, 0x00, 0x00, 0x20, 0xee, 0xd7, 0xb2, 0x65, 0x21,
  0x00, 0xc9, 0xad, 0x00, 0xca, 0x00, 0x00, 0xfa, 0xdc, 0x00, 0x0a, 0x00,
  0x00, 0xf4, 0xdf, 0x00, 0x29, 0xc5, 0xbe, 0xb7, 0x00, 0x00, 0x54, 0x00,
  0x00, 0xcc, 0xce, 0x00, 0x78, 0x00, 0xdd, 0xe1, 0x9d, 0xf6, 0x00, 0x00,
  0x00, 0x00, 0xcc, 0xf4, 0x00, 0x00, 0x13, 0x00, 0xbb, 0x00, 0x00, 0xff,
  0x21, 0x00, 0x00, 0x00, 0x52, 0x00, 0x4a, 0xd0, 0x33, 0xd4, 0x5f, 0x4c,
  0x00, 0x00, 0x13, 0xd0, 0x00, 0x1b, 0x28, 0x00, 0xd3, 0x00, 0x00, 0x00,
  0x33, 0x3c, 0xfb, 0x00, 0x26, 0x00, 0xff, 0x00, 0x11, 0x00, 0x00, 0xd8,
  0xb4, 0x29, 0x33, 0x00, 0x04, 0x00, 0x35, 0xd4, 0xd7, 0x20, 0x32, 0x00,
  0xb3, 0xc3, 0x13, 0x32, 0x00, 0x0f, 0x00, 0xfb, 0x2d, 0x23, 0x00, 0x00,
  0x00, 0x00, 0x3e, 0x00, 0x00, 0x00, 0xf5, 0x00, 0xe6, 0x00, 0x00, 0xfe,
  0x00, 0x00, 0x00, 0x00, 0x00, 0x2c, 0x00, 0x00, 0x09, 0x00, 0xde, 0x00,
  0x00, 0x1d, 0x00, 0xe8, 0x00, 0x0b, 0x1e, 0x07, 0x00, 0x00, 0x00, 0x00,
  0x00, 0x00, 0xc0, 0x00, 0x5d, 0x00, 0xf7, 0x00, 0x00, 0xc8, 0x1d, 0xf8,
  0x00, 0x00, 0x0d, 0xda, 0x0a, 0x00, 0x25, 0x30, 0x00, 0x00, 0x00, 0x00,
  0x07, 0x10, 0x00, 0xc4, 0x00, 0x00, 0x0d, 0x00, 0x00, 0x00, 0x3b, 0x00,
  0x06, 0x0b, 0x00, 0x00, 0x00, 0x00, 0xeb, 0x00, 0x11, 0x00, 0x11, 0x1b,
  0x00, 0x2d, 0xd9, 0xc3, 0x19, 0x14, 0x00, 0x00, 0x19, 0x00, 0x00, 0x02,
  0x00, 0x00, 0x00, 0xdb, 0xe2, 0x01, 0x00, 0xc9, 0x02, 0x0c, 0x00, 0x00,
  0x00, 0x00, 0x00, 0x00, 0xf5, 0xe5, 0x44, 0x13, 0x2f, 0xfe, 0x00, 0x14,
  0x00, 0x00, 0xef, 0x00, 0x00, 0x00, 0x24, 0x00, 0xea, 0x00, 0x28, 0x00,
  0x0c, 0x00, 0xe8, 0xdd, 0xfc, 0x15, 0x00, 0xcf, 0x0e, 0xf4, 0xf4, 0x00,
  0x10, 0x16, 0xb1, 0xe5, 0x00, 0xd8, 0x00, 0x4c, 0xe4, 0xcf, 0xe4, 0x00,
  0xd2, 0x00, 0xff, 0xc1, 0x26, 0x23, 0x00, 0xfc, 0x00, 0x00, 0x06, 0x00,
  0xf2, 0xe0, 0xee, 0x00, 0xd1, 0x00, 0x00, 0x00, 0x00, 0x00, 0x00, 0x00,
  0xf3, 0x00, 0x00, 0x00, 0xf3, 0x00, 0x00, 0x00, 0x00, 0x0b, 0x00, 0x00,
  0x00, 0xe2, 0x00, 0x00, 0x00, 0x00, 0xff, 0x00, 0x00, 0x00, 0x00, 0xe6,
  0x14, 0xfa, 0x05, 0xe3, 0x00, 0x00, 0xff, 0x02, 0x0a, 0x00, 0x00, 0x00,
  0x1c, 0xe2, 0xe3, 0x00, 0x00, 0x08, 0x2b, 0x00, 0x00, 0x00, 0x1c, 0x2e,
  0x00, 0x14, 0x15, 0xd6, 0x15, 0x00, 0xeb, 0xe7, 0xe9, 0x00, 0xfb, 0x00,
  0xff, 0x00, 0x00, 0x00, 0x00, 0x00, 0x00, 0x7f, 0x00, 0x00, 0x00, 0xdb,
  0x00, 0x13, 0x00, 0x31, 0xfd, 0x3c, 0xe8, 0xf8, 0x17, 0x00, 0x28, 0x0d,
  0x00, 0x00, 0x3f, 0x00, 0x00, 0x00, 0xea, 0x45, 0x00, 0xf1, 0x00, 0xb6,
  0x00, 0x05, 0xd0, 0xea, 0x00, 0x00, 0x00, 0xc9, 0x32, 0x00, 0xdc, 0x00,
  0x00, 0x00, 0x00, 0x11, 0xbd, 0x2f, 0xed, 0x00, 0x00, 0xe0, 0x0f, 0x00,
  0x00, 0x77, 0x00, 0x04, 0x00, 0x00, 0x00, 0x00, 0xe6, 0xa7, 0x00, 0x00,
  0x00, 0xbc, 0x34, 0x21, 0x00, 0xf0, 0xcd, 0x1b, 0x00, 0x00, 0x00, 0x95,
  0x00, 0xde, 0x00, 0x00, 0x00, 0x00, 0x32, 0x12, 0x61, 0x38, 0xef, 0x00,
  0x00, 0x00, 0x00, 0xe7, 0x00, 0x30, 0x00, 0x00, 0x06, 0x00, 0x00, 0xcf,
  0x00, 0x00, 0x43, 0x30, 0x00, 0x00, 0x00, 0xdc, 0x00, 0x36, 0xff, 0xa9,
  0xd0, 0x00, 0x00, 0xcf, 0xe8, 0xff, 0xda, 0x00, 0x00, 0x00, 0x41, 0xf8,
  0x02, 0x00, 0x2f, 0x31, 0xc8, 0x00, 0xea, 0x00, 0x00, 0x00, 0x00, 0x00,
  0x00, 0x00, 0x00, 0x00, 0xd4, 0x00, 0x25, 0x74, 0x00, 0xff, 0xbc, 0x7f,
  0x00, 0x00, 0x00, 0x00, 0x00, 0x00, 0x00, 0x00, 0x22, 0x78, 0xc6, 0x00,
  0x00, 0x00, 0x00, 0x04, 0x00, 0x9d, 0xb6, 0x00, 0x32, 0x22, 0x00, 0xcc,
  0x00, 0x05, 0xf2, 0x38, 0xd4, 0x00, 0xd4, 0x00, 0x00, 0x00, 0xcd, 0xd2,
  0x00, 0x18, 0x04, 0x39, 0xca, 0x00, 0x00, 0x00, 0x00, 0x00, 0x00, 0xd3,
  0x23, 0x00, 0x00, 0x0a, 0xd8, 0x00, 0x04, 0x00, 0x00, 0x16, 0x11, 0x00,
  0xf3, 0x00, 0x00, 0x00, 0x15, 0x40, 0x1e, 0xe6, 0x00, 0x00, 0xd5, 0x00,
  0x00, 0x00, 0x00, 0x16, 0x03, 0x00, 0x00, 0xd3, 0x00, 0xd5, 0x00, 0xf5,
  0x03, 0x00, 0x00, 0x00, 0x00, 0x0f, 0xf4, 0x1c, 0x00, 0x18, 0x01, 0x00,
  0x00, 0x00, 0x11, 0x36, 0xcc, 0xc7, 0xae, 0x00, 0x25, 0x00, 0x00, 0x0f,
  0x00, 0x00, 0xcb, 0x00, 0xd1, 0x00, 0xda, 0x00, 0xe8, 0x00, 0x10, 0x10,
  0xd9, 0xfe, 0xc8, 0x00, 0x00, 0xae, 0x00, 0x00, 0x26, 0x32, 0x00, 0xfa,
  0xda, 0xe5, 0x00, 0x20, 0x00, 0x00, 0x00, 0x00, 0x03, 0xdf, 0xfa, 0x00,
  0xb3, 0x00, 0xed, 0xf7, 0x00, 0x00, 0x27, 0xb5, 0x00, 0x00, 0x00, 0x00,
  0x00, 0x00, 0x00, 0xf2, 0xc7, 0x00, 0x00, 0x00, 0x1a, 0x1e, 0x00, 0x32,
  0x00, 0x27, 0xd0, 0xe7, 0x00, 0x00, 0x00, 0xfc, 0x00, 0x00, 0x00, 0xc0,
  0x00, 0x00, 0xee, 0xde, 0x00, 0xfe, 0x00, 0xd9, 0xd1, 0x00, 0x00, 0x00,
  0x00, 0x00, 0x00, 0x4f, 0x10, 0x2b, 0x00, 0xf4, 0x3d, 0x3c, 0x00, 0x3f,
  0x00, 0x01, 0x00, 0x35, 0x33, 0x00, 0x00, 0x00, 0x00, 0x00, 0x00, 0xec,
  0x00, 0x00, 0xf1, 0xe3, 0x00, 0x00, 0x00, 0x00, 0x00, 0x00, 0xee, 0x1d,
  0xea, 0xfb, 0x00, 0x18, 0x00, 0x00, 0x00, 0x33, 0x00, 0xe0, 0x00, 0xdc,
  0x00, 0x00, 0xef, 0x00, 0x00, 0xe7, 0x00, 0xef, 0xd4, 0x00, 0xf5, 0x00,
  0xe5, 0x00, 0x2c, 0x1b, 0x00, 0x14, 0x1d, 0x1e, 0x00, 0x00, 0x00, 0x2d,
  0xd4, 0x19, 0xfc, 0xe2, 0x00, 0xe4, 0x0e, 0x00, 0xf0, 0xe7, 0x1f, 0x00,
  0x00, 0x00, 0x00, 0x00, 0x00, 0x05, 0x00, 0x00, 0x31, 0x00, 0x00, 0x10,
  0x00, 0x2c, 0x15, 0x19, 0x22, 0x00, 0x00, 0x17, 0xf9, 0x00, 0x48, 0xfb,
  0x1b, 0x81, 0xe5, 0x00, 0x2d, 0x00, 0x00, 0x00, 0x00, 0x00, 0xc5, 0xed,
  0x00, 0x03, 0x01, 0x1e, 0x0f, 0x25, 0x00, 0x00, 0x00, 0xdb, 0x00, 0x33,
  0x00, 0x2a, 0x00, 0x0d, 0x00, 0xd0, 0x14, 0x00, 0x00, 0xa4, 0x00, 0x00,
  0x19, 0xe1, 0xdd, 0x20, 0x10, 0x00, 0x1e, 0x00, 0x4a, 0x18, 0x00, 0x1e,
  0x00, 0xeb, 0x00, 0x00, 0x31, 0x16, 0xec, 0xfe, 0x00, 0x20, 0x12, 0xe4,
  0x00, 0x00, 0x00, 0xe4, 0x11, 0x00, 0x34, 0x00, 0xce, 0x00, 0xed, 0x26,
  0x00, 0xfe, 0x33, 0x11, 0x00, 0x21, 0x30, 0xe2, 0x34, 0x1e, 0x00, 0x00,
  0x00, 0x23, 0x0e, 0x00, 0x28, 0x00, 0xee, 0x00, 0x00, 0x00, 0xfe, 0x00,
  0x3d, 0x00, 0x00, 0x08, 0xed, 0x00, 0x21, 0x00, 0x36, 0x00, 0xfb, 0x00,
  0x12, 0x0e, 0x00, 0x0e, 0x35, 0x16, 0x00, 0x14, 0x00, 0xfe, 0x00, 0x01,
  0x01, 0x00, 0x00, 0xe0, 0xef, 0x00, 0x00, 0x00, 0xfb, 0xe8, 0xf2, 0x00,
  0x00, 0xff, 0x00, 0x00, 0x00, 0xd6, 0x00, 0xfa, 0x00, 0x00, 0x01, 0x00,
  0x5e, 0x00, 0x07, 0x07, 0xdf, 0x00, 0xf0, 0xda, 0x0d, 0x18, 0xb0, 0x00,
  0xf5, 0x05, 0xc5, 0x00, 0x00, 0x00, 0x1a, 0xed, 0x00, 0xe7, 0x17, 0x00,
  0x00, 0xd8, 0x00, 0x01, 0x00, 0x00, 0x0e, 0x00, 0x00, 0x00, 0xd6, 0xe0,
  0x00, 0x13, 0x00, 0x00, 0x00, 0x00, 0xdc, 0x00, 0x00, 0x18, 0x19, 0x00,
  0x00, 0xdd, 0x00, 0x07, 0x00, 0x19, 0x0f, 0x27, 0x00, 0x13, 0x00, 0x00,
  0x03, 0xe8, 0xf0, 0xf4, 0xe5, 0x42, 0x00, 0x00, 0x00, 0x13, 0xca, 0xef,
  0xc3, 0x00, 0x00, 0x00, 0x00, 0xfc, 0x00, 0xe5, 0xae, 0xea, 0x00, 0x00,
  0x00, 0xfc, 0xfb, 0x00, 0x00, 0x00, 0x00, 0x8d, 0x00, 0x00, 0x00, 0x00,
  0x00, 0xed, 0x20, 0x51, 0xbf, 0xdc, 0xe5, 0x00, 0x00, 0x00, 0xfa, 0x00,
  0x1e, 0x81, 0x9c, 0xef, 0x3a, 0x00, 0x42, 0x00, 0xd9, 0xd2, 0x00, 0x00,
  0x00, 0x00, 0xc6, 0x00, 0x00, 0xad, 0x40, 0x00, 0x00, 0x31, 0x00, 0x16,
  0x22, 0xfa, 0xdf, 0xef, 0x01, 0x00, 0x34, 0x00, 0xe9, 0x1b, 0x00, 0x00,
  0x24, 0x00, 0xd8, 0x00, 0x00, 0x18, 0x11, 0xc7, 0x00, 0x00, 0x00, 0x00,
  0x0d, 0xdb, 0x00, 0x00, 0x00, 0x00, 0x00, 0x00, 0x00, 0x00, 0x00, 0x29,
  0xf8, 0xe6, 0xcc, 0x00, 0x00, 0x1f, 0x00, 0x00, 0xda, 0x00, 0x00, 0x00,
  0x01, 0x00, 0xcf, 0xfe, 0x00, 0x00, 0x2b, 0xd3, 0x10, 0x00, 0x00, 0x00,
  0x07, 0x00, 0x00, 0x00, 0x09, 0x00, 0x00, 0xdc, 0x00, 0xf8, 0x00, 0x28,
  0x07, 0x00, 0xd5, 0x00, 0x00, 0x00, 0x00, 0x00, 0xed, 0x00, 0xf5, 0xcf,
  0x1d, 0xf9, 0x00, 0x00, 0x00, 0x11, 0x1d, 0x14, 0xfe, 0x00, 0x1f, 0x00,
  0x00, 0xe7, 0x03, 0x0f, 0x19, 0x29, 0x00, 0x00, 0x0c, 0x00, 0x0d, 0xc7,
  0x00, 0x00, 0x06, 0xfa, 0x00, 0x00, 0x00, 0xeb, 0x0d, 0x19, 0xe4, 0xe3,
  0x00, 0x26, 0x11, 0x20, 0x00, 0x00, 0x12, 0x00, 0xdc, 0x00, 0x00, 0x00,
  0x00, 0xdb, 0x00, 0xcb, 0x00, 0x18, 0x00, 0x00, 0x00, 0x02, 0x00, 0x86,
  0x00, 0x06, 0xee, 0x43, 0x00, 0xfa, 0x10, 0xcd, 0x0b, 0xd7, 0x00, 0x0b,
  0xdc, 0xb7, 0x00, 0x00, 0x25, 0xf9, 0x00, 0x1c, 0x1f, 0x00, 0x0f, 0xde,
  0x10, 0x00, 0xf1, 0x00, 0x00, 0xb3, 0x00, 0xe6, 0x00, 0x00, 0x00, 0x00,
  0x00, 0xd7, 0x00, 0x00, 0xd5, 0x08, 0x00, 0xed, 0x18, 0xf0, 0x3d, 0x00,
  0x17, 0x00, 0x00, 0x00, 0xfb, 0xd6, 0x00, 0xff, 0xe0, 0x00, 0x00, 0xd8,
  0xf3, 0xe4, 0x00, 0x2b, 0x03, 0x00, 0x00, 0x00, 0x00, 0x00, 0x00, 0x67,
  0x00, 0x00, 0x00, 0xeb, 0x00, 0xd5, 0xcc, 0xdc, 0xd0, 0x00, 0x09, 0x00,
  0x00, 0x00, 0x00, 0x00, 0xa9, 0x00, 0xcb, 0xe0, 0x7f, 0x22, 0xdb, 0xe0,
  0x1f, 0x00, 0x0d, 0x40, 0x23, 0x1e, 0x00, 0x00, 0xd3, 0x00, 0x4d, 0x12,
  0x00, 0xe7, 0x00, 0x00, 0xe6, 0x0d, 0x00, 0x00, 0xd5, 0x27, 0x00, 0x00,
  0x00, 0x00, 0x00, 0x45, 0xe6, 0x00, 0x00, 0xf2, 0x33, 0x00, 0x31, 0x00,
  0x00, 0xdf, 0xf5, 0x00, 0x00, 0xdf, 0x00, 0x00, 0x00, 0x0c, 0xec, 0x00,
  0x00, 0x00, 0xdf, 0xdd, 0x00, 0x00, 0xf5, 0x00, 0xcb, 0x00, 0x00, 0x2d,
  0xe8, 0xbc, 0x00, 0x00, 0xf6, 0x00, 0x02, 0x00, 0xe1, 0x00, 0xdd, 0xf8,
  0x00, 0x00, 0xfc, 0x00, 0x23, 0xe6, 0x00, 0x00, 0x00, 0x00, 0x00, 0x00,
  0x00, 0x00, 0xe4, 0x00, 0x00, 0x00, 0xf6, 0x31, 0x00, 0x09, 0x14, 0xe1,
  0x00, 0x17, 0x00, 0xfd, 0x00, 0x00, 0xc4, 0x41, 0x00, 0x00, 0x00, 0x00,
  0x00, 0xf9, 0xff, 0xe3, 0x14, 0x0e, 0xe4, 0x00, 0x00, 0x1a, 0x00, 0x00,
  0x0d, 0xfb, 0x2a, 0x00, 0x00, 0x00, 0x00, 0x19, 0xc9, 0xf9, 0x00, 0xf5,
  0x00, 0xfd, 0x0a, 0xf8, 0x00, 0x00, 0xf4, 0xe8, 0x00, 0xf1, 0xe9, 0x42,
  0xcb, 0x00, 0xe1, 0x1f, 0x15, 0xcc, 0x00, 0xe2, 0x00, 0x00, 0x0a, 0x10,
  0x1c, 0x00, 0xef, 0x00, 0x00, 0x00, 0x0c, 0x00, 0xfc, 0x00, 0xc7, 0x00,
  0x00, 0x00, 0x00, 0x1c, 0x00, 0x00, 0x00, 0x00, 0x00, 0x00, 0x00, 0xf6,
  0x00, 0xda, 0x00, 0x00, 0x00, 0x00, 0x2f, 0xdc, 0xff, 0xd2, 0xd3, 0x2f,
  0x00, 0x00, 0x16, 0x00, 0x00, 0x2b, 0x00, 0x00, 0x02, 0x00, 0x00, 0x00,
  0x10, 0xc3, 0x00, 0x2b, 0x2e, 0x00, 0x00, 0xf8, 0x00, 0x00, 0x00, 0x01,
  0xcd, 0x00, 0x00, 0x00, 0x00, 0x2d, 0x2e, 0x00, 0x00, 0xdf, 0x00, 0x00,
  0x00, 0x00, 0x01, 0x00, 0xe5, 0x15, 0x00, 0x5a, 0x00, 0x00, 0x00, 0x8f,
  0x00, 0xe5, 0xf3, 0xe5, 0x0e, 0xee, 0xc9, 0x00, 0x00, 0x00, 0x2a, 0x00,
  0x4a, 0x00, 0x00, 0xa7, 0x00, 0x18, 0x32, 0x00, 0x00, 0x24, 0x00, 0x35,
  0xfa, 0x2f, 0xca, 0x00, 0x00, 0xe6, 0x21, 0x00, 0x00, 0x01, 0x00, 0x00,
  0x00, 0x00, 0xf3, 0x00, 0x20, 0x40, 0x7f, 0x00, 0x00, 0xce, 0x00, 0x00,
  0xfb, 0x06, 0x00, 0x00, 0x00, 0x00, 0x27, 0xee, 0xbf, 0x22, 0x1d, 0x00,
  0x00, 0xff, 0x0b, 0x0a, 0xe0, 0xe1, 0x00, 0x00, 0xea, 0xf9, 0x00, 0x15,
  0x15, 0x00, 0xd6, 0x00, 0x05, 0x00, 0xd7, 0xfd, 0xad, 0x36, 0x00, 0x16,
  0x00, 0x24, 0x00, 0x00, 0xf0, 0xc1, 0x00, 0x2d, 0xc2, 0x00, 0xf6, 0xae,
  0x99, 0xd6, 0x00, 0x2b, 0xe0, 0x00, 0x42, 0x00, 0x00, 0xd2, 0x11, 0x4e,
  0x01, 0x12, 0xac, 0x32, 0x00, 0x02, 0x6e, 0x00, 0x00, 0x14, 0x3e, 0x00,
  0x00, 0x17, 0xb2, 0x14, 0x05, 0xd6, 0x00, 0x00, 0x00, 0x2f, 0x2a, 0x00,
  0x00, 0x00, 0x00, 0x00, 0x39, 0x41, 0x00, 0x00, 0x32, 0x00, 0x00, 0xd6,
  0x55, 0x00, 0x00, 0x00, 0x19, 0x00, 0x00, 0x00, 0xfa, 0x00, 0x0b, 0x00,
  0x04, 0x00, 0x43, 0x2b, 0x00, 0xe1, 0xf5, 0x00, 0x00, 0x0d, 0x33, 0x00,
  0x00, 0x00, 0x00, 0xf0, 0x12, 0x00, 0xf3, 0xc2, 0xbd, 0x0d, 0xf2, 0xcf,
  0xf1, 0x07, 0x00, 0x00, 0x00, 0xe7, 0x00, 0xf6, 0x48, 0x00, 0xb4, 0xce,
  0x00, 0xea, 0x00, 0xe4, 0xbf, 0xe9, 0x44, 0x02, 0x21, 0xbd, 0x00, 0xed,
  0x4c, 0x00, 0x00, 0xf2, 0xd8, 0x0f, 0x00, 0x1b, 0x0f, 0x9d, 0x00, 0xed,
  0x00, 0xf4, 0xe4, 0x00, 0x00, 0xc9, 0x0f, 0xed, 0x14, 0xac, 0xd1, 0x04,
  0x20, 0x0e, 0x00, 0x00, 0x00, 0xf1, 0x00, 0x5f, 0x00, 0x21, 0x22, 0x0d,
  0x00, 0x00, 0x00, 0xe6, 0xf4, 0xce, 0xd2, 0xc7, 0x23, 0x00, 0x4f, 0x00,
  0x2e, 0xe6, 0x6f, 0x00, 0x00, 0xd5, 0x00, 0x19, 0x00, 0xb6, 0x3b, 0x0f,
  0x00, 0x00, 0xb0, 0x00, 0x00, 0x00, 0x00, 0x00, 0x00, 0x00, 0x01, 0x07,
  0x00, 0x2c, 0x00, 0xb1, 0x00, 0x00, 0x00, 0x38, 0xe2, 0x00, 0x00, 0xd3,
  0x49, 0x00, 0xf7, 0x9a, 0x00, 0x00, 0x00, 0x5d, 0x00, 0x00, 0x0c, 0x18,
  0x00, 0x00, 0x00, 0x00, 0x00, 0x00, 0x00, 0x00, 0x00, 0x00, 0x25, 0x00,
  0x11, 0x00, 0xe2, 0xa5, 0x00, 0x0f, 0x00, 0x26, 0x00, 0x44, 0x00, 0xda,
  0xf7, 0x00, 0xf5, 0x00, 0xf7, 0x23, 0x00, 0x00, 0x00, 0x5f, 0x00, 0x00,
  0x00, 0xcc, 0x00, 0x37, 0x04, 0xf9, 0x00, 0x00, 0x00, 0x51, 0x13, 0x00,
  0x2f, 0x00, 0x00, 0x0d, 0x00, 0x07, 0x00, 0x1c, 0xb8, 0x1a, 0x00, 0x26,
  0x00, 0xb6, 0x00, 0x00, 0x00, 0x00, 0x00, 0x00, 0x00, 0x00, 0x48, 0xde,
  0x3b, 0x0c, 0x3f, 0xe7, 0x31, 0xb8, 0x30, 0xd9, 0x00, 0x82, 0x00, 0x06,
  0x27, 0xd1, 0xa8, 0x2a, 0x00, 0x18, 0xeb, 0x20, 0xe5, 0x00, 0x00, 0x00,
  0xbc, 0x00, 0x57, 0xad, 0x00, 0x00, 0x00, 0x00, 0x9f, 0xe1, 0x00, 0x00,
  0x24, 0x00, 0x17, 0x81, 0xe1, 0x0d, 0x00, 0x00, 0xa1, 0x1b, 0x00, 0x39,
  0x00, 0x00, 0xef, 0xf7, 0x00, 0xe9, 0xc9, 0x43, 0x00, 0x28, 0xf7, 0x00,
  0x00, 0x00, 0x2e, 0xf2, 0x00, 0x00, 0x00, 0xda, 0x68, 0x00, 0x00, 0x00,
  0x00, 0x00, 0x00, 0x00, 0x00, 0x06, 0x46, 0x00, 0x13, 0x5b, 0x00, 0x00,
  0x5e, 0xc2, 0x00, 0x00, 0x26, 0x00, 0x00, 0x00, 0x00, 0x00, 0x00, 0x1e,
  0xc5, 0x00, 0x00, 0xd6, 0x14, 0x00, 0x30, 0xb5, 0x00, 0x08, 0x0f, 0x00,
  0x1c, 0x00, 0x00, 0x00, 0x06, 0x00, 0x00, 0x00, 0x00, 0xfd, 0x00, 0xaa,
  0x00, 0x00, 0x00, 0x00, 0x00, 0x00, 0x00, 0xc8, 0x00, 0x00, 0x00, 0x00,
  0x00, 0xcb, 0x11, 0x00, 0x58, 0x64, 0x00, 0xdc, 0x2c, 0x00, 0x00, 0x00,
  0x00, 0x00, 0x00, 0x00, 0x00, 0xf8, 0xd5, 0x37, 0xc3, 0x00, 0xf0, 0x00,
  0x00, 0xf0, 0x00, 0x00, 0xe6, 0x00, 0xf0, 0x00, 0x00, 0x28, 0x00, 0x00,
  0x00, 0x00, 0x00, 0x12, 0x00, 0x00, 0x00, 0x0a, 0x3b, 0x00, 0x07, 0xb6,
  0xf8, 0x00, 0x00, 0xfe, 0x00, 0xcb, 0xb5, 0xcd, 0x14, 0xc0, 0x00, 0x03,
  0x29, 0xed, 0x00, 0xf6, 0x1d, 0x00, 0x00, 0xe0, 0xd3, 0x00, 0x00, 0x01,
  0x20, 0x00, 0x24, 0xbc, 0xe4, 0xdf, 0x00, 0x00, 0xc1, 0x00, 0x00, 0xc2,
  0x00, 0xf9, 0xef, 0xb1, 0x00, 0x12, 0xaf, 0x00, 0x00, 0x05, 0x00, 0x00,
  0x00, 0xe8, 0x05, 0x01, 0x0e, 0x00, 0xc4, 0x00, 0xfe, 0x00, 0x03, 0xf3,
  0x00, 0x00, 0x3e, 0xd3, 0xda, 0x00, 0x00, 0xfc, 0x00, 0x00, 0x1a, 0x00,
  0x4a, 0x00, 0xcd, 0x0a, 0x46, 0x15, 0x1c, 0xfc, 0x00, 0x02, 0x00, 0x00,
  0x00, 0x27, 0x00, 0xb5, 0xd6, 0x00, 0x00, 0x36, 0xe2, 0xc2, 0x00, 0x00,
  0x00, 0x00, 0x00, 0x00, 0x00, 0xe2, 0x4a, 0x71, 0xe7, 0xbf, 0x00, 0x41,
  0x00, 0xbe, 0x00, 0x00, 0xc9, 0x00, 0x00, 0x00, 0x2a, 0x00, 0x2f, 0x00,
  0x00, 0xe0, 0x56, 0xc0, 0x24, 0x0b, 0x00, 0x13, 0x00, 0x7f, 0xf9, 0x20,
  0x00, 0x00, 0xf7, 0x00, 0x00, 0x00, 0x27, 0x29, 0x00, 0x00, 0xee, 0x00,
  0xfa, 0x00, 0x00, 0x6d, 0xe9, 0x04, 0x0c, 0x22, 0x09, 0x78, 0x00, 0x56,
  0x17, 0x00, 0xce, 0x1c, 0x00, 0xc3, 0x00, 0x3c, 0x3a, 0x01, 0x00, 0x00,
  0x00, 0xf6, 0x00, 0x00, 0x00, 0x1a, 0x81, 0x00, 0x00, 0x29, 0x2c, 0x00,
  0x00, 0x00, 0x1b, 0x2f, 0x00, 0x12, 0x05, 0x00, 0x00, 0x00, 0xfa, 0xcb,
  0x00, 0x2f, 0x00, 0x24, 0x00, 0x00, 0xfa, 0xef, 0x00, 0x21, 0x00, 0x31,
  0xa4, 0x00, 0x16, 0x2b, 0x00, 0x00, 0xcf, 0xc2, 0x17, 0x4a, 0x00, 0x22,
  0x00, 0xe3, 0x00, 0x24, 0x00, 0x00, 0x00, 0x00, 0x00, 0x09, 0xeb, 0x00,
  0x00, 0x00, 0x00, 0xde, 0x00, 0x0e, 0x00, 0x00, 0x00, 0x00, 0x14, 0x00,
  0x00, 0xe9, 0xe0, 0x2f, 0xf5, 0x00, 0x00, 0xed, 0xc7, 0x00, 0x00, 0xe3,
  0x00, 0x19, 0x29, 0x04, 0xf1, 0x3e, 0x00, 0x00, 0x00, 0x3d, 0x15, 0x00,
  0xb8, 0x00, 0xf7, 0x00, 0x00, 0x00, 0x00, 0xff, 0x00, 0x00, 0x00, 0x00,
  0x00, 0x00, 0xe8, 0x07, 0xfa, 0x01, 0x0b, 0xed, 0x00, 0x16, 0xdb, 0x00,
  0xd8, 0x1e, 0x00, 0xfd, 0x1b, 0x00, 0x00, 0x00, 0xfa, 0x00, 0x25, 0xb9,
  0x00, 0x00, 0x05, 0x38, 0xe5, 0x11, 0x1d, 0x21, 0x0c, 0xd6, 0x00, 0x00,
  0x00, 0x00, 0xea, 0x0a, 0x00, 0x21, 0x00, 0x00, 0x00, 0x00, 0x0e, 0xfe,
  0xd2, 0x29, 0x00, 0x00, 0x00, 0xf3, 0xea, 0x1b, 0x00, 0x0f, 0x00, 0xff,
  0x0c, 0x00, 0xe7, 0x00, 0xd6, 0xfc, 0xfd, 0x00, 0xe5, 0x32, 0x00, 0x00,
  0x00, 0x26, 0x00, 0x00, 0x00, 0x00, 0xcf, 0x1b, 0xf2, 0x00, 0x00, 0x00,
  0x00, 0x09, 0xf6, 0x00, 0x0b, 0x00, 0x03, 0x00, 0x04, 0x02, 0x00, 0x00,
  0x00, 0x10, 0xe2, 0x20, 0x23, 0x3a, 0x00, 0xea, 0x0c, 0x00, 0x00, 0xf3,
  0x00, 0x09, 0x00, 0x0f, 0xf6, 0x00, 0xf2, 0x36, 0x08, 0x3b, 0xcf, 0x00,
  0x27, 0x00, 0x00, 0xe7, 0x00, 0x31, 0x00, 0x00, 0xee, 0x00, 0x2b, 0x39,
  0x00, 0xea, 0x00, 0xe7, 0x00, 0x00, 0xc7, 0x00, 0x1c, 0xed, 0x00, 0x00,
  0xe1, 0x44, 0x05, 0x18, 0x01, 0x00, 0xc2, 0x00, 0x00, 0xfc, 0xf1, 0x00,
  0xb3, 0x00, 0x00, 0x00, 0x66, 0xf4, 0x00, 0x00, 0xe4, 0xda, 0x8f, 0xcb,
  0xc7, 0x40, 0x00, 0x00, 0x00, 0x00, 0x00, 0x00, 0x18, 0xea, 0x00, 0xdf,
  0xe0, 0x00, 0xfd, 0x00, 0x00, 0x13, 0x00, 0x00, 0xc3, 0x00, 0x00, 0x15,
  0xb4, 0x09, 0xa6, 0x06, 0x00, 0x00, 0x00, 0x00, 0x21, 0xdd, 0xce, 0x00,
  0x00, 0x51, 0x00, 0x2b, 0xe0, 0x00, 0xb0, 0x00, 0x00, 0x00, 0xf3, 0x1c,
  0xc5, 0x16, 0x1f, 0x00, 0xf6, 0x00, 0xb3, 0x00, 0xed, 0x00, 0x81, 0x00,
  0x00, 0x00, 0x1d, 0x1f, 0x00, 0x2b, 0x00, 0x0c, 0xd3, 0x00, 0xcd, 0x00,
  0x00, 0x06, 0xed, 0xee, 0x24, 0xdc, 0x1b, 0xf2, 0x00, 0x05, 0x6b, 0xc3,
  0xd3, 0xdc, 0xd3, 0x1c, 0x00, 0x00, 0x00, 0x00, 0xf8, 0xf6, 0x04, 0x4e,
  0x00, 0x00, 0xdd, 0x00, 0x00, 0x00, 0x01, 0x00, 0x9c, 0xd1, 0x00, 0xe5,
  0x00, 0x00, 0x96, 0xad, 0x68, 0x31, 0x12, 0x00, 0x00, 0xe0, 0xd3, 0x00,
  0x33, 0xcf, 0xc8, 0xbd, 0x00, 0x49, 0xe8, 0x00, 0x00, 0xec, 0xba, 0x34,
  0x00, 0x3d, 0x00, 0x00, 0x43, 0x00, 0x00, 0xfc, 0x00, 0xe1, 0x00, 0x00,
  0x3f, 0x14, 0x00, 0x00, 0xb6, 0x00, 0x00, 0x00, 0xe4, 0xc6, 0x10, 0x00,
  0xde, 0x00, 0xeb, 0x00, 0xc0, 0x01, 0x00, 0x00, 0xba, 0xe1, 0xda, 0x00,
  0x00, 0x00, 0x00, 0x00, 0x00, 0x00, 0xfa, 0x00, 0xe2, 0xd0, 0x00, 0xae,
  0xc6, 0x30, 0x06, 0x00, 0xdd, 0x00, 0x00, 0x00, 0xde, 0xcc, 0x00, 0x00,
  0x00, 0x00, 0x00, 0x00, 0x00, 0x00, 0x00, 0x36, 0x00, 0x00, 0x00, 0x00,
  0x00, 0x19, 0x00, 0xfc, 0x09, 0x4f, 0xfc, 0x00, 0xc4, 0x0f, 0x02, 0x00,
  0x00, 0x00, 0x24, 0x00, 0x00, 0x01, 0xdc, 0xfa, 0x9c, 0x00, 0x00, 0xde,
  0x00, 0xff, 0x00, 0xf6, 0x00, 0x00, 0x12, 0x00, 0x36, 0x00, 0x00, 0x00,
  0xab, 0x18, 0x00, 0x00, 0x00, 0x00, 0x1a, 0x00, 0x21, 0x00, 0x00, 0xe0,
  0x00, 0x00, 0x00, 0xe6, 0x26, 0x19, 0x2c, 0x00, 0x00, 0x02, 0xd9, 0x00,
  0x20, 0x00, 0xf8, 0xff, 0x00, 0x1b, 0xbb, 0x00, 0x00, 0xad, 0x00, 0x4d,
  0x00, 0x21, 0x00, 0x9c, 0xc6, 0x00, 0xb3, 0xe0, 0x00, 0x00, 0x00, 0x4e,
  0x2d, 0xd9, 0x00, 0x00, 0xd6, 0x00, 0x00, 0x00, 0xd6, 0x00, 0xe3, 0x00,
  0x00, 0xc2, 0x15, 0x00, 0x00, 0x00, 0x2b, 0x4d, 0x36, 0x00, 0xa7, 0x00,
  0xa6, 0xa7, 0x0a, 0x00, 0x0d, 0xec, 0x00, 0x0c, 0x00, 0x00, 0xd7, 0x00,
  0x00, 0x00, 0x00, 0x2f, 0x00, 0x99, 0xbf, 0x00, 0x00, 0x00, 0xd1, 0x00,
  0x00, 0x16, 0x00, 0xd8, 0x00, 0x00, 0x46, 0x05, 0x00, 0xe4, 0x00, 0x00,
  0x76, 0x00, 0x36, 0x00, 0x00, 0x00, 0x37, 0x5c, 0x01, 0x00, 0x00, 0x67,
  0x00, 0x00, 0xa0, 0x00, 0x3c, 0x28, 0x1c, 0x4c, 0x00, 0x00, 0x0f, 0x35,
  0x00, 0x00, 0x00, 0x1a, 0x21, 0x00, 0xea, 0x00, 0x00, 0x00, 0x00, 0xc2,
  0x28, 0xd5, 0x3e, 0x00, 0x75, 0x07, 0x00, 0x00, 0x00, 0xe6, 0x00, 0x1b,
  0x4c, 0x00, 0x54, 0x00, 0xd6, 0x0f, 0xdd, 0x00, 0x29, 0x00, 0x00, 0x19,
  0x00, 0x00, 0x91, 0xef, 0x00, 0xd0, 0x00, 0x00, 0xf8, 0x00, 0x13, 0xe5,
  0xd5, 0x00, 0xd4, 0xff, 0xec, 0xa6, 0x00, 0x7c, 0x00, 0xd6, 0x26, 0x00,
  0x00, 0x72, 0xe2, 0xd3, 0xb6, 0xd5, 0x22, 0x00, 0x06, 0x17, 0x33, 0x00,
  0x42, 0xfa, 0x00, 0x5a, 0x00, 0x00, 0x30, 0x42, 0xfb, 0xe0, 0x00, 0x45,
  0x00, 0x00, 0x00, 0x00, 0x30, 0x15, 0x38, 0x00, 0x00, 0x27, 0x00, 0xe7,
  0x00, 0x00, 0x0b, 0x2d, 0xc7, 0x00, 0x00, 0x7f, 0x51, 0x4f, 0x4d, 0x00,
  0x00, 0x39, 0x00, 0x00, 0x2e, 0x00, 0xe2, 0x11, 0x00, 0x00, 0x00, 0x0f,
  0x18, 0x00, 0x00, 0x25, 0x00, 0x00, 0x00, 0xd8, 0x00, 0xf5, 0x4c, 0x1b,
  0x00, 0xd6, 0x2c, 0x00, 0x7e, 0x00, 0xe6, 0x29, 0x00, 0x00, 0x00, 0xce,
  0x54, 0x00, 0xfa, 0x1c, 0x38, 0xa5, 0x00, 0x00, 0x00, 0x00, 0x00, 0x00,
  0x00, 0xc5, 0x00, 0x0c, 0x44, 0xe5, 0xeb, 0x00, 0x0e, 0x00, 0x00, 0x33,
  0xdc, 0x61, 0x1c, 0x00, 0x00, 0x22, 0x00, 0x26, 0x00, 0x00, 0x00, 0xd0,
  0x00, 0x08, 0x44, 0x00, 0xef, 0x00, 0x00, 0xb3, 0x00, 0x1d, 0x00, 0x00,
  0x00, 0xfc, 0x00, 0x4b, 0x00, 0x6a, 0x00, 0x07, 0x13, 0x00, 0xd9, 0x0e,
  0x05, 0x00, 0x12, 0x00, 0x00, 0x00, 0xc8, 0xc8, 0x38, 0x3a, 0xd8, 0xb1,
  0x00, 0xcd, 0x3a, 0x00, 0xf6, 0xa0, 0x00, 0x00, 0x07, 0x1d, 0x00, 0x00,
  0x00, 0x00, 0x11, 0x00, 0xe2, 0x2c, 0x00, 0xdb, 0x00, 0x00, 0xec, 0x4e,
  0xe3, 0x04, 0xf7, 0x06, 0x33, 0x48, 0x00, 0xd8, 0xe6, 0x00, 0x00, 0xed,
  0xb1, 0x00, 0xbe, 0x00, 0xde, 0x00, 0x00, 0x00, 0x00, 0x00, 0x04, 0x34,
  0x20, 0x00, 0xea, 0xf8, 0xe9, 0x00, 0x00, 0x00, 0x00, 0xca, 0x00, 0x7b,
  0xf5, 0x00, 0xf5, 0x00, 0x37, 0x00, 0xc1, 0xc6, 0xae, 0x4d, 0xdb, 0x00,
  0x9a, 0x2b, 0xf0, 0x00, 0xab, 0x00, 0x38, 0x00, 0xfd, 0xe8, 0xcd, 0x00,
  0x00, 0x00, 0xda, 0xf6, 0x00, 0x4f, 0x00, 0x00, 0x00, 0x00, 0x00, 0xe5,
  0xcc, 0x00, 0x00, 0x03, 0x00, 0x00, 0x00, 0x00, 0xdc, 0x00, 0x00, 0x00,
  0x3b, 0x00, 0xd1, 0x00, 0x00, 0x00, 0x00, 0x00, 0x04, 0x07, 0x1e, 0xdb,
  0x32, 0x00, 0x00, 0x00, 0x00, 0xc0, 0x00, 0xfe, 0x00, 0xe2, 0x00, 0x00,
  0x22, 0x00, 0x00, 0x00, 0x26, 0x00, 0x00, 0xf4, 0x00, 0xbd, 0x00, 0x00,
  0x00, 0x00, 0x08, 0xee, 0x3b, 0x1d, 0x00, 0x00, 0xe9, 0x00, 0x45, 0x00,
  0x38, 0xe4, 0x2c, 0xd9, 0x00, 0x00, 0x00, 0xee, 0xfc, 0x00, 0x7f, 0x00,
  0x42, 0x00, 0x5b, 0x00, 0x22, 0x00, 0xbe, 0x00, 0xda, 0x00, 0x00, 0x00,
  0x00, 0xf4, 0xdb, 0xd9, 0x00, 0x00, 0xd9, 0x00, 0xed, 0x00, 0x00, 0x00,
  0xf7, 0x00, 0xfd, 0x00, 0x33, 0xf2, 0x00, 0x00, 0x00, 0xf7, 0x00, 0x00,
  0xb4, 0xba, 0x00, 0x00, 0x00, 0x43, 0x00, 0x00, 0x00, 0xff, 0x00, 0x00,
  0x00, 0x00, 0x00, 0x00, 0x00, 0x00, 0xc8, 0x26, 0xf5, 0xe8, 0xc4, 0x00,
  0x00, 0x00, 0xe2, 0xee, 0x00, 0x00, 0x48, 0x00, 0xdc, 0xf1, 0x2f, 0x37,
  0x00, 0x00, 0xf5, 0x06, 0x00, 0x00, 0x00, 0x06, 0xfe, 0xee, 0x00, 0x05,
  0x00, 0x02, 0xfb, 0x00, 0x02, 0x09, 0x00, 0x00, 0x38, 0x00, 0xe3, 0x00,
  0xf9, 0x0e, 0x00, 0x02, 0x00, 0x00, 0x00, 0x00, 0xdb, 0x12, 0xcf, 0x00,
  0x00, 0x10, 0x00, 0x00, 0x00, 0xfc, 0x00, 0x00, 0x19, 0x00, 0x00, 0x00,
  0x8c, 0x00, 0xb8, 0x00, 0x00, 0x00, 0x00, 0x00, 0xde, 0xdf, 0x72, 0x64,
  0x2c, 0x00, 0x00, 0xb1, 0x00, 0x00, 0xad, 0x00, 0x00, 0xdc, 0xa1, 0x00,
  0x00, 0x00, 0x00, 0x00, 0x00, 0x00, 0xf1, 0x2c, 0x00, 0xcc, 0xaa, 0x00,
  0x40, 0x00, 0x21, 0xb6, 0x25, 0xd1, 0xe4, 0x00, 0x55, 0xd8, 0x00, 0x2f,
  0x36, 0x00, 0xf8, 0x00, 0x00, 0x7f, 0x0b, 0x00, 0x00, 0xd4, 0x44, 0x00,
  0x00, 0x00, 0x00, 0xcf, 0x00, 0x00, 0x00, 0x00, 0x00, 0x0f, 0x92, 0x00,
  0x00, 0x00, 0x49, 0x78, 0x00, 0xe8, 0x3e, 0x00, 0x17, 0x00, 0x5b, 0x00,
  0x00, 0x93, 0x00, 0x00, 0x00, 0x00, 0x00, 0x00, 0x00, 0x00, 0xc2, 0x00,
  0x45, 0x00, 0x00, 0x00, 0x00, 0x00, 0xfa, 0x00, 0x00, 0x00, 0x00, 0x5c,
  0x00, 0x00, 0x00, 0xb9, 0x00, 0x73, 0x00, 0x00, 0x13, 0xf4, 0x29, 0x00,
  0xeb, 0x00, 0x0f, 0x00, 0x00, 0xb7, 0x00, 0xc6, 0x00, 0x00, 0x00, 0xb0,
  0xe2, 0x00, 0x4c, 0x00, 0x00, 0x0f, 0x4f, 0x45, 0x11, 0x00, 0x17, 0x51,
  0x3f, 0xad, 0x01, 0x00, 0x3e, 0x1a, 0xc4, 0x00, 0x00, 0x15, 0x2c, 0xce,
  0x00, 0x0f, 0x00, 0x14, 0x98, 0xd9, 0x00, 0x00, 0x21, 0x35, 0x00, 0xfd,
  0x00, 0x00, 0x00, 0x1e, 0x00, 0x0f, 0x00, 0x00, 0xfa, 0x00, 0x00, 0x00,
  0x53, 0x00, 0x00, 0x28, 0x0a, 0x14, 0x25, 0x24, 0x00, 0x00, 0x2a, 0x00,
  0x58, 0x00, 0x00, 0xf4, 0x00, 0x1e, 0x00, 0x00, 0x0e, 0xde, 0x1f, 0x00,
  0xea, 0x00, 0x00, 0x00, 0x00, 0x00, 0x00, 0x00, 0x00, 0x00, 0x00, 0x00,
  0x00, 0x36, 0xf1, 0x00, 0x13, 0x00, 0x00, 0x00, 0xe9, 0x4f, 0xd1, 0x00,
  0x00, 0x59, 0xf5, 0x00, 0x00, 0x00, 0xc4, 0x1e, 0x39, 0x40, 0x5a, 0xd9,
  0xd1, 0xaf, 0xdf, 0x00, 0x04, 0x00, 0xf4, 0x00, 0x27, 0x23, 0x53, 0xd9,
  0x00, 0x00, 0x00, 0x28, 0xfb, 0x00, 0x00, 0x00, 0x54, 0x00, 0x13, 0x2a,
  0xc8, 0x00, 0x00, 0x42, 0x00, 0x00, 0x9e, 0x00, 0x3f, 0x14, 0x00, 0x00,
  0x1d, 0xf8, 0x00, 0x00, 0xfe, 0xe1, 0x00, 0x09, 0x00, 0x00, 0x00, 0xef,
  0x00, 0x00, 0x00, 0x00, 0xee, 0x00, 0x00, 0x00, 0x00, 0xe5, 0x19, 0x00,
  0x00, 0x26, 0x00, 0x00, 0xf1, 0xf7, 0x00, 0xfe, 0x48, 0xdb, 0x00, 0xde,
  0x2e, 0xf3, 0xcd, 0x00, 0xfb, 0x29, 0x20, 0x27, 0x12, 0x59, 0x00, 0x09,
  0x00, 0x00, 0x35, 0x00, 0x17, 0x00, 0x00, 0x1a, 0x02, 0x00, 0xf3, 0xcc,
  0x00, 0x0f, 0x00, 0x00, 0x2a, 0x00, 0x00, 0x9d, 0x14, 0x00, 0xa3, 0xd2,
  0x00, 0x00, 0x5c, 0x00, 0x00, 0x30, 0xe6, 0x70, 0x4f, 0x0e, 0x00, 0x00,
  0xc6, 0xfb, 0xfc, 0x00, 0x1c, 0x00, 0x0b, 0xd5, 0x00, 0x00, 0x00, 0x00,
  0x00, 0xe9, 0x00, 0x00, 0x00, 0x2c, 0x00, 0xdd, 0xe7, 0xf7, 0x00, 0x00,
  0xcf, 0x00, 0x00, 0xf9, 0xd7, 0xff, 0xef, 0x2f, 0xa7, 0x00, 0xee, 0xa7,
  0x32, 0x00, 0x00, 0xa8, 0xe4, 0x00, 0x00, 0x00, 0x00, 0x00, 0x1e, 0x00,
  0x00, 0x00, 0x00, 0x00, 0x00, 0x00, 0x00, 0x00, 0xf7, 0xef, 0x00, 0x00,
  0x00, 0x00, 0x00, 0xf9, 0xf6, 0x00, 0x00, 0x57, 0x00, 0x00, 0x00, 0x00,
  0x00, 0x00, 0x81, 0x00, 0x03, 0x47, 0x32, 0xd6, 0x3a, 0xfc, 0x07, 0x00,
  0xc8, 0x5c, 0x00, 0x00, 0x38, 0x00, 0x00, 0x1c, 0x00, 0x3e, 0x33, 0xe7,
  0x0e, 0xcc, 0xff, 0xff, 0x04, 0x00, 0x00, 0x00, 0x88, 0x00, 0x00, 0x00,
  0xc4, 0xd6, 0xff, 0xff, 0x12, 0xe8, 0xff, 0xff, 0x77, 0xda, 0xff, 0xff,
  0xbe, 0xd1, 0xff, 0xff, 0x92, 0xf1, 0xff, 0xff, 0x73, 0x03, 0x00, 0x00,
  0x53, 0x07, 0x00, 0x00, 0x94, 0xe3, 0xff, 0xff, 0x14, 0x19, 0x00, 0x00,
  0x1c, 0x13, 0x00, 0x00, 0xce, 0x26, 0x00, 0x00, 0x1b, 0xf0, 0xff, 0xff,
  0x61, 0x01, 0x00, 0x00, 0x20, 0xd7, 0xff, 0xff, 0xf2, 0xe1, 0xff, 0xff,
  0xdb, 0x03, 0x00, 0x00, 0x88, 0xf5, 0xff, 0xff, 0xda, 0x08, 0x00, 0x00,
  0x5b, 0x27, 0x00, 0x00, 0x0a, 0x04, 0x00, 0x00, 0x47, 0xfb, 0xff, 0xff,
  0x98, 0x06, 0x00, 0x00, 0xf8, 0xe3, 0xff, 0xff, 0x25, 0x1d, 0x00, 0x00,
  0xbb, 0x04, 0x00, 0x00, 0x8d, 0xeb, 0xff, 0xff, 0x59, 0x01, 0x00, 0x00,
  0x5c, 0xff, 0xff, 0xff, 0x82, 0xe5, 0xff, 0xff, 0x62, 0x2d, 0x00, 0x00,
  0xb1, 0xc5, 0xff, 0xff, 0x46, 0xf8, 0xff, 0xff, 0x92, 0xee, 0xff, 0xff,
  0x24, 0xd9, 0xff, 0xff, 0xa2, 0xcc, 0xff, 0xff, 0x04, 0x00, 0x00, 0x00,
  0x3a, 0x2c, 0x00, 0x00, 0xe0, 0x00, 0x00, 0x00, 0x00, 0x00, 0x00, 0xe5,
  0x00, 0x9b, 0xdc, 0x1b, 0x00, 0x18, 0xdd, 0x00, 0xfd, 0x00, 0x00, 0x00,
  0x00, 0x00, 0x00, 0x1b, 0x00, 0x30, 0xfb, 0xe9, 0x89, 0x3b, 0x00, 0x00,
  0x00, 0x00, 0x00, 0x00, 0x00, 0x00, 0x00, 0x1d, 0xed, 0xb0, 0x00, 0xf0,
  0xfa, 0x00, 0xa7, 0x1f, 0x00, 0x39, 0x2e, 0x00, 0x00, 0x3f, 0xf8, 0xdf,
  0x00, 0x00, 0xd1, 0x00, 0x00, 0x00, 0x00, 0x00, 0x10, 0x00, 0x11, 0xf3,
  0x00, 0x36, 0x00, 0x1a, 0x9d, 0x42, 0x0f, 0x00, 0x00, 0xf4, 0xf8, 0x98,
  0xc6, 0x03, 0xfb, 0x00, 0x3e, 0x01, 0x00, 0xd8, 0x00, 0x00, 0x25, 0x00,
  0xc3, 0xec, 0xb6, 0x00, 0xa2, 0x3a, 0xf0, 0x17, 0x00, 0x00, 0x00, 0x33,
  0x60, 0x00, 0x00, 0xbd, 0x00, 0xc8, 0x00, 0xf4, 0x00, 0x00, 0x00, 0x37,
  0x00, 0x00, 0xc3, 0x00, 0x33, 0x03, 0xe1, 0x00, 0x57, 0x00, 0x00, 0x4b,
  0xd2, 0x1d, 0x00, 0x0e, 0x00, 0x34, 0x00, 0x95, 0x1f, 0x54, 0x71, 0x00,
  0xd7, 0x00, 0x00, 0xc2, 0x06, 0x00, 0xe4, 0xe8, 0xcd, 0x30, 0x20, 0x1e,
  0xb4, 0x00, 0x00, 0x59, 0x00, 0x81, 0x4e, 0x50, 0x15, 0x3b, 0x00, 0xf0,
  0xa7, 0x00, 0x00, 0x23, 0x00, 0x00, 0x00, 0x11, 0x00, 0x00, 0x95, 0x4f,
  0x00, 0xd1, 0x02, 0xc9, 0xf7, 0x00, 0x00, 0x00, 0x09, 0x00, 0xfc, 0x00,
  0x37, 0x00, 0xf3, 0x0c, 0x4e, 0x00, 0xf7, 0x00, 0xeb, 0x00, 0x00, 0x48,
  0x00, 0x43, 0x00, 0xd4, 0xc4, 0x1d, 0x36, 0x00, 0x98, 0xdf, 0x00, 0x00,
  0x48, 0xea, 0x08, 0xdd, 0xb7, 0x0d, 0x28, 0xbc, 0xcc, 0x53, 0x00, 0xdb,
  0xe6, 0x00, 0x00, 0x44, 0x1f, 0x00, 0x00, 0x00, 0x00, 0x00, 0x19, 0x0b,
  0x00, 0x00, 0x00, 0x00, 0x00, 0x3c, 0x00, 0x00, 0x00, 0x00, 0x00, 0xb8,
  0x09, 0xc7, 0xa3, 0x00, 0x1e, 0x00, 0x00, 0x00, 0x00, 0x00, 0x00, 0x00,
  0x00, 0xdc, 0x00, 0x00, 0x00, 0x00, 0x00, 0x00, 0x00, 0x00, 0x00, 0x00,
  0xbc, 0x20, 0x00, 0x00, 0x00, 0x13, 0x00, 0xf9, 0x00, 0x00, 0x08, 0x00,
  0x00, 0x00, 0x00, 0x00, 0x00, 0x00, 0x00, 0x00, 0xe0, 0x17, 0x37, 0x00,
  0xf2, 0x00, 0xda, 0x8f, 0x00, 0x5a, 0xef, 0x00, 0xef, 0x98, 0x00, 0xbd,
  0x28, 0x0b, 0x00, 0x02, 0x00, 0xdb, 0x00, 0x00, 0x00, 0xf9, 0x35, 0x00,
  0x00, 0x00, 0x03, 0xb7, 0x00, 0x0a, 0x00, 0x00, 0xf5, 0x3c, 0xe1, 0x0f,
  0x00, 0x00, 0x36, 0x13, 0x00, 0x00, 0x88, 0xfc, 0xe2, 0xc8, 0x00, 0x00,
  0x00, 0xfa, 0x00, 0x00, 0x23, 0xcb, 0xf5, 0x00, 0x00, 0xd4, 0x00, 0x00,
  0x1b, 0xfd, 0x00, 0xc3, 0x00, 0x32, 0x00, 0xd9, 0x00, 0xe2, 0x00, 0x00,
  0x00, 0xb2, 0xea, 0x00, 0xb0, 0x1b, 0x00, 0xbf, 0x00, 0x00, 0x16, 0x00,
  0x00, 0xd3, 0xd6, 0x00, 0x8d, 0xa3, 0xe6, 0x00, 0x00, 0x00, 0xf2, 0xb2,
  0x00, 0xce, 0x00, 0xe7, 0x00, 0x00, 0x8d, 0x00, 0xef, 0xe0, 0x00, 0x00,
  0x00, 0xc0, 0x81, 0x00, 0x00, 0xc4, 0x00, 0x00, 0xdb, 0x00, 0x27, 0x00,
  0xf2, 0x00, 0x00, 0x00, 0x00, 0x00, 0x07, 0x00, 0xe4, 0x00, 0x00, 0x00,
  0x00, 0x04, 0xe1, 0xe9, 0x00, 0x00, 0x00, 0xfb, 0x00, 0x00, 0x00, 0x00,
  0xc2, 0x00, 0x00, 0x00, 0xfb, 0x07, 0xed, 0x0b, 0x00, 0x00, 0x00, 0x00,
  0xf8, 0x00, 0x2c, 0x15, 0x00, 0x00, 0x00, 0x00, 0x31, 0xab, 0x00, 0x37,
  0xf0, 0xdc, 0x00, 0x08, 0x02, 0x00, 0x00, 0x00, 0x00, 0x00, 0xea, 0x28,
  0xc0, 0xe4, 0xfd, 0xfb, 0x02, 0x00, 0x00, 0x00, 0x40, 0xd9, 0x00, 0xd3,
  0x1e, 0x00, 0xc0, 0x00, 0x00, 0x00, 0x00, 0xf2, 0xff, 0x00, 0xe4, 0x00,
  0x00, 0x00, 0x0a, 0x00, 0xdc, 0xf3, 0x00, 0xeb, 0x00, 0x0f, 0x00, 0xb7,
  0x00, 0x00, 0xbb, 0x00, 0x17, 0x28, 0x00, 0x31, 0x00, 0x00, 0x33, 0xe4,
  0x00, 0xc1, 0x00, 0xe6, 0xe5, 0xd9, 0x00, 0x3b, 0xcf, 0xfa, 0xb4, 0x00,
  0x00, 0xfd, 0x00, 0x0d, 0xd1, 0xc3, 0xa2, 0x00, 0x00, 0xb5, 0x06, 0xf8,
  0xdd, 0x00, 0xcb, 0x1f, 0xe5, 0xf0, 0x00, 0x00, 0x00, 0xdf, 0xd5, 0xca,
  0xb4, 0xf5, 0x08, 0xdb, 0xee, 0x25, 0xe6, 0x00, 0xd5, 0x1e, 0x05, 0xc7,
  0x00, 0x00, 0x00, 0x00, 0x00, 0x0e, 0xeb, 0x8a, 0xef, 0x00, 0xc2, 0x04,
  0x00, 0x00, 0x05, 0x00, 0x00, 0x00, 0x18, 0x00, 0x00, 0xd6, 0x00, 0xc6,
  0xf1, 0xd7, 0x20, 0x2c, 0xff, 0xc1, 0x00, 0x00, 0x05, 0x24, 0xc3, 0x00,
  0x00, 0xb9, 0x00, 0x0f, 0x09, 0x00, 0x14, 0xe2, 0x0c, 0x00, 0x00, 0xb5,
  0xf2, 0x00, 0x00, 0x00, 0xa7, 0x3d, 0x00, 0x00, 0x07, 0x35, 0x00, 0x00,
  0x00, 0x00, 0xdb, 0x1c, 0x00, 0x02, 0xba, 0x00, 0x88, 0x00, 0x00, 0x00,
  0x00, 0x00, 0x1d, 0xfe, 0x00, 0x00, 0x14, 0x00, 0x20, 0xca, 0xdc, 0xf0,
  0xd2, 0x13, 0xd5, 0x27, 0xe8, 0x00, 0x00, 0x00, 0x00, 0xd7, 0x00, 0x00,
  0xf2, 0x00, 0xe4, 0x2c, 0x00, 0xe0, 0xab, 0x00, 0xf7, 0x00, 0xf0, 0x00,
  0x00, 0x0c, 0x00, 0x00, 0x1c, 0x00, 0x06, 0xa4, 0xde, 0x00, 0x00, 0xfb,
  0x00, 0x00, 0x2a, 0xe9, 0x00, 0x00, 0x09, 0x00, 0xdf, 0x00, 0x00, 0x00,
  0x01, 0xe9, 0x00, 0x00, 0xa1, 0x00, 0x00, 0xdb, 0x43, 0x0a, 0x00, 0x00,
  0x00, 0xb3, 0x00, 0x00, 0x00, 0xcc, 0x00, 0x33, 0x1e, 0x00, 0xc6, 0x00,
  0xf3, 0xd2, 0x22, 0x00, 0x00, 0xb5, 0xe8, 0x00, 0xeb, 0x00, 0x00, 0x00,
  0xd0, 0xb0, 0x00, 0x00, 0x00, 0x00, 0xf4, 0x00, 0x00, 0x00, 0xee, 0xd9,
  0xca, 0x00, 0x4b, 0xff, 0x00, 0x00, 0x1c, 0x00, 0x00, 0x00, 0x00, 0x00,
  0x00, 0x00, 0xfd, 0xd7, 0xed, 0x00, 0x00, 0x08, 0x00, 0x22, 0x00, 0x00,
  0x00, 0xc4, 0xef, 0x00, 0x00, 0xec, 0x00, 0x00, 0x00, 0xe7, 0x00, 0x00,
  0xfa, 0xc5, 0x00, 0x00, 0x00, 0x00, 0xde, 0x00, 0xd8, 0xf0, 0xb1, 0x00,
  0x00, 0x00, 0xe1, 0xf2, 0xc2, 0x7f, 0x00, 0x00, 0x00, 0xbf, 0x00, 0x00,
  0xcb, 0x00, 0x00, 0xdd, 0xf7, 0xcd, 0xe0, 0xd1, 0xd0, 0x00, 0xc9, 0x00,
  0x00, 0x00, 0x36, 0xed, 0xe5, 0x00, 0x00, 0x02, 0xb0, 0x00, 0x00, 0x00,
  0xf8, 0x0f, 0xc7, 0x0e, 0xed, 0x0d, 0x00, 0x00, 0xc5, 0xc4, 0x00, 0x00,
  0x00, 0xd9, 0x00, 0x00, 0x00, 0xa9, 0x00, 0x00, 0x12, 0x00, 0xf8, 0x00,
  0x0a, 0x00, 0x00, 0x00, 0xb6, 0x00, 0x00, 0x00, 0xb7, 0x00, 0x00, 0x2d,
  0xc5, 0x00, 0x00, 0x00, 0x00, 0x2a, 0x00, 0x00, 0xc5, 0xd1, 0x12, 0x00,
  0x00, 0x00, 0x00, 0xa0, 0x00, 0x00, 0xbe, 0xc9, 0x35, 0x00, 0x00, 0x00,
  0x00, 0xd7, 0xcd, 0xbf, 0x00, 0x00, 0x00, 0x00, 0x00, 0x00, 0x00, 0x2a,
  0x00, 0x00, 0x00, 0x00, 0x00, 0xc2, 0x00, 0xd7, 0x1e, 0x00, 0xd9, 0x00,
  0x00, 0xec, 0xce, 0x00, 0x98, 0x00, 0x00, 0xf7, 0x00, 0x00, 0x00, 0x00,
  0x02, 0x00, 0xe4, 0x00, 0xaa, 0xed, 0x15, 0xed, 0xdc, 0x00, 0xed, 0xed,
  0xc2, 0x00, 0x00, 0x0e, 0xce, 0x06, 0x00, 0x00, 0x00, 0xe1, 0xee, 0x00,
  0xc1, 0x01, 0x00, 0x2b, 0x00, 0x00, 0x00, 0xfa, 0xf3, 0x00, 0xef, 0xfa,
  0xde, 0x00, 0xea, 0xe2, 0x00, 0x00, 0x00, 0x00, 0xdb, 0xb8, 0x00, 0x06,
  0x08, 0xd6, 0x00, 0xe0, 0xdf, 0xe0, 0x00, 0x00, 0xc3, 0xe4, 0xe7, 0x27,
  0xaa, 0x00, 0x00, 0xe4, 0xee, 0xc5, 0x00, 0xbb, 0x1b, 0x00, 0x00, 0x00,
  0xef, 0x00, 0xfb, 0x00, 0xbf, 0x03, 0x00, 0x00, 0x00, 0xf1, 0x00, 0x00,
  0x00, 0x00, 0xd9, 0x00, 0x00, 0x00, 0x10, 0xef, 0xdb, 0xd8, 0x00, 0x00,
  0x43, 0xf8, 0x00, 0x16, 0x0c, 0x00, 0xea, 0x1d, 0x00, 0x00, 0x01, 0x1c,
  0xf9, 0xe0, 0x00, 0x2b, 0xf2, 0xa9, 0x00, 0x00, 0x25, 0x00, 0xd8, 0xf5,
  0x00, 0x00, 0xae, 0x00, 0x00, 0x07, 0xc3, 0x00, 0x00, 0x00, 0x00, 0xc8,
  0x00, 0xf6, 0x00, 0xb7, 0xec, 0x00, 0x04, 0x00, 0x00, 0x00, 0x00, 0x00,
  0xf2, 0x00, 0xf5, 0x00, 0x00, 0x0c, 0x1f, 0x00, 0xb5, 0xd8, 0x00, 0x00,
  0xc2, 0x00, 0x00, 0x00, 0x00, 0x00, 0xcb, 0x00, 0x00, 0x00, 0x00, 0x00,
  0x00, 0xaf, 0x00, 0xd5, 0xf5, 0x3f, 0x31, 0x13, 0xea, 0x00, 0xc4, 0x00,
  0xd8, 0x00, 0xea, 0xcf, 0x29, 0xdd, 0xac, 0x00, 0xf9, 0xac, 0x00, 0x00,
  0xc1, 0x00, 0xe7, 0x00, 0xb5, 0x3f, 0x0f, 0x00, 0x00, 0x00, 0x00, 0x00,
  0x00, 0x10, 0xc2, 0xcf, 0x00, 0x11, 0xf4, 0x0b, 0x00, 0x42, 0x00, 0xf5,
  0x00, 0x39, 0xf8, 0xdb, 0x00, 0xf9, 0xe8, 0x00, 0xc3, 0x00, 0x00, 0xeb,
  0xc8, 0x00, 0xb2, 0x00, 0x1e, 0xd0, 0x08, 0xf3, 0xfa, 0xb2, 0x0f, 0x00,
  0xbf, 0x01, 0x00, 0x00, 0x00, 0x3b, 0x00, 0x00, 0xfd, 0x00, 0xe5, 0x24,
  0xe0, 0x00, 0x00, 0xe8, 0x00, 0x00, 0x00, 0x00, 0xee, 0x00, 0xcf, 0x00,
  0x8c, 0x00, 0x00, 0x00, 0x21, 0x00, 0x00, 0xa3, 0x00, 0x00, 0x81, 0x00,
  0xd6, 0x1d, 0xe1, 0x00, 0x00, 0x00, 0x00, 0xef, 0x00, 0x00, 0xf2, 0x00,
  0x00, 0x00, 0xec, 0xad, 0x00, 0x00, 0x00, 0xdc, 0x15, 0x00, 0x00, 0x00,
  0x32, 0x00, 0x00, 0x29, 0xdc, 0x00, 0xfb, 0x2f, 0x00, 0x00, 0xd3, 0x00,
  0x26, 0x00, 0x00, 0x20, 0xe5, 0x1d, 0x02, 0x04, 0x00, 0x00, 0x00, 0x00,
  0x2d, 0xe4, 0x0c, 0x24, 0x00, 0xd7, 0x00, 0x24, 0x00, 0x00, 0x00, 0x00,
  0x00, 0x00, 0xdd, 0x00, 0x00, 0x00, 0x00, 0x00, 0x00, 0xf8, 0x00, 0xbc,
  0x12, 0xf6, 0xdf, 0xf5, 0x00, 0x00, 0xe1, 0x00, 0x00, 0xc6, 0xe2, 0xf1,
  0x25, 0xff, 0x05, 0xf5, 0x00, 0x47, 0x55, 0x00, 0xef, 0xe4, 0xd8, 0x00,
  0xe6, 0x00, 0x00, 0xd7, 0x6e, 0xbc, 0x51, 0xb0, 0x14, 0x00, 0x00, 0x00,
  0xce, 0xf5, 0x01, 0x00, 0x00, 0xf9, 0x11, 0x1f, 0x00, 0x00, 0x00, 0xec,
  0xe4, 0x00, 0xfd, 0x00, 0x25, 0x34, 0x00, 0xe9, 0x00, 0x00, 0x00, 0x3c,
  0xff, 0x00, 0x00, 0x00, 0x00, 0x00, 0x04, 0x30, 0xfa, 0xbd, 0x0c, 0x04,
  0x00, 0xcf, 0xde, 0xd4, 0x00, 0x28, 0xa5, 0x00, 0x00, 0x00, 0x00, 0xd0,
  0xdc, 0x00, 0xd1, 0x00, 0x00, 0xec, 0x00, 0x00, 0x17, 0x08, 0x00, 0x00,
  0x05, 0xd2, 0x00, 0xe7, 0x00, 0x00, 0x0a, 0x00, 0x00, 0x00, 0x00, 0x0d,
  0xe1, 0x00, 0x1f, 0xed, 0x00, 0xe4, 0x1e, 0x2c, 0x00, 0x00, 0x00, 0x00,
  0x00, 0x00, 0x00, 0xf9, 0x00, 0xdb, 0xf6, 0xc5, 0x14, 0x00, 0x00, 0xce,
  0x00, 0x00, 0x16, 0x00, 0xe1, 0x31, 0xbf, 0x00, 0x00, 0x00, 0xea, 0x00,
  0x00, 0x00, 0x00, 0x00, 0x00, 0xb8, 0x00, 0x00, 0x00, 0xe5, 0x00, 0x23,
  0xde, 0x00, 0xc8, 0xb3, 0x00, 0x38, 0x00, 0xb7, 0xe0, 0x00, 0x5e, 0xab,
  0x35, 0x2c, 0xda, 0x92, 0xfa, 0xf8, 0x00, 0xce, 0x00, 0x2b, 0xb3, 0x78,
  0x00, 0x28, 0x00, 0xef, 0x00, 0x00, 0xd2, 0xa1, 0x00, 0x2a, 0x00, 0x00,
  0x12, 0x35, 0x00, 0x03, 0xf3, 0x33, 0x01, 0xda, 0x00, 0x00, 0x00, 0x00,
  0xe6, 0xfa, 0x00, 0x00, 0x0a, 0x00, 0x2b, 0x23, 0xed, 0x6c, 0xc8, 0x00,
  0x00, 0x00, 0x49, 0xb6, 0xb2, 0x00, 0xba, 0xb9, 0x00, 0x00, 0x00, 0x0a,
  0x00, 0xb1, 0xe5, 0x00, 0xba, 0x01, 0x04, 0x00, 0x30, 0x81, 0xd2, 0x5b,
  0xea, 0x61, 0x00, 0x3d, 0x00, 0x00, 0xd7, 0x56, 0x00, 0x00, 0x2f, 0x00,
  0x00, 0x0c, 0x09, 0x00, 0xba, 0x00, 0x51, 0x00, 0xdb, 0xe7, 0x00, 0x00,
  0x16, 0x16, 0x00, 0x00, 0xcf, 0x00, 0x00, 0x0f, 0x0b, 0xe0, 0x00, 0xdd,
  0x00, 0x4e, 0x00, 0xf3, 0x00, 0x00, 0x00, 0x00, 0x14, 0x00, 0x00, 0xe3,
  0x00, 0x00, 0xe4, 0x00, 0x00, 0xde, 0x0b, 0x00, 0x00, 0xdc, 0xf8, 0x14,
  0x32, 0x00, 0x05, 0x01, 0xd3, 0x2b, 0x00, 0xa7, 0xa4, 0x00, 0xea, 0x00,
  0x0c, 0xce, 0xcc, 0xa7, 0x00, 0x00, 0x00, 0x18, 0xef, 0x00, 0x00, 0xaf,
  0xf3, 0x00, 0x00, 0xe9, 0x0e, 0x9c, 0x00, 0xb9, 0x00, 0xd7, 0x00, 0xf0,
  0x00, 0x00, 0x00, 0x39, 0x00, 0x27, 0x00, 0x00, 0xf8, 0x00, 0xf8, 0xe5,
  0x00, 0x00, 0x00, 0xd3, 0xad, 0x00, 0x00, 0x2a, 0xc1, 0xda, 0x28, 0x00,
  0x3f, 0xf8, 0x00, 0x00, 0x3c, 0xd9, 0x00, 0xd4, 0x00, 0x00, 0x56, 0xdc,
  0x00, 0x00, 0xcf, 0x02, 0xf8, 0x00, 0xee, 0x00, 0x00, 0x02, 0xcb, 0x00,
  0xd1, 0xc7, 0x00, 0x69, 0x00, 0x00, 0xf2, 0xac, 0x81, 0x00, 0x2f, 0x00,
  0x00, 0x25, 0x43, 0x90, 0x00, 0x4b, 0x97, 0x00, 0xec, 0x4e, 0xce, 0x00,
  0xd7, 0x67, 0x00, 0x00, 0x00, 0x00, 0x00, 0xb6, 0x98, 0xc8, 0x51, 0xb8,
  0x00, 0x4d, 0x00, 0x00, 0x00, 0x00, 0x00, 0xdb, 0x00, 0x25, 0x00, 0xdd,
  0x00, 0x00, 0xe6, 0xfc, 0xd2, 0x00, 0xc5, 0x2d, 0x00, 0x01, 0xe4, 0x3b,
  0x00, 0xf5, 0xe8, 0xea, 0x00, 0x00, 0x93, 0xda, 0x00, 0x00, 0x00, 0x22,
  0x00, 0x0b, 0x00, 0x00, 0x17, 0x00, 0x00, 0xb4, 0x00, 0xe5, 0x0d, 0x00,
  0x00, 0xc7, 0xb9, 0x00, 0x00, 0x00, 0x0f, 0x1c, 0xd7, 0x00, 0x00, 0xf9,
  0x00, 0xde, 0x9e, 0x43, 0xd2, 0x00, 0xec, 0x00, 0xc7, 0x00, 0x00, 0x33,
  0xd8, 0x00, 0x00, 0x00, 0x1b, 0xee, 0x00, 0x00, 0x00, 0xf1, 0xf8, 0x46,
  0xa4, 0x00, 0x00, 0x14, 0x00, 0x00, 0x00, 0x00, 0x25, 0x00, 0x00, 0x00,
  0x00, 0xd1, 0x00, 0x00, 0x00, 0xe0, 0xed, 0x00, 0x6e, 0x01, 0x00, 0x00,
  0x00, 0xa9, 0x00, 0x00, 0x00, 0xbc, 0x00, 0x00, 0x00, 0x00, 0xa6, 0x00,
  0x00, 0x00, 0x0c, 0x00, 0xea, 0x76, 0x00, 0x0c, 0xeb, 0x00, 0xea, 0xeb,
  0xd3, 0x17, 0x00, 0xf5, 0x00, 0x00, 0x98, 0xd2, 0x00, 0x00, 0x09, 0x2f,
  0xa6, 0x00, 0x00, 0x00, 0xeb, 0x00, 0xe9, 0xe4, 0x00, 0x00, 0xb2, 0x01,
  0x36, 0x00, 0x00, 0xe3, 0xcb, 0x00, 0x1c, 0x00, 0xa9, 0x31, 0x00, 0x0c,
  0x00, 0x01, 0x10, 0x00, 0x00, 0xce, 0xfe, 0x00, 0x00, 0x00, 0xec, 0x00,
  0x00, 0x12, 0xbb, 0x33, 0x00, 0xfe, 0xbf, 0xc9, 0xe1, 0x18, 0x4f, 0x00,
  0xbf, 0xef, 0x00, 0x00, 0xff, 0x32, 0x00, 0x40, 0xd0, 0x00, 0x00, 0xf6,
  0xab, 0x00, 0xe8, 0x18, 0x00, 0x00, 0x00, 0xd5, 0x00, 0x00, 0x00, 0xb5,
  0xc9, 0x00, 0xd7, 0x00, 0xb0, 0x00, 0x00, 0x2c, 0x19, 0x00, 0x81, 0x00,
  0x00, 0x00, 0x00, 0x0c, 0x01, 0x30, 0x00, 0x00, 0x00, 0x00, 0x00, 0x00,
  0xdc, 0x00, 0x00, 0x35, 0x00, 0x4a, 0x00, 0x00, 0xec, 0xfe, 0x3b, 0xf1,
  0x42, 0xd9, 0x14, 0xd4, 0x00, 0x00, 0x27, 0x46, 0x25, 0xa5, 0x26, 0x00,
  0x3d, 0x5f, 0x00, 0x00, 0x00, 0x00, 0x00, 0x00, 0x00, 0x00, 0x00, 0x00,
  0x00, 0x53, 0x00, 0x45, 0xce, 0x52, 0x00, 0x00, 0x2f, 0x00, 0x00, 0xbc,
  0x00, 0x0d, 0x00, 0xdf, 0x00, 0x00, 0x00, 0xa9, 0x00, 0x00, 0x20, 0x21,
  0x12, 0x00, 0x00, 0x00, 0x34, 0x00, 0xe6, 0xee, 0xd4, 0x00, 0x00, 0x00,
  0x09, 0x00, 0x00, 0x48, 0x00, 0x00, 0x1e, 0x00, 0x31, 0x13, 0xd7, 0x2c,
  0x00, 0x00, 0x29, 0x00, 0x92, 0xfb, 0x00, 0x40, 0x00, 0x00, 0x48, 0x13,
  0x00, 0xf8, 0x01, 0x00, 0x0b, 0x43, 0x15, 0x71, 0xda, 0xed, 0xf2, 0x00,
  0xc5, 0x00, 0xe5, 0xa0, 0x46, 0x11, 0x11, 0x32, 0xcc, 0xfe, 0xc6, 0xe5,
  0x00, 0x52, 0x07, 0x00, 0x0c, 0xdb, 0x3c, 0x00, 0x3a, 0x00, 0xe4, 0xb4,
  0x2d, 0x00, 0x00, 0x43, 0x00, 0x5a, 0x20, 0x1f, 0x00, 0x29, 0x00, 0x32,
  0x00, 0x00, 0x6f, 0x00, 0x33, 0x00, 0x00, 0x00, 0x05, 0x00, 0xb5, 0x00,
  0xfb, 0x96, 0x00, 0xe5, 0xfd, 0xaa, 0x68, 0x00, 0x18, 0x00, 0xfa, 0x4f,
  0xd4, 0xe6, 0x51, 0x2c, 0x00, 0x00, 0x00, 0x26, 0x00, 0x00, 0xa7, 0x00,
  0x38, 0x58, 0x00, 0xfd, 0x00, 0x41, 0x00, 0x00, 0x00, 0xe1, 0x00, 0x00,
  0x0c, 0x00, 0x00, 0xcc, 0x3e, 0xcc, 0x0a, 0x00, 0xbb, 0x15, 0xf7, 0x00,
  0x00, 0x00, 0x00, 0x62, 0x00, 0x00, 0xcc, 0x00, 0x31, 0x00, 0x00, 0x18,
  0x26, 0x00, 0x62, 0x00, 0x00, 0x00, 0x00, 0x00, 0x00, 0xff, 0x3b, 0xba,
  0x14, 0x00, 0xfc, 0x00, 0x0b, 0x1f, 0x00, 0x00, 0x00, 0x1b, 0x00, 0x00,
  0x00, 0x67, 0xd8, 0xdd, 0xc5, 0x00, 0x00, 0x33, 0xe1, 0x00, 0x26, 0x00,
  0x2f, 0x00, 0x00, 0x00, 0x00, 0x00, 0x12, 0x00, 0xe8, 0x00, 0x48, 0x00,
  0x00, 0x00, 0x00, 0x4d, 0x09, 0x00, 0xe6, 0x00, 0xa2, 0xb5, 0x00, 0x00,
  0x00, 0x00, 0x00, 0x00, 0xeb, 0xfe, 0xdb, 0x00, 0x20, 0x00, 0x19, 0x99,
  0x41, 0x02, 0x39, 0x00, 0x2d, 0xe1, 0x00, 0x00, 0x00, 0x00, 0x00, 0x35,
  0x00, 0x29, 0x00, 0xd0, 0xcb, 0x00, 0xb1, 0xf0, 0x34, 0x00, 0xe1, 0x00,
  0xdc, 0x10, 0x32, 0xeb, 0x00, 0xee, 0x00, 0x00, 0xef, 0x00, 0x00, 0x00,
  0x00, 0xe0, 0x00, 0x0d, 0x44, 0xe8, 0x0a, 0x00, 0xe3, 0x00, 0x00, 0xf7,
  0x00, 0xea, 0x00, 0x00, 0x00, 0xf1, 0x00, 0x1c, 0x00, 0x16, 0x00, 0x5f,
  0x1d, 0x2d, 0x31, 0x00, 0x52, 0x00, 0x35, 0xe3, 0xd3, 0x38, 0x00, 0x00,
  0x00, 0x00, 0x00, 0x00, 0x15, 0xeb, 0x00, 0x00, 0x13, 0xfe, 0x30, 0x00,
  0x2d, 0xed, 0xbf, 0x00, 0x00, 0x00, 0x00, 0x00, 0xf0, 0x00, 0x18, 0x26,
  0x34, 0xd5, 0x2f, 0x00, 0x2e, 0xb0, 0x00, 0x0e, 0x00, 0x1b, 0x00, 0x00,
  0x00, 0xd2, 0x00, 0x00, 0x00, 0x00, 0xe5, 0x00, 0x00, 0x00, 0x00, 0x14,
  0x00, 0x07, 0x20, 0xd7, 0x00, 0xfc, 0x00, 0x00, 0x01, 0x00, 0x00, 0x00,
  0x00, 0x7f, 0x00, 0x00, 0x1e, 0x3a, 0x00, 0xd0, 0x00, 0x00, 0x02, 0x00,
  0x56, 0x3c, 0xcc, 0x00, 0x00, 0x34, 0x00, 0x00, 0x15, 0x00, 0xf0, 0x00,
  0x47, 0x00, 0x00, 0x3c, 0x00, 0x00, 0x2c, 0xfa, 0x00, 0x00, 0x00, 0x70,
  0x22, 0xf5, 0x00, 0x5e, 0x0f, 0x00, 0x00, 0x00, 0x00, 0x00, 0x00, 0x15,
  0x00, 0x2a, 0xd7, 0x00, 0x00, 0x00, 0x2f, 0x00, 0xe1, 0x09, 0xf9, 0x01,
  0x00, 0x5a, 0x00, 0x56, 0x03, 0x00, 0x35, 0xbe, 0x05, 0x37, 0x3d, 0x00,
  0xf9, 0x49, 0x17, 0x00, 0xc5, 0x12, 0x00, 0xe3, 0x00, 0x00, 0x55, 0x10,
  0x00, 0xe1, 0x00, 0x00, 0x00, 0xd1, 0x4d, 0x00, 0x00, 0xd0, 0x00, 0x04,
  0xcc, 0x00, 0x00, 0xf0, 0x00, 0x00, 0x00, 0x0c, 0x0a, 0x53, 0x00, 0x26,
  0xf8, 0x00, 0x00, 0x00, 0x00, 0x00, 0xdb, 0xca, 0xc5, 0x00, 0xe2, 0xf9,
  0xc3, 0x00, 0x0f, 0x00, 0x00, 0x12, 0x1a, 0xd9, 0xfa, 0x53, 0xe0, 0x00,
  0xe1, 0xd1, 0x36, 0xf4, 0x00, 0x00, 0x04, 0x1c, 0xb9, 0x00, 0xf8, 0xff,
  0x1a, 0x00, 0x32, 0xde, 0x00, 0x00, 0xe3, 0x4d, 0xff, 0xdb, 0x20, 0x00,
  0x21, 0xee, 0x35, 0x00, 0x00, 0x00, 0x00, 0x2b, 0x00, 0x1f, 0xfe, 0x3c,
  0x42, 0xeb, 0x00, 0xd0, 0x2d, 0x0d, 0x00, 0x00, 0xbb, 0x00, 0x3e, 0xee,
  0x00, 0xfa, 0x25, 0x00, 0x00, 0x1d, 0x00, 0xf1, 0xcf, 0xfd, 0x49, 0x00,
  0x00, 0xef, 0xc7, 0x00, 0x00, 0x00, 0x00, 0x00, 0xe0, 0x00, 0x8c, 0x00,
  0x00, 0x00, 0x00, 0x00, 0x00, 0x35, 0x00, 0x00, 0x34, 0x00, 0xa4, 0x00,
  0x00, 0x00, 0xa0, 0x00, 0x00, 0x00, 0x00, 0x00, 0x00, 0x09, 0x5a, 0x29,
  0x31, 0x00, 0x24, 0x00, 0xe8, 0x81, 0x00, 0x00, 0x00, 0x00, 0x0c, 0x0b,
  0xb0, 0x2a, 0x00, 0x00, 0x00, 0xe2, 0x34, 0x0f, 0x0a, 0x00, 0x00, 0x01,
  0xd4, 0x27, 0x08, 0x00, 0x06, 0x00, 0x00, 0x19, 0x5e, 0x29, 0x0f, 0xdf,
  0x00, 0x39, 0x00, 0x06, 0x00, 0x00, 0x00, 0x00, 0xf2, 0x00, 0x1a, 0x3d,
  0xc1, 0x00, 0x00, 0x98, 0x00, 0xcd, 0x38, 0xcb, 0x00, 0xbf, 0x49, 0x00,
  0x00, 0xdb, 0xbc, 0x00, 0x16, 0x16, 0x00, 0x26, 0x00, 0x00, 0x00, 0xc9,
  0x00, 0xac, 0x00, 0x49, 0xc0, 0x28, 0x00, 0x00, 0x35, 0x01, 0x00, 0x00,
  0xf3, 0xe3, 0x00, 0x02, 0x00, 0x00, 0x00, 0xe4, 0x00, 0x3b, 0x2e, 0x00,
  0xc7, 0xfd, 0x00, 0x00, 0x00, 0xf5, 0xe1, 0x00, 0x00, 0xbc, 0x00, 0x00,
  0xc7, 0x1c, 0x92, 0x00, 0x00, 0x00, 0x00, 0xfa, 0xf5, 0x00, 0x00, 0x00,
  0x00, 0x00, 0xb3, 0x00, 0x00, 0x00, 0x00, 0x00, 0xf5, 0x00, 0xb4, 0x00,
  0x00, 0x00, 0x00, 0x1e, 0xe6, 0x00, 0x00, 0x00, 0x00, 0x90, 0x00, 0xdd,
  0x00, 0x00, 0xcc, 0x00, 0x00, 0x00, 0x00, 0x00, 0x00, 0x00, 0x00, 0x00,
  0x00, 0xf9, 0x8c, 0xe7, 0xa9, 0x37, 0x00, 0x00, 0xf4, 0xec, 0x01, 0xcf,
  0x37, 0xd6, 0x00, 0x00, 0x00, 0xe0, 0xe7, 0xc9, 0xd5, 0xf0, 0xa9, 0x00,
  0x00, 0x01, 0xdc, 0x00, 0xd3, 0x00, 0x1e, 0xc7, 0x19, 0xed, 0x00, 0x00,
  0x13, 0x00, 0xc8, 0x00, 0x01, 0x00, 0xbe, 0xa2, 0x0a, 0xe9, 0x0e, 0x00,
  0xf5, 0x00, 0x1e, 0x10, 0x00, 0xc7, 0x00, 0x00, 0xa5, 0x00, 0xc6, 0xc0,
  0x00, 0x00, 0xbf, 0x00, 0xe4, 0x00, 0x00, 0x00, 0x9e, 0x00, 0x00, 0xb6,
  0xcd, 0xf5, 0x00, 0x00, 0xcd, 0x00, 0x00, 0x00, 0x4c, 0x00, 0x9f, 0xfd,
  0x30, 0xbe, 0xec, 0xd2, 0x00, 0x00, 0xa5, 0x0f, 0xe4, 0x98, 0x02, 0x37,
  0x00, 0xd0, 0xbb, 0xba, 0x00, 0xf4, 0xd0, 0xe7, 0x00, 0x00, 0xe6, 0x00,
  0xfd, 0x00, 0xac, 0x00, 0x02, 0x01, 0x00, 0x06, 0xfe, 0x0a, 0x00, 0x00,
  0x00, 0x26, 0x00, 0x05, 0xae, 0x00, 0x04, 0x04, 0xf7, 0x18, 0x00, 0x00,
  0x00, 0xfa, 0x00, 0x1d, 0x00, 0x07, 0xe9, 0xab, 0x00, 0x00, 0x08, 0x1d,
  0xfe, 0xcb, 0x00, 0xfc, 0x00, 0xf5, 0x00, 0xfe, 0x00, 0x27, 0x00, 0x10,
  0xd4, 0xf0, 0xb9, 0xf6, 0xd8, 0x00, 0x00, 0xf8, 0x00, 0xc2, 0x00, 0x1d,
  0x00, 0x00, 0x00, 0xf8, 0x00, 0x81, 0xd5, 0x00, 0x00, 0x06, 0xb3, 0xfd,
  0x00, 0xee, 0x45, 0x00, 0x00, 0xe8, 0x6d, 0x00, 0x00, 0xb2, 0x00, 0x00,
  0xb1, 0x00, 0xa0, 0xa8, 0xf0, 0x13, 0x1f, 0xa7, 0xd2, 0xeb, 0x0d, 0x00,
  0xce, 0x00, 0x00, 0x00, 0xe1, 0x00, 0xe6, 0x00, 0xab, 0xfe, 0x00, 0xec,
  0x08, 0xe9, 0x00, 0x00, 0x18, 0x00, 0x1f, 0x00, 0x1c, 0x00, 0xe7, 0x28,
  0xef, 0x16, 0x00, 0xe2, 0x2c, 0x00, 0x00, 0xd2, 0x0e, 0x1a, 0x28, 0x10,
  0x00, 0x35, 0x00, 0x38, 0x00, 0x49, 0x00, 0x00, 0x23, 0x00, 0xe6, 0xf1,
  0x01, 0x00, 0x00, 0x00, 0xfe, 0xff, 0x00, 0x2f, 0x00, 0x00, 0x00, 0x00,
  0x17, 0x00, 0xdf, 0x20, 0x00, 0xf9, 0x00, 0x00, 0x00, 0xf6, 0x00, 0x21,
  0x00, 0x11, 0x00, 0x02, 0x00, 0xef, 0x05, 0x00, 0x00, 0xed, 0x00, 0x00,
  0x00, 0x03, 0x09, 0xd6, 0x00, 0x27, 0xf0, 0x00, 0xe6, 0x00, 0x19, 0xd6,
  0x00, 0x00, 0x0c, 0x2e, 0x00, 0x00, 0x00, 0xf1, 0xdd, 0x20, 0x00, 0x00,
  0x00, 0x00, 0x07, 0x00, 0x00, 0x00, 0x00, 0xfb, 0x1d, 0x00, 0x25, 0xe2,
  0xb6, 0xf8, 0x00, 0x00, 0x00, 0x00, 0x06, 0x00, 0xec, 0x39, 0x00, 0x00,
  0x00, 0xcb, 0x00, 0x00, 0x00, 0x00, 0x00, 0xeb, 0x5f, 0xc4, 0xdc, 0x00,
  0x00, 0xfa, 0x00, 0x00, 0x19, 0xf3, 0x02, 0x00, 0x00, 0x00, 0xdc, 0x00,
  0x00, 0xd8, 0xb7, 0x00, 0x00, 0x00, 0x00, 0xfb, 0x0d, 0x00, 0x00, 0xca,
  0xcd, 0xe7, 0x00, 0x00, 0x00, 0x08, 0xe4, 0x00, 0xc5, 0x28, 0x00, 0x00,
  0xdf, 0xf5, 0x00, 0x00, 0x00, 0x05, 0x00, 0x3b, 0x00, 0x00, 0x41, 0x00,
  0x01, 0xd2, 0x3f, 0x00, 0x00, 0x00, 0xcc, 0x00, 0x00, 0x00, 0xde, 0x00,
  0x00, 0x00, 0x00, 0x00, 0x00, 0xea, 0x00, 0x00, 0x00, 0xb9, 0x06, 0x00,
  0x46, 0x00, 0x00, 0xf6, 0x06, 0x82, 0xb2, 0x00, 0x00, 0xfc, 0x00, 0x00,
  0xb6, 0x00, 0x19, 0x02, 0x00, 0x52, 0x00, 0xca, 0x02, 0xe7, 0x98, 0x00,
  0x00, 0x00, 0x0b, 0x00, 0xcb, 0x0d, 0xc8, 0x00, 0x14, 0x00, 0xe2, 0x19,
  0x00, 0x00, 0x00, 0x2a, 0xd6, 0x00, 0xdd, 0xb0, 0x00, 0x00, 0x11, 0xf5,
  0xd2, 0xbc, 0x00, 0x20, 0x00, 0xe5, 0x00, 0xb9, 0x00, 0xf7, 0x1f, 0x49,
  0xcf, 0x7f, 0xe3, 0x00, 0x00, 0x00, 0xd4, 0xf8, 0x00, 0x00, 0x00, 0x00,
  0xd7, 0x00, 0x00, 0x00, 0x42, 0x00, 0x38, 0x08, 0x35, 0x00, 0x00, 0x15,
  0xcd, 0x00, 0x00, 0x00, 0x31, 0xd1, 0x2d, 0x00, 0x0b, 0x00, 0x2f, 0x00,
  0x04, 0x00, 0xea, 0xca, 0x00, 0xd0, 0x26, 0x00, 0xa5, 0x00, 0x00, 0xdc,
  0xdc, 0x38, 0x00, 0x00, 0x00, 0x15, 0x29, 0x00, 0x00, 0x9d, 0x0e, 0x00,
  0x1c, 0xfa, 0x00, 0xd7, 0x00, 0x00, 0x00, 0xf7, 0xe5, 0x5b, 0x19, 0x00,
  0x00, 0x0c, 0x00, 0x1d, 0x00, 0x23, 0x94, 0xfb, 0x00, 0x00, 0xb5, 0x00,
  0xec, 0xe1, 0x00, 0xcb, 0x32, 0x00, 0x06, 0x00, 0xfe, 0x00, 0x00, 0x00,
  0x00, 0x19, 0x00, 0x00, 0x00, 0xca, 0x00, 0x00, 0x00, 0x00, 0x00, 0x00,
  0xe9, 0x12, 0x40, 0x00, 0x00, 0xe8, 0x00, 0x00, 0x00, 0x00, 0x00, 0x00,
  0x00, 0x00, 0xec, 0x00, 0xf5, 0x14, 0x19, 0x2b, 0x00, 0x00, 0x27, 0x00,
  0x0f, 0xc0, 0xfb, 0xc3, 0x5e, 0xf1, 0xf0, 0x00, 0xe6, 0x00, 0x0c, 0x00,
  0x00, 0x00, 0x3d, 0x18, 0x00, 0xa5, 0xf9, 0xeb, 0xaf, 0x00, 0x00, 0x2c,
  0xf0, 0xcc, 0x00, 0xde, 0x00, 0xe5, 0x00, 0xe9, 0x00, 0x00, 0x11, 0x00,
  0x1f, 0x00, 0x00, 0x3b, 0x00, 0x01, 0x00, 0xfa, 0x14, 0xd6, 0xf3, 0xf4,
  0x00, 0x00, 0x00, 0x00, 0x00, 0xe4, 0xea, 0x00, 0x00, 0x19, 0xf0, 0x00,
  0x26, 0x00, 0x00, 0xbe, 0x00, 0x00, 0xdf, 0x00, 0x25, 0x25, 0xf5, 0xe8,
  0xdd, 0x00, 0x0e, 0x00, 0x00, 0x00, 0x24, 0x00, 0x1c, 0x00, 0x00, 0x00,
  0x19, 0x00, 0xe3, 0xb9, 0x00, 0x00, 0xba, 0x0c, 0x00, 0xf3, 0xdd, 0x00,
  0x00, 0x00, 0x00, 0x02, 0x00, 0x00, 0x11, 0x00, 0x02, 0xcb, 0xe0, 0xf9,
  0x00, 0xf8, 0xfe, 0xfb, 0x25, 0xce, 0x00, 0xae, 0x00, 0x00, 0x35, 0xda,
  0xf6, 0x00, 0xdd, 0x1f, 0xc9, 0x00, 0x00, 0x00, 0x00, 0x00, 0x00, 0xdf,
  0x00, 0xdd, 0xbe, 0x00, 0xfe, 0x00, 0x0d, 0xd5, 0x00, 0x00, 0x00, 0x00,
  0x00, 0x00, 0x00, 0x00, 0x00, 0xb9, 0x00, 0x00, 0x00, 0xee, 0x0f, 0xf5,
  0x00, 0x00, 0x00, 0xd4, 0x00, 0x00, 0x00, 0x00, 0xdd, 0xf3, 0x00, 0x00,
  0x00, 0x1f, 0xf4, 0x00, 0x37, 0x00, 0x00, 0x00, 0x00, 0x00, 0xfb, 0x00,
  0x12, 0x00, 0x09, 0x81, 0x00, 0xd8, 0x00, 0x00, 0x00, 0x0d, 0x00, 0xae,
  0x00, 0xb5, 0x00, 0x20, 0xdf, 0xf2, 0x20, 0x00, 0xee, 0xe3, 0xbc, 0x00,
  0xc2, 0x11, 0x00, 0xe4, 0xc4, 0x00, 0x00, 0x00, 0x00, 0x00, 0x06, 0x00,
  0x12, 0x00, 0x18, 0x00, 0x47, 0x00, 0x00, 0xc9, 0xe2, 0x00, 0xbe, 0x00,
  0xd8, 0xdc, 0xca, 0x00, 0x00, 0x25, 0x3e, 0x00, 0xbe, 0x00, 0xf6, 0x24,
  0x00, 0x00, 0xb6, 0x03, 0xdc, 0x00, 0x00, 0x00, 0x27, 0x00, 0xf3, 0x00,
  0x00, 0x02, 0x00, 0x00, 0x00, 0xe5, 0x00, 0x00, 0x00, 0xd6, 0xd6, 0x2a,
  0xa3, 0xf2, 0x00, 0x00, 0x00, 0x0c, 0xae, 0x30, 0x00, 0x00, 0x00, 0x00,
  0x00, 0x00, 0xd7, 0x00, 0x00, 0x06, 0xf4, 0x00, 0x00, 0xb7, 0x00, 0xee,
  0xd1, 0x00, 0x00, 0xb8, 0x00, 0xce, 0xd7, 0xa9, 0x00, 0x00, 0xc7, 0xc5,
  0xfb, 0x00, 0x00, 0x13, 0xb2, 0x31, 0xac, 0x00, 0x00, 0x08, 0xd7, 0x00,
  0xb2, 0xe1, 0x00, 0xf2, 0xb2, 0x81, 0x00, 0xf0, 0xe5, 0xf1, 0x00, 0xd4,
  0x00, 0x00, 0xc2, 0xdf, 0x00, 0x00, 0xcf, 0xa8, 0xdd, 0xf1, 0x40, 0x00,
  0xc1, 0xf8, 0xd2, 0x00, 0xf1, 0x00, 0xe3, 0x00, 0xe5, 0x00, 0xc6, 0xf2,
  0x00, 0xc5, 0x00, 0xb2, 0xe0, 0x00, 0x00, 0xd6, 0xc9, 0x00, 0x00, 0xfb,
  0x00, 0xde, 0x08, 0x00, 0xd3, 0x00, 0xa5, 0x00, 0xe7, 0xc3, 0xfd, 0x00,
  0x00, 0x00, 0xc5, 0x00, 0x0a, 0x05, 0x00, 0x00, 0xac, 0xf1, 0x00, 0xea,
  0x18, 0x00, 0xd0, 0xda, 0x00, 0x00, 0x00, 0xff, 0x36, 0xcb, 0xed, 0x00,
  0x00, 0x15, 0x00, 0x0c, 0x00, 0x00, 0x00, 0x00, 0x00, 0x00, 0xe4, 0x00,
  0xf8, 0x00, 0x00, 0x00, 0x00, 0x00, 0x00, 0x43, 0x28, 0x03, 0xad, 0xb7,
  0x00, 0x00, 0xe9, 0xf8, 0x00, 0xc9, 0x00, 0xd8, 0xd8, 0x00, 0x00, 0xf7,
  0xd4, 0x00, 0x00, 0x00, 0x00, 0xa8, 0x00, 0x00, 0x00, 0x06, 0xf4, 0x01,
  0x00, 0x9f, 0xf5, 0x00, 0x00, 0xf8, 0xbb, 0x00, 0xa0, 0x00, 0x00, 0x00,
  0xda, 0x00, 0xf1, 0x00, 0x1a, 0x00, 0x00, 0x00, 0x00, 0x00, 0xd3, 0x00,
  0xda, 0x00, 0xff, 0x00, 0x00, 0xf6, 0x00, 0x00, 0x00, 0xe9, 0x00, 0x00,
  0x17, 0x00, 0xb9, 0x00, 0xb8, 0x00, 0x00, 0x00, 0x00, 0x00, 0x2d, 0x00,
  0x00, 0xef, 0x00, 0x00, 0x12, 0xb9, 0xe5, 0xe9, 0xe3, 0x00, 0xeb, 0x00,
  0x09, 0x00, 0x00, 0x00, 0x00, 0x00, 0x00, 0x00, 0x13, 0x00, 0x15, 0x00,
  0x00, 0x37, 0x00, 0x00, 0x22, 0x00, 0x11, 0xe1, 0x00, 0x00, 0xe1, 0xda,
  0x00, 0x00, 0x00, 0xba, 0x00, 0x2a, 0x00, 0x00, 0x00, 0x00, 0xee, 0xdc,
  0x00, 0x00, 0xda, 0x00, 0x00, 0x00, 0x35, 0x00, 0xb9, 0x00, 0x00, 0xfc,
  0xdf, 0x00, 0xdb, 0x00, 0x00, 0xc3, 0xbb, 0x37, 0x00, 0x2d, 0x2a, 0xcb,
  0x00, 0xc0, 0x00, 0x00, 0xdb, 0xc7, 0xd3, 0x00, 0x1a, 0x00, 0x0a, 0x00,
  0x00, 0x00, 0x00, 0x00, 0x00, 0x00, 0x00, 0x15, 0xea, 0x00, 0x00, 0x00,
  0xcb, 0xbd, 0xcd, 0x00, 0x04, 0xf1, 0x00, 0x00, 0x04, 0xdb, 0xd3, 0x00,
  0x01, 0xc3, 0xea, 0xf1, 0xc6, 0x00, 0x00, 0x00, 0x3c, 0x00, 0x00, 0x3d,
  0x00, 0x00, 0x00, 0x17, 0x17, 0x29, 0xec, 0x00, 0xe1, 0xf7, 0x00, 0x00,
  0x00, 0x00, 0x00, 0x00, 0x05, 0x00, 0x00, 0x00, 0x00, 0x0e, 0x1e, 0x00,
  0x12, 0x22, 0x04, 0xda, 0x31, 0x00, 0x01, 0x00, 0xff, 0x11, 0x35, 0x00,
  0x00, 0x00, 0x1a, 0x00, 0xf2, 0x00, 0x00, 0x00, 0x12, 0x00, 0x29, 0x00,
  0xf7, 0x00, 0x00, 0xdc, 0x00, 0x00, 0xee, 0xf9, 0x36, 0x00, 0x07, 0x00,
  0x11, 0x00, 0x00, 0xde, 0x00, 0x00, 0x00, 0xf8, 0x16, 0x00, 0x05, 0x00,
  0x00, 0xd4, 0x00, 0x11, 0x00, 0x00, 0xe9, 0xcb, 0x0c, 0xb0, 0x00, 0xcf,
  0x00, 0xa5, 0x00, 0x00, 0x06, 0xb2, 0x00, 0xce, 0x97, 0xfb, 0x00, 0xdd,
  0x36, 0x00, 0x00, 0x07, 0xe6, 0x00, 0xbf, 0xf6, 0x00, 0xec, 0xf6, 0x1e,
  0xb6, 0x07, 0x00, 0xe5, 0xe7, 0x00, 0x1a, 0x1e, 0x00, 0x00, 0x00, 0x16,
  0xc5, 0x00, 0x00, 0x00, 0x00, 0x00, 0x00, 0x14, 0x00, 0x00, 0x08, 0x00,
  0x00, 0x00, 0x00, 0xf9, 0x00, 0x00, 0x00, 0xf0, 0x00, 0xeb, 0x00, 0xe2,
  0x21, 0x2d, 0x00, 0xd5, 0xe1, 0x00, 0x19, 0x00, 0x00, 0xbd, 0x50, 0x00,
  0x00, 0x00, 0x00, 0xe7, 0x00, 0x00, 0xfb, 0x00, 0x00, 0x00, 0x21, 0xc2,
  0x00, 0x00, 0x24, 0x00, 0x00, 0x00, 0x34, 0x00, 0x00, 0xe3, 0xdf, 0x00,
  0x00, 0xa6, 0x00, 0x00, 0x00, 0xed, 0x00, 0x00, 0x22, 0x00, 0xed, 0xff,
  0x82, 0x00, 0x00, 0xf2, 0x00, 0x8b, 0x00, 0xc0, 0x1a, 0x00, 0x00, 0x00,
  0xc3, 0x00, 0x00, 0x00, 0xad, 0xfc, 0xaa, 0x00, 0x34, 0x00, 0x00, 0x00,
  0x2f, 0x1b, 0x00, 0x24, 0x1b, 0x00, 0x00, 0x00, 0x00, 0xf5, 0x11, 0x00,
  0xdf, 0x00, 0x16, 0x15, 0x00, 0x00, 0x00, 0x00, 0x00, 0x00, 0xe7, 0x02,
  0x0e, 0xc8, 0x14, 0xab, 0xe1, 0x00, 0xe2, 0x2c, 0xf5, 0x00, 0x17, 0x00,
  0x00, 0x0e, 0x00, 0x19, 0x1d, 0x13, 0x00, 0x00, 0x00, 0x00, 0x00, 0x00,
  0x00, 0x2e, 0x00, 0x00, 0x00, 0x00, 0x00, 0xca, 0x1e, 0xeb, 0x01, 0x00,
  0x00, 0xf3, 0x00, 0x00, 0x00, 0xef, 0x00, 0xf2, 0x00, 0x16, 0x46, 0x19,
  0x00, 0x00, 0x00, 0x00, 0x00, 0xff, 0xe0, 0xde, 0x00, 0x00, 0x00, 0x4d,
  0x00, 0x00, 0x00, 0xd4, 0x00, 0x00, 0x7f, 0x88, 0x00, 0xc8, 0xfd, 0x00,
  0x00, 0x00, 0x00, 0xf7, 0x21, 0x05, 0x00, 0x06, 0xd9, 0xf2, 0xe7, 0x24,
  0x04, 0x00, 0xba, 0x00, 0x1d, 0x14, 0x19, 0x00, 0x00, 0x2f, 0x00, 0x00,
  0x00, 0x09, 0x2e, 0x00, 0x04, 0x00, 0x00, 0xea, 0xd4, 0x00, 0x00, 0x00,
  0x1e, 0xe8, 0x00, 0x00, 0x00, 0xe3, 0x92, 0x00, 0x00, 0x00, 0xee, 0x0c,
  0x00, 0x39, 0x00, 0x18, 0x00, 0x00, 0x00, 0x2c, 0x00, 0x67, 0x00, 0x00,
  0x00, 0x00, 0xea, 0x00, 0x25, 0x00, 0x00, 0x70, 0x00, 0x00, 0xdb, 0x99,
  0xe7, 0x40, 0x00, 0xec, 0xa2, 0xe0, 0x00, 0x00, 0xb8, 0x00, 0x86, 0xfd,
  0x00, 0x25, 0x00, 0x00, 0xb6, 0x00, 0x00, 0x24, 0x00, 0x00, 0x12, 0xbe,
  0xd4, 0x00, 0x07, 0x00, 0xd7, 0x21, 0x00, 0x00, 0x00, 0xcb, 0x23, 0x24,
  0xe8, 0xfa, 0x00, 0x00, 0x00, 0x00, 0xcf, 0x00, 0xf7, 0x00, 0x00, 0x00,
  0x00, 0x1b, 0x00, 0x00, 0x00, 0x00, 0x00, 0x04, 0x30, 0x01, 0x00, 0xfa,
  0x00, 0x25, 0x21, 0x13, 0xe1, 0xf2, 0x00, 0xea, 0xd7, 0x00, 0x00, 0xf4,
  0xb7, 0x00, 0x00, 0x00, 0x00, 0xe7, 0x00, 0x00, 0xc8, 0x17, 0x00, 0x00,
  0x00, 0x00, 0x00, 0x53, 0x16, 0xd0, 0x00, 0x00, 0x00, 0x00, 0xff, 0xd6,
  0x00, 0x00, 0x00, 0x1e, 0xde, 0x00, 0xd5, 0x05, 0x67, 0x00, 0x00, 0x00,
  0x00, 0xe6, 0x91, 0x86, 0xa2, 0x00, 0x81, 0x17, 0x00, 0x00, 0xd3, 0x1d,
  0xeb, 0x00, 0xe8, 0x00, 0x00, 0xde, 0xe2, 0x03, 0x00, 0x00, 0x00, 0x3f,
  0xe1, 0x00, 0x00, 0xbd, 0x01, 0x00, 0x33, 0x00, 0x00, 0xc1, 0x13, 0x00,
  0x00, 0xf3, 0x00, 0x00, 0x00, 0x00, 0x17, 0x2f, 0x12, 0x38, 0x00, 0x21,
  0x00, 0xdf, 0x30, 0xf5, 0x0d, 0x00, 0x00, 0x02, 0x34, 0x00, 0xcc, 0x03,
  0x2a, 0x00, 0x00, 0x00, 0x44, 0x00, 0x00, 0x00, 0x00, 0x00, 0xc2, 0x00,
  0x00, 0x00, 0x00, 0x3b, 0x00, 0xf5, 0x00, 0x00, 0x00, 0x38, 0x00, 0xd4,
  0x43, 0xe4, 0x00, 0x00, 0xca, 0x00, 0x00, 0x33, 0xce, 0x18, 0xbe, 0xd3,
  0xd1, 0x0c, 0x00, 0x00, 0xc5, 0x00, 0x00, 0x00, 0xcc, 0x00, 0xab, 0x00,
  0xb4, 0x00, 0x00, 0xb7, 0xc8, 0x26, 0xef, 0x00, 0x00, 0x8a, 0x00, 0x06,
  0xe6, 0x00, 0xb6, 0x9e, 0xcf, 0x00, 0x00, 0x00, 0x00, 0x00, 0x05, 0x1c,
  0x00, 0x00, 0x19, 0xed, 0xea, 0x00, 0x17, 0x00, 0x3e, 0x00, 0x00, 0x00,
  0x00, 0x00, 0x00, 0x4e, 0x00, 0x1e, 0x00, 0xfa, 0x00, 0x00, 0x00, 0x01,
  0x00, 0x00, 0x0c, 0x00, 0x00, 0x00, 0x00, 0x00, 0x00, 0x00, 0x00, 0x00,
  0x00, 0x1f, 0x01, 0x00, 0x08, 0x00, 0x00, 0x00, 0xe2, 0xe6, 0x00, 0x00,
  0x36, 0x1e, 0x19, 0x27, 0x00, 0xd3, 0x06, 0x08, 0x00, 0x05, 0x00, 0x1a,
  0x16, 0x32, 0x00, 0x29, 0x23, 0x00, 0x00, 0x03, 0xe4, 0x00, 0x31, 0xc6,
  0xd7, 0xff, 0x06, 0xfb, 0xdd, 0x00, 0xd1, 0x00, 0x10, 0x00, 0x42, 0x1e,
  0x03, 0x18, 0xdc, 0x00, 0xcd, 0x00, 0x53, 0x00, 0x00, 0x07, 0xf9, 0xe6,
  0x21, 0x00, 0x00, 0x00, 0x1e, 0x00, 0x1a, 0x00, 0x00, 0xdb, 0x00, 0x00,
  0x00, 0xef, 0x00, 0xea, 0x00, 0xfb, 0x00, 0x24, 0x00, 0x20, 0x31, 0x2e,
  0x00, 0x00, 0x14, 0x07, 0x00, 0x00, 0x4e, 0x10, 0xec, 0x24, 0x00, 0xf6,
  0x2c, 0x30, 0x25, 0xe7, 0x1d, 0x02, 0x3e, 0x00, 0x00, 0x1f, 0xfa, 0xec,
  0xd2, 0x00, 0xec, 0xf4, 0x00, 0x1f, 0x00, 0x00, 0x00, 0x1b, 0xf7, 0xd8,
  0x00, 0xf1, 0x10, 0x0e, 0x00, 0x1f, 0x00, 0x00, 0x00, 0x00, 0xd6, 0x0f,
  0xee, 0xd6, 0x00, 0xc4, 0x7f, 0x00, 0x04, 0x00, 0x00, 0xdc, 0x00, 0xd1,
  0x00, 0xf1, 0x00, 0x00, 0x00, 0xdc, 0x00, 0x00, 0xd1, 0x00, 0xd5, 0xe6,
  0x24, 0xf8, 0xfa, 0x00, 0x17, 0x00, 0xbb, 0x00, 0x00, 0x00, 0xf7, 0x00,
  0xe7, 0x00, 0x00, 0x9f, 0x00, 0xcc, 0x00, 0x00, 0x00, 0x1b, 0xc6, 0x00,
  0x02, 0x00, 0x00, 0xec, 0x00, 0x0b, 0x00, 0xbe, 0x00, 0x00, 0x00, 0xd6,
  0x21, 0x00, 0x00, 0xeb, 0xe0, 0x18, 0x2e, 0x00, 0x04, 0x00, 0x00, 0x00,
  0x38, 0x00, 0x00, 0x27, 0x00, 0x00, 0x00, 0x00, 0xfa, 0x00, 0x00, 0x00,
  0x1f, 0x00, 0x00, 0x36, 0xff, 0x9d, 0x00, 0xdc, 0x00, 0x00, 0xff, 0xfc,
  0x00, 0x00, 0x00, 0x00, 0xbc, 0xde, 0x00, 0xa9, 0xc4, 0x00, 0x00, 0xae,
  0x00, 0x00, 0xeb, 0xc4, 0x96, 0x00, 0xba, 0xd0, 0xc6, 0xdb, 0x00, 0x00,
  0xe0, 0xd1, 0x00, 0xea, 0x00, 0xcc, 0xcb, 0xd5, 0x00, 0xeb, 0x00, 0x00,
  0x00, 0xe0, 0xa9, 0x00, 0x07, 0x00, 0x00, 0x1f, 0x00, 0x1d, 0x1c, 0x3f,
  0xfa, 0xd3, 0x2c, 0x00, 0x23, 0x00, 0x00, 0x00, 0x00, 0x00, 0x00, 0x11,
  0x00, 0x00, 0x21, 0x00, 0x27, 0x04, 0x3f, 0x00, 0xef, 0xf5, 0x00, 0x00,
  0x14, 0x00, 0x26, 0x00, 0x00, 0x00, 0xc1, 0x19, 0x15, 0x00, 0x00, 0x00,
  0x00, 0x00, 0x08, 0x03, 0x1d, 0x00, 0x00, 0xe3, 0xdf, 0x00, 0x3c, 0xc6,
  0x31, 0x09, 0x00, 0x00, 0x00, 0x10, 0x00, 0x00, 0x24, 0x00, 0xf2, 0xfe,
  0x00, 0x00, 0x00, 0xb9, 0xb2, 0xf1, 0x00, 0x00, 0x30, 0x00, 0xd4, 0x29,
  0x81, 0x00, 0xb2, 0x00, 0xb4, 0x04, 0x10, 0x06, 0x3c, 0x00, 0x00, 0xee,
  0xab, 0x1a, 0x00, 0x00, 0x00, 0x31, 0xd5, 0x38, 0x00, 0x00, 0x00, 0x00,
  0x00, 0x00, 0x00, 0x00, 0xe3, 0x00, 0xf0, 0xe2, 0x16, 0x00, 0xf5, 0x01,
  0x00, 0x00, 0xe0, 0x00, 0xc5, 0xd5, 0x00, 0xea, 0x1b, 0x00, 0x00, 0x10,
  0xea, 0xee, 0x00, 0x1a, 0x14, 0x00, 0x00, 0x00, 0xf0, 0x00, 0x00, 0x30,
  0x00, 0x00, 0x00, 0x00, 0x00, 0x00, 0xf6, 0x04, 0x25, 0x1c, 0x2d, 0xb3,
  0x00, 0x28, 0x00, 0xdc, 0xec, 0x00, 0x3a, 0x00, 0x00, 0xeb, 0x00, 0x00,
  0x00, 0x00, 0x00, 0x00, 0x08, 0xdd, 0xfc, 0xf3, 0xfc, 0x00, 0x00, 0x00,
  0x00, 0xdd, 0x00, 0x00, 0xd5, 0x00, 0xeb, 0x00, 0x06, 0x00, 0x00, 0x00,
  0x0c, 0xd2, 0x01, 0xe1, 0x00, 0x00, 0xdc, 0x00, 0x00, 0x00, 0xda, 0x00,
  0x00, 0x00, 0x00, 0x00, 0x00, 0x00, 0x0d, 0x00, 0xd2, 0x04, 0x00, 0xdf,
  0xc5, 0xc6, 0x00, 0xe8, 0x00, 0x00, 0xf7, 0x00, 0x00, 0x16, 0xb8, 0x00,
  0x00, 0x00, 0xfd, 0x16, 0x00, 0x14, 0x00, 0x00, 0x00, 0x00, 0x00, 0xd2,
  0x0f, 0xc8, 0x00, 0x26, 0x28, 0x1b, 0x00, 0xf5, 0x00, 0x00, 0x00, 0xfc,
  0xec, 0xd6, 0x00, 0x00, 0x00, 0x21, 0xfb, 0x26, 0xd9, 0xe0, 0x00, 0x00,
  0x00, 0x00, 0x27, 0x00, 0x1e, 0xdf, 0x00, 0x01, 0x00, 0xde, 0x00, 0x0e,
  0xb8, 0x00, 0x00, 0x22, 0x00, 0xed, 0x00, 0x00, 0x38, 0x1d, 0x00, 0x00,
  0x14, 0x00, 0x00, 0x00, 0x16, 0x34, 0x00, 0x00, 0xf4, 0xe0, 0x2e, 0xdd,
  0x2f, 0x00, 0x00, 0x00, 0x00, 0xf4, 0x00, 0x00, 0x00, 0x00, 0x00, 0xca,
  0xe2, 0x00, 0x00, 0xf9, 0xe0, 0x00, 0x28, 0xd7, 0x00, 0x00, 0x00, 0x00,
  0x00, 0x00, 0x00, 0x4d, 0xdf, 0x00, 0x12, 0x43, 0x00, 0x00, 0x00, 0xe2,
  0x00, 0x00, 0x00, 0x26, 0x00, 0x00, 0xcc, 0x00, 0xdd, 0x00, 0x00, 0x00,
  0x34, 0xaa, 0xf1, 0x35, 0x35, 0x00, 0xc4, 0x00, 0xf2, 0x00, 0x00, 0x00,
  0x27, 0x00, 0xf6, 0xff, 0xff, 0x00, 0x23, 0x00, 0xeb, 0xcc, 0x20, 0xf2,
  0x2a, 0x00, 0x00, 0xb6, 0x00, 0x00, 0x00, 0xfc, 0xef, 0xf2, 0x2e, 0x00,
  0x00, 0x00, 0x00, 0x00, 0xdd, 0x00, 0x00, 0x1f, 0x1d, 0x00, 0x2c, 0x00,
  0xfd, 0x0f, 0xe2, 0x29, 0x00, 0xbf, 0x00, 0x00, 0x19, 0xf9, 0x00, 0x00,
  0x00, 0x00, 0x00, 0x00, 0xed, 0x00, 0xf5, 0x00, 0x00, 0x00, 0x00, 0x22,
  0xdd, 0xc8, 0x00, 0x00, 0x00, 0x32, 0x00, 0x00, 0x0e, 0x00, 0x0e, 0x00,
  0x1c, 0x00, 0x00, 0x00, 0x00, 0xe6, 0x00, 0x00, 0x00, 0x52, 0x00, 0x18,
  0x00, 0x19, 0xbc, 0xe2, 0x00, 0x20, 0x00, 0x00, 0xed, 0x05, 0x1a, 0x00,
  0x00, 0xe9, 0x20, 0x00, 0x02, 0xd7, 0x21, 0x0b, 0x00, 0x00, 0x00, 0x1e,
  0x17, 0xf8, 0x00, 0xec, 0x00, 0x00, 0x00, 0x00, 0x00, 0xec, 0x00, 0x00,
  0xc4, 0x00, 0x00, 0x00, 0x03, 0x81, 0x00, 0x00, 0x11, 0x00, 0x01, 0x22,
  0x35, 0xe1, 0xef, 0x0c, 0x21, 0x20, 0x11, 0x0d, 0xf3, 0x00, 0x00, 0x00,
  0x26, 0x00, 0x00, 0x09, 0x00, 0x09, 0xe4, 0x00, 0x00, 0x00, 0xda, 0xe6,
  0x00, 0x00, 0xe5, 0x00, 0x19, 0x2a, 0xed, 0x08, 0xc9, 0x00, 0x00, 0x1f,
  0xf0, 0x00, 0x00, 0x0b, 0xfa, 0x10, 0x00, 0x2a, 0x00, 0x00, 0x1c, 0x00,
  0x00, 0x00, 0x1a, 0x51, 0x00, 0x07, 0xbe, 0x00, 0x00, 0x2d, 0x00, 0x00,
  0xfd, 0x00, 0x00, 0x00, 0x00, 0x00, 0x0a, 0x00, 0x00, 0x00, 0xe6, 0xdb,
  0x17, 0x09, 0x00, 0x00, 0xdf, 0x1b, 0xdf, 0x00, 0x00, 0x00, 0xff, 0x0b,
  0x3d, 0x1c, 0x0f, 0x00, 0x00, 0x19, 0x00, 0x00, 0xff, 0x01, 0x00, 0xc1,
  0x00, 0xf5, 0x00, 0xed, 0xfe, 0x00, 0x0d, 0x00, 0xfa, 0x0b, 0x27, 0x18,
  0x00, 0x00, 0x00, 0x02, 0x00, 0x1c, 0x00, 0xc9, 0x00, 0x15, 0x00, 0x17,
  0xf3, 0xd4, 0xd7, 0x0d, 0x00, 0x1a, 0x00, 0x00, 0xf4, 0x42, 0x58, 0x4b,
  0xc7, 0x00, 0x4d, 0x00, 0x45, 0x15, 0x50, 0xde, 0x00, 0xed, 0x2c, 0x00,
  0x1f, 0x00, 0x31, 0x00, 0x04, 0x32, 0x3f, 0x00, 0xee, 0x45, 0x2a, 0x36,
  0x40, 0x16, 0x00, 0x00, 0x00, 0x3c, 0x00, 0x00, 0x00, 0x00, 0x3b, 0x00,
  0x03, 0x2d, 0x35, 0x00, 0x2b, 0x00, 0xc0, 0x00, 0x0a, 0x16, 0x17, 0xec,
  0x00, 0x25, 0x00, 0x35, 0x00, 0x1c, 0x00, 0x00, 0x00, 0x1b, 0x00, 0x00,
  0x00, 0x00, 0xfa, 0x00, 0x00, 0x00, 0x00, 0x00, 0x00, 0x43, 0x11, 0x4d,
  0xca, 0x00, 0x04, 0x00, 0x00, 0x00, 0x37, 0x18, 0x00, 0xc8, 0xec, 0x00,
  0x27, 0x00, 0xd2, 0x00, 0xe7, 0x36, 0xf5, 0x4e, 0x00, 0x00, 0x00, 0x15,
  0x13, 0x00, 0x00, 0xe7, 0x00, 0xec, 0x00, 0x00, 0x00, 0x03, 0x21, 0x00,
  0x00, 0x3f, 0x00, 0x00, 0xf4, 0x24, 0x00, 0xed, 0x00, 0x15, 0x25, 0x00,
  0x1c, 0x00, 0x26, 0x00, 0x2e, 0x00, 0x36, 0x33, 0x00, 0xcb, 0x13, 0x2d,
  0x00, 0x00, 0xc4, 0xf3, 0x17, 0xf2, 0x00, 0x00, 0x00, 0x00, 0xf4, 0x00,
  0x00, 0xfa, 0x00, 0x00, 0xda, 0xc9, 0x00, 0x00, 0x12, 0xc8, 0x00, 0x00,
  0x00, 0x00, 0x00, 0x00, 0xdb, 0x00, 0x00, 0xf7, 0x00, 0x00, 0x00, 0x11,
  0x00, 0x3c, 0x00, 0x00, 0xe4, 0x00, 0x00, 0x00, 0x06, 0x00, 0x00, 0x00,
  0x00, 0x00, 0x00, 0x00, 0x00, 0xb4, 0x00, 0xd4, 0xcc, 0x00, 0x00, 0x00,
  0x00, 0x00, 0x00, 0x00, 0x09, 0x00, 0x00, 0x17, 0x00, 0x00, 0xdc, 0xd6,
  0x00, 0xb1, 0xe1, 0x00, 0x00, 0xe7, 0x00, 0x7f, 0xf0, 0x52, 0xc4, 0x33,
  0x00, 0xdf, 0x00, 0x1f, 0x1d, 0x00, 0x0e, 0x21, 0x10, 0x38, 0x00, 0x00,
  0x00, 0x00, 0x0a, 0xd6, 0x00, 0x00, 0x00, 0xd0, 0xe8, 0x00, 0x00, 0x00,
  0xbf, 0xbc, 0x00, 0xf8, 0x00, 0x00, 0x00, 0xfd, 0x00, 0x00, 0x00, 0xcc,
  0x03, 0xa1, 0xd4, 0x96, 0xf3, 0xff, 0x29, 0x00, 0x3a, 0xe1, 0xc8, 0x00,
  0x00, 0xe0, 0xe2, 0xe6, 0x00, 0x22, 0xfd, 0x00, 0x00, 0xc2, 0x00, 0x00,
  0x02, 0x00, 0x0c, 0x00, 0xeb, 0x00, 0x00, 0xe3, 0x00, 0x00, 0x11, 0xb3,
  0x00, 0xa7, 0x00, 0xc7, 0x00, 0x00, 0x00, 0x00, 0xbb, 0x06, 0xc5, 0xf3,
  0x00, 0x00, 0x00, 0xfd, 0x00, 0x82, 0xf8, 0x00, 0xe5, 0xce, 0x99, 0x14,
  0x00, 0x00, 0x00, 0x00, 0x94, 0x00, 0xcb, 0xa2, 0x00, 0xd3, 0x00, 0xb6,
  0xea, 0x00, 0x81, 0x00, 0x00, 0x00, 0xf1, 0x0b, 0xfc, 0x50, 0x00, 0xe7,
  0x2d, 0xeb, 0x14, 0xbd, 0xcb, 0x00, 0x00, 0x15, 0x00, 0x00, 0x00, 0x00,
  0x00, 0x31, 0x00, 0x00, 0x00, 0x0d, 0x00, 0x20, 0x29, 0x00, 0x00, 0x00,
  0xce, 0x00, 0x00, 0x00, 0x14, 0x1d, 0x21, 0x00, 0x00, 0x1f, 0x00, 0x00,
  0xf8, 0x16, 0x00, 0x00, 0xdf, 0x3d, 0x16, 0xe6, 0x00, 0x00, 0x00, 0x00,
  0x00, 0x09, 0x27, 0x16, 0x00, 0x00, 0x37, 0x00, 0x17, 0x00, 0xed, 0xf9,
  0xe3, 0x00, 0x00, 0x05, 0xee, 0x28, 0xf0, 0xaf, 0x27, 0x00, 0x00, 0x99,
  0x00, 0x07, 0x00, 0x00, 0x00, 0xf1, 0xad, 0xeb, 0x00, 0x22, 0xe5, 0x00,
  0xff, 0x00, 0x00, 0x1b, 0xc3, 0x00, 0x04, 0x00, 0x00, 0x1d, 0xef, 0x4d,
  0x00, 0xe9, 0xec, 0x00, 0x00, 0x00, 0x00, 0x00, 0x00, 0xd5, 0x00, 0x00,
  0x00, 0x00, 0xec, 0xfb, 0xd1, 0x4f, 0x00, 0x00, 0x00, 0x00, 0xf9, 0xdf,
  0x00, 0x00, 0x00, 0x00, 0x00, 0xed, 0x00, 0xd6, 0x10, 0x00, 0x00, 0x23,
  0x26, 0x1f, 0x00, 0x00, 0x26, 0x00, 0x23, 0x00, 0x00, 0xc2, 0x00, 0xee,
  0xce, 0x11, 0xb0, 0x2c, 0x00, 0x25, 0x00, 0x00, 0xea, 0xe7, 0xf6, 0x00,
  0x00, 0x00, 0x1f, 0x0b, 0x00, 0xd4, 0xec, 0x00, 0x00, 0xe2, 0x0c, 0x00,
  0x00, 0xd5, 0x43, 0x00, 0x00, 0xa7, 0x00, 0x00, 0x19, 0xd9, 0x00, 0x23,
  0xc8, 0x00, 0x00, 0x1f, 0xb0, 0xf3, 0x00, 0xdb, 0xd3, 0x00, 0x00, 0x00,
  0x04, 0x00, 0xc6, 0xd9, 0x00, 0x00, 0x25, 0x00, 0x00, 0x00, 0x0b, 0xdf,
  0x4b, 0x00, 0x00, 0xa5, 0x00, 0xf3, 0xbf, 0xc8, 0xcb, 0x00, 0xce, 0x00,
  0x12, 0x31, 0xa6, 0x00, 0x00, 0x2b, 0xca, 0x00, 0x22, 0x00, 0x00, 0x00,
  0x00, 0x00, 0x13, 0xd9, 0xff, 0x17, 0x00, 0x00, 0x03, 0xd1, 0x00, 0x00,
  0x00, 0x87, 0x00, 0x00, 0x00, 0xd5, 0x9c, 0x46, 0x00, 0xda, 0x00, 0x00,
  0x00, 0xbd, 0x00, 0x00, 0xe0, 0x00, 0x00, 0x00, 0xd7, 0x00, 0x00, 0xff,
  0x17, 0x00, 0x00, 0x18, 0x00, 0xe6, 0x00, 0x0e, 0x00, 0x08, 0x1f, 0x00,
  0x00, 0x00, 0x00, 0x00, 0x00, 0xeb, 0x1d, 0xe4, 0x4b, 0x5d, 0x26, 0x28,
  0xdc, 0xbb, 0xb2, 0x10, 0x22, 0x02, 0x00, 0xe9, 0xf9, 0xfa, 0x06, 0x00,
  0x00, 0x00, 0x00, 0x0c, 0x00, 0x00, 0xbf, 0x00, 0xc4, 0x24, 0x00, 0x0e,
  0xc0, 0x56, 0x12, 0xa2, 0x10, 0xc4, 0x00, 0xaf, 0x00, 0x00, 0x00, 0x00,
  0x00, 0x00, 0x00, 0x10, 0x00, 0x00, 0xe5, 0x37, 0x00, 0x37, 0x06, 0x00,
  0x44, 0xf0, 0x00, 0x00, 0x00, 0x00, 0x00, 0x00, 0xef, 0x28, 0x00, 0x1a,
  0x00, 0x00, 0x00, 0x00, 0x00, 0x81, 0xee, 0xf0, 0x40, 0x00, 0x00, 0xf7,
  0xb1, 0x28, 0x00, 0x2f, 0x00, 0x0d, 0xee, 0xf1, 0xc9, 0xf8, 0x00, 0x00,
  0x23, 0x00, 0x00, 0x00, 0x00, 0x11, 0xd6, 0x00, 0xe9, 0xc5, 0x00, 0xf5,
  0x19, 0x00, 0xef, 0x4d, 0xbf, 0x00, 0xc3, 0xca, 0x00, 0x28, 0x32, 0x20,
  0x00, 0x02, 0xd8, 0xf5, 0x00, 0x00, 0x00, 0xda, 0x14, 0x00, 0x00, 0x21,
  0x00, 0x1f, 0xbb, 0x1c, 0x00, 0x00, 0xf7, 0x11, 0x2b, 0x00, 0x00, 0x00,
  0x1d, 0x00, 0x00, 0x00, 0x00, 0xb8, 0x00, 0x20, 0x38, 0xd8, 0x2e, 0x00,
  0x00, 0xe2, 0x20, 0xbc, 0x00, 0x00, 0x00, 0xf6, 0xfd, 0xdd, 0x00, 0x00,
  0xea, 0x00, 0x09, 0x24, 0xe3, 0x4b, 0x49, 0x00, 0x00, 0x00, 0xf5, 0xee,
  0x00, 0x00, 0x00, 0x00, 0x15, 0x00, 0xe7, 0x04, 0x20, 0xca, 0x17, 0x00,
  0x00, 0x00, 0x00, 0x1a, 0x04, 0x00, 0x14, 0xf4, 0xfe, 0xf9, 0xff, 0xee,
  0x0f, 0x1b, 0x00, 0xeb, 0x00, 0x00, 0xae, 0x00, 0xc0, 0xfb, 0xd4, 0x23,
  0x00, 0xf3, 0x00, 0x33, 0x00, 0x00, 0x09, 0x10, 0xdc, 0x29, 0xf9, 0x00,
  0x00, 0xfe, 0x00, 0x00, 0x20, 0x0c, 0x00, 0x00, 0x00, 0x00, 0x00, 0x00,
  0x08, 0x00, 0x00, 0xf5, 0xfe, 0x00, 0x00, 0x38, 0xb4, 0x00, 0xca, 0x00,
  0xf6, 0x00, 0x1f, 0x1d, 0xf9, 0x00, 0xe8, 0x00, 0x00, 0x00, 0x00, 0x15,
  0x00, 0x00, 0xed, 0x08, 0x00, 0xf4, 0xd7, 0x13, 0x00, 0x10, 0xba, 0x00,
  0x00, 0x0c, 0xf8, 0xf4, 0x0f, 0x00, 0x00, 0x00, 0x01, 0xca, 0xcf, 0x11,
  0x00, 0xd1, 0xfc, 0x00, 0x00, 0x00, 0xe8, 0xf8, 0x00, 0x00, 0x00, 0x00,
  0x11, 0x00, 0x00, 0xc9, 0x37, 0x00, 0xfd, 0xd0, 0x00, 0xe3, 0x00, 0x00,
  0xa0, 0x00, 0xfe, 0xc3, 0x00, 0x0e, 0x00, 0xcf, 0xb5, 0x04, 0xac, 0x00,
  0x00, 0x08, 0x00, 0x00, 0x8a, 0x00, 0xa2, 0xd6, 0x09, 0x07, 0x00, 0x0f,
  0x00, 0x09, 0x48, 0xc5, 0xa7, 0x00, 0x38, 0x00, 0x00, 0xdf, 0x00, 0xce,
  0x00, 0x00, 0xf0, 0x00, 0x00, 0x0a, 0x00, 0xee, 0x1f, 0x00, 0x29, 0xe8,
  0xdc, 0x45, 0x00, 0x00, 0x5b, 0x00, 0xbb, 0x1e, 0x00, 0x00, 0x00, 0x00,
  0x00, 0x42, 0x2d, 0x26, 0x00, 0x00, 0x25, 0x00, 0x2f, 0xb1, 0xe2, 0x00,
  0xf2, 0x00, 0x00, 0xf5, 0x00, 0x00, 0x00, 0x25, 0xdd, 0x00, 0x18, 0x00,
  0xc8, 0x00, 0x00, 0xe8, 0x02, 0x00, 0x00, 0xc2, 0xb5, 0x00, 0x00, 0x00,
  0xcf, 0xad, 0x00, 0xa6, 0xbe, 0xb0, 0xef, 0x00, 0x00, 0x93, 0x1a, 0x00,
  0x00, 0x00, 0x81, 0x9b, 0xce, 0xac, 0x3a, 0x30, 0xc2, 0x00, 0x00, 0x00,
  0x20, 0x00, 0x00, 0x13, 0x00, 0x41, 0xfa, 0x2b, 0x2b, 0x20, 0x00, 0x00,
  0xf9, 0xa8, 0x00, 0x00, 0x6a, 0x14, 0xea, 0xbb, 0xc8, 0xea, 0x00, 0x1d,
  0x00, 0x00, 0x00, 0x4b, 0x2d, 0xed, 0xf0, 0x3e, 0x38, 0x00, 0x3f, 0x00,
  0x03, 0x00, 0x00, 0x39, 0xd3, 0x00, 0x00, 0x2e, 0x0c, 0xfa, 0x26, 0x00,
  0x00, 0x27, 0x2c, 0xd9, 0x00, 0x0f, 0xdd, 0x00, 0x00, 0x00, 0x00, 0x00,
  0x34, 0x00, 0x00, 0x00, 0x00, 0x00, 0x00, 0x00, 0x26, 0x00, 0xbd, 0xec,
  0x00, 0x00, 0xc1, 0xf8, 0xf4, 0xc6, 0xad, 0x11, 0x0b, 0x00, 0xc9, 0x0a,
  0x01, 0x00, 0x0f, 0x00, 0x00, 0xe3, 0xf2, 0x3b, 0x00, 0x00, 0x00, 0x00,
  0x39, 0x00, 0x00, 0x00, 0xe4, 0x00, 0x00, 0x19, 0x00, 0x0a, 0x00, 0x00,
  0x36, 0xe9, 0x00, 0xcc, 0x85, 0x09, 0x00, 0x00, 0x00, 0x00, 0x00, 0x00,
  0xec, 0x00, 0xc4, 0x34, 0x00, 0x31, 0xfb, 0x00, 0x00, 0x32, 0x00, 0x00,
  0x50, 0xf4, 0xe6, 0x00, 0x00, 0x68, 0x08, 0x00, 0x00, 0x11, 0x0e, 0x00,
  0x42, 0x00, 0x00, 0xce, 0x00, 0x00, 0x00, 0x0e, 0x00, 0x32, 0x18, 0x00,
  0x1f, 0x00, 0x00, 0xde, 0x00, 0x95, 0xe6, 0xd4, 0xd9, 0xfd, 0x00, 0xdb,
  0x00, 0x00, 0x00, 0x00, 0x00, 0x00, 0x28, 0x06, 0x00, 0x00, 0x36, 0x00,
  0x00, 0x51, 0x04, 0x00, 0x00, 0x00, 0xd8, 0x43, 0x00, 0x00, 0x00, 0x00,
  0x33, 0x07, 0x00, 0x00, 0x25, 0x04, 0x20, 0x15, 0x00, 0xc5, 0x4f, 0x06,
  0x23, 0x00, 0x00, 0x00, 0x00, 0x00, 0x00, 0x37, 0x00, 0x00, 0x00, 0x00,
  0x44, 0x53, 0x00, 0x00, 0x00, 0x30, 0x00, 0x00, 0x00, 0x00, 0x00, 0xf6,
  0x53, 0x14, 0x14, 0x2b, 0x00, 0xfa, 0x00, 0x00, 0x00, 0x00, 0x30, 0x00,
  0x25, 0x74, 0x00, 0xf2, 0x00, 0x00, 0x34, 0x00, 0x00, 0x2e, 0x00, 0x00,
  0x00, 0x00, 0x00, 0xe9, 0x38, 0x00, 0x00, 0x00, 0x00, 0x12, 0x00, 0x00,
  0x00, 0x00, 0xf8, 0xf4, 0x00, 0x05, 0x00, 0x00, 0x49, 0x0c, 0x28, 0x27,
  0x00, 0x34, 0x02, 0xdf, 0x12, 0xd0, 0x00, 0x00, 0xf4, 0x00, 0x00, 0x00,
  0x03, 0x11, 0x42, 0x00, 0xbf, 0x00, 0x18, 0x00, 0x42, 0x00, 0x29, 0xc5,
  0x00, 0x00, 0xcd, 0x00, 0x20, 0x00, 0x00, 0x40, 0x00, 0x6b, 0x17, 0x00,
  0xe5, 0x00, 0x20, 0xd2, 0x00, 0x00, 0x00, 0x00, 0xe8, 0x1e, 0x00, 0x00,
  0x14, 0xe7, 0x04, 0xfa, 0xf2, 0x00, 0x55, 0x00, 0x00, 0x00, 0x00, 0x00,
  0xc0, 0x00, 0x00, 0xec, 0x00, 0x19, 0x1d, 0x00, 0x00, 0x00, 0x00, 0x25,
  0xf3, 0xad, 0x00, 0x1c, 0x3d, 0x52, 0x00, 0x00, 0x00, 0x17, 0x00, 0xc2,
  0x00, 0x00, 0x0c, 0x00, 0x28, 0x00, 0x00, 0x00, 0xd6, 0x00, 0x00, 0xc5,
  0x13, 0x00, 0x00, 0x0f, 0x01, 0xf9, 0xfc, 0x2c, 0x00, 0x00, 0x00, 0x00,
  0x00, 0xff, 0x2b, 0x00, 0xf3, 0x00, 0x1f, 0x00, 0x00, 0x00, 0x00, 0xc7,
  0x00, 0x00, 0x3d, 0x00, 0x16, 0xd0, 0x00, 0xea, 0x00, 0x81, 0x37, 0x00,
  0xf9, 0x06, 0x00, 0x00, 0x1e, 0x00, 0x1e, 0x00, 0x00, 0x00, 0x00, 0x04,
  0x00, 0x40, 0xea, 0x24, 0x00, 0x00, 0x03, 0xf7, 0x00, 0x05, 0xe0, 0x37,
  0x00, 0x00, 0x00, 0x00, 0x00, 0x00, 0xca, 0x00, 0x41, 0x04, 0x05, 0x00,
  0x13, 0x00, 0x00, 0x00, 0x1d, 0x00, 0x00, 0x00, 0x00, 0x08, 0x7a, 0x00,
  0x00, 0x1e, 0x2f, 0x00, 0xf8, 0xf3, 0xeb, 0x00, 0x00, 0x00, 0x00, 0x00,
  0x00, 0x2a, 0x00, 0x00, 0x00, 0x00, 0x2a, 0x00, 0x00, 0x00, 0xda, 0x01,
  0xb4, 0x00, 0x00, 0xd5, 0xf7, 0x00, 0x37, 0xf2, 0x00, 0xb0, 0xd2, 0xfb,
  0x00, 0x31, 0x00, 0x0e, 0x00, 0x00, 0x3e, 0x00, 0x00, 0x00, 0xe7, 0x00,
  0x00, 0x00, 0xaf, 0x00, 0x00, 0x00, 0x05, 0xac, 0x00, 0x16, 0x00, 0xf5,
  0xba, 0x2d, 0x00, 0xd8, 0xcb, 0x00, 0x00, 0x00, 0xf3, 0xf2, 0x00, 0x23,
  0x00, 0x05, 0x00, 0x00, 0x24, 0xcd, 0x0d, 0x0e, 0x31, 0x00, 0x00, 0x00,
  0x00, 0x00, 0xfe, 0x00, 0x1b, 0x00, 0x00, 0x1d, 0xe3, 0x00, 0x92, 0x5b,
  0xff, 0xd8, 0x15, 0x43, 0x00, 0xdb, 0xde, 0xe8, 0x00, 0xd2, 0x21, 0x00,
  0x1a, 0xdf, 0x13, 0x0b, 0x00, 0x00, 0x20, 0x00, 0x00, 0x81, 0x00, 0x00,
  0x00, 0xe9, 0x00, 0x00, 0xf5, 0x22, 0x00, 0xe7, 0x0a, 0xde, 0x06, 0x01,
  0x00, 0x00, 0xd7, 0x00, 0x00, 0xe4, 0xd6, 0x00, 0x00, 0x00, 0x00, 0x00,
  0x28, 0x00, 0x00, 0x00, 0x00, 0xfc, 0x00, 0xfe, 0xb0, 0x17, 0x00, 0x15,
  0x16, 0xd4, 0x06, 0x00, 0xe4, 0x00, 0x00, 0x00, 0x00, 0x00, 0xe5, 0x35,
  0x00, 0xeb, 0xf0, 0x02, 0x00, 0x1f, 0xea, 0x00, 0x00, 0xbf, 0x00, 0x00,
  0x00, 0x00, 0x38, 0xf2, 0xe6, 0xdd, 0x00, 0x00, 0x00, 0x00, 0x00, 0x00,
  0x1c, 0x00, 0xe5, 0x00, 0x00, 0x3b, 0xf3, 0xf9, 0x00, 0x00, 0x29, 0x00,
  0xf6, 0xf7, 0x00, 0xe1, 0x00, 0x00, 0xfb, 0xe9, 0xd8, 0xde, 0xbe, 0x00,
  0x00, 0xe0, 0x00, 0x00, 0x00, 0xf9, 0x1b, 0x00, 0x00, 0x00, 0x00, 0x00,
  0x00, 0xe4, 0x4c, 0x00, 0x36, 0xe2, 0x21, 0x00, 0xba, 0x00, 0xe8, 0x00,
  0xdc, 0x00, 0x16, 0x3f, 0x00, 0x00, 0x00, 0x11, 0x15, 0x00, 0x00, 0x00,
  0x07, 0x00, 0xe2, 0x00, 0x00, 0x00, 0x1f, 0x16, 0x25, 0x34, 0x00, 0x10,
  0x66, 0x00, 0x00, 0x1c, 0x00, 0x00, 0x00, 0xf1, 0x09, 0x00, 0x00, 0x28,
  0x22, 0x00, 0x00, 0x00, 0x00, 0x0b, 0x00, 0x00, 0x2e, 0x00, 0x00, 0x00,
  0x00, 0x00, 0xf8, 0x00, 0x21, 0x00, 0x00, 0x00, 0x00, 0x00, 0x00, 0x00,
  0x00, 0x00, 0x26, 0xf5, 0x00, 0x00, 0x00, 0x00, 0xdb, 0x28, 0x24, 0x00,
  0x47, 0x49, 0x00, 0x00, 0x00, 0x24, 0x00, 0x2b, 0x00, 0x37, 0xf6, 0x21,
  0xef, 0x40, 0xcf, 0xf9, 0x01, 0xe4, 0xec, 0x09, 0x00, 0x00, 0x00, 0x00,
  0xff, 0x00, 0x00, 0x00, 0x00, 0x13, 0xfe, 0xd3, 0x1a, 0x00, 0x00, 0xe5,
  0x00, 0x00, 0x00, 0x00, 0x15, 0xdc, 0xeb, 0x00, 0x00, 0x00, 0x00, 0x00,
  0x0a, 0x00, 0x00, 0x00, 0xda, 0x00, 0x00, 0xb0, 0xf6, 0x00, 0x00, 0x16,
  0x02, 0x00, 0xee, 0x00, 0xcd, 0x00, 0x11, 0x00, 0x28, 0xd7, 0x00, 0x00,
  0x00, 0x13, 0x1d, 0x00, 0x14, 0x00, 0x24, 0x00, 0x00, 0xe9, 0x2c, 0x0a,
  0xc8, 0xca, 0xaf, 0x00, 0x2f, 0x00, 0x00, 0x00, 0xcb, 0x00, 0x00, 0x00,
  0xe1, 0xda, 0x08, 0x00, 0x12, 0x00, 0x19, 0x00, 0x00, 0x23, 0x00, 0x00,
  0x00, 0x00, 0x00, 0x00, 0x03, 0x00, 0xec, 0xf9, 0xf6, 0x00, 0x16, 0x16,
  0x00, 0x15, 0x03, 0x23, 0x00, 0x00, 0x00, 0xf4, 0x26, 0x00, 0x00, 0x08,
  0x15, 0x00, 0x09, 0xeb, 0xff, 0x00, 0x01, 0x00, 0x1b, 0x00, 0x1f, 0x00,
  0xf3, 0x0e, 0x23, 0xbd, 0x22, 0x00, 0x00, 0x00, 0x00, 0x00, 0xb2, 0xfe,
  0x00, 0xc9, 0x00, 0x00, 0x24, 0x00, 0x51, 0x0c, 0x00, 0x00, 0x12, 0xf2,
  0x20, 0xab, 0x00, 0x00, 0x04, 0x67, 0x00, 0x00, 0x10, 0xd3, 0x27, 0x00,
  0x26, 0x98, 0x00, 0x00, 0x00, 0x22, 0x00, 0x00, 0x99, 0xfe, 0x00, 0x00,
  0x00, 0xe7, 0x46, 0xc9, 0x00, 0x1e, 0x00, 0x00, 0x0c, 0x00, 0x00, 0x00,
  0x00, 0xc5, 0x0d, 0x1e, 0x00, 0x00, 0x00, 0xff, 0x00, 0x00, 0x00, 0x00,
  0x00, 0x00, 0x03, 0x24, 0x00, 0xfa, 0x00, 0x00, 0x11, 0x00, 0xee, 0x3e,
  0x00, 0x00, 0x0a, 0x00, 0x00, 0xed, 0x2c, 0xd3, 0x00, 0x00, 0x16, 0x08,
  0x00, 0x00, 0x10, 0x2c, 0x3e, 0xcd, 0x03, 0x1e, 0x00, 0xce, 0x11, 0x00,
  0x1a, 0x00, 0x00, 0x00, 0x00, 0xe1, 0xf4, 0x00, 0x00, 0x00, 0x00, 0x00,
  0x1d, 0x00, 0x00, 0x00, 0x00, 0x00, 0xfe, 0x81, 0x00, 0x00, 0x25, 0x54,
  0x00, 0x1e, 0x2e, 0x00, 0xfb, 0x00, 0x29, 0x9d, 0x00, 0x00, 0x12, 0xe9,
  0xcf, 0x26, 0x86, 0x00, 0x11, 0x00, 0xbc, 0x00, 0x00, 0x44, 0x00, 0x3a,
  0x00, 0x92, 0x00, 0x00, 0x16, 0x00, 0x00, 0x00, 0x21, 0x5b, 0x00, 0x1e,
  0x06, 0x00, 0x45, 0x2d, 0x25, 0x00, 0x00, 0x8e, 0x00, 0x16, 0xf3, 0xc6,
  0x00, 0xdb, 0x00, 0xd9, 0x00, 0x00, 0x00, 0xf6, 0x25, 0xb5, 0x00, 0x00,
  0x00, 0x18, 0xc8, 0x00, 0x00, 0x00, 0x26, 0xe6, 0x00, 0xdf, 0x00, 0x0a,
  0x0a, 0x00, 0xf0, 0x2c, 0xf7, 0x05, 0x2d, 0x11, 0x20, 0x00, 0xdd, 0x00,
  0x34, 0x00, 0xf3, 0x03, 0xfc, 0xfd, 0x2d, 0xc6, 0x00, 0x00, 0x42, 0x40,
  0x1a, 0x5d, 0xef, 0x1b, 0x09, 0xf8, 0x00, 0xff, 0x00, 0xf5, 0x00, 0x00,
  0x14, 0x00, 0x59, 0xef, 0x7f, 0xfe, 0xe2, 0x00, 0x00, 0x22, 0xd7, 0x00,
  0x00, 0xc9, 0x27, 0x00, 0x4c, 0xd0, 0x00, 0x00, 0x26, 0x00, 0x12, 0x3d,
  0x03, 0x05, 0x00, 0x00, 0xc9, 0x00, 0x00, 0x00, 0x00, 0xfe, 0x00, 0x01,
  0x3a, 0xb0, 0x3a, 0xd3, 0x1b, 0x02, 0x00, 0xe9, 0x09, 0x00, 0x21, 0xe0,
  0x00, 0x00, 0xfd, 0x00, 0x00, 0x00, 0x00, 0x00, 0x00, 0xd2, 0x00, 0x00,
  0x00, 0x00, 0x00, 0x00, 0x11, 0x00, 0x00, 0x00, 0x27, 0x00, 0x00, 0x00,
  0x00, 0x00, 0x13, 0x00, 0x00, 0x00, 0x00, 0x00, 0x39, 0xff, 0x00, 0xec,
  0x3b, 0x00, 0x03, 0x00, 0x44, 0x1e, 0x00, 0x4e, 0xf5, 0x00, 0xff, 0x00,
  0x00, 0xbe, 0x1e, 0xea, 0x00, 0x00, 0x4f, 0x00, 0x00, 0x00, 0x30, 0x00,
  0x00, 0x00, 0x00, 0xf4, 0x00, 0x00, 0x21, 0x00, 0x0b, 0xbc, 0x00, 0xf4,
  0xc9, 0xe8, 0x00, 0xf0, 0x23, 0x2b, 0x00, 0x30, 0xf1, 0x00, 0xe1, 0x00,
  0xec, 0x00, 0x00, 0x00, 0x38, 0x00, 0xfc, 0x10, 0x00, 0x00, 0x00, 0xef,
  0xf3, 0x07, 0x10, 0x00, 0x00, 0x0e, 0x00, 0x00, 0x1e, 0xe4, 0x00, 0x00,
  0x00, 0xeb, 0x00, 0x00, 0xf4, 0x00, 0x00, 0x00, 0x00, 0x00, 0x01, 0xed,
  0xf1, 0x00, 0x00, 0xd5, 0x41, 0x00, 0xf2, 0x00, 0x2d, 0x00, 0x00, 0xfe,
  0x20, 0x00, 0x00, 0xfd, 0xfa, 0xcd, 0x00, 0x00, 0xd8, 0x00, 0x00, 0x00,
  0x00, 0x00, 0x12, 0x00, 0x12, 0xd8, 0x12, 0xd0, 0xde, 0x06, 0x00, 0xdf,
  0x34, 0x40, 0x00, 0xf5, 0xed, 0x1b, 0xdb, 0xe7, 0x00, 0xf2, 0xf7, 0x00,
  0x00, 0x0f, 0xed, 0xee, 0x00, 0x00, 0xf0, 0x00, 0x00, 0x00, 0xf0, 0x00,
  0x00, 0xfb, 0x3a, 0xf4, 0x00, 0x00, 0x00, 0x09, 0x3a, 0xdb, 0xfa, 0x00,
  0x00, 0x00, 0x00, 0x10, 0x2c, 0x00, 0xc9, 0x00, 0xc9, 0xd1, 0x00, 0x21,
  0x00, 0xb4, 0x00, 0x00, 0x00, 0x00, 0x00, 0x47, 0x00, 0x81, 0x00, 0x00,
  0x53, 0x00, 0x00, 0xce, 0x00, 0x17, 0x2c, 0x00, 0xc5, 0x0d, 0xd5, 0x00,
  0x00, 0x00, 0x00, 0x39, 0xb5, 0x00, 0x0a, 0xf4, 0x00, 0x1e, 0x00, 0x4d,
  0x00, 0x13, 0x00, 0x00, 0x00, 0x00, 0xe9, 0x00, 0x00, 0x00, 0x30, 0x0d,
  0x00, 0x00, 0xe0, 0x00, 0x24, 0x00, 0x00, 0x1b, 0x00, 0x00, 0x32, 0x00,
  0xeb, 0x2d, 0xd0, 0x0e, 0x00, 0x50, 0x00, 0x00, 0x00, 0x0c, 0xf4, 0x11,
  0x12, 0x12, 0x00, 0x02, 0x00, 0x00, 0x00, 0x00, 0x0e, 0x00, 0x00, 0x00,
  0x00, 0xf1, 0x00, 0x00, 0x00, 0xe6, 0x00, 0x00, 0x12, 0x00, 0x00, 0x00,
  0x95, 0x00, 0x01, 0x00, 0x00, 0x00, 0x4e, 0xeb, 0x00, 0x00, 0xe6, 0xbf,
  0x00, 0x6d, 0x18, 0x00, 0xf3, 0x35, 0x3b, 0x23, 0x15, 0x00, 0xed, 0xd2,
  0x1b, 0x00, 0x00, 0x16, 0xf1, 0x00, 0x00, 0x39, 0x00, 0x00, 0x00, 0x00,
  0xef, 0xfb, 0x00, 0x10, 0x12, 0x00, 0x00, 0xd6, 0x1f, 0x00, 0x00, 0x04,
  0xe1, 0x00, 0xbf, 0x00, 0xe5, 0x00, 0x00, 0x00, 0x00, 0xae, 0x18, 0x00,
  0x00, 0xe7, 0xdd, 0xb3, 0x00, 0x28, 0x03, 0x00, 0xf7, 0x00, 0xd8, 0x4b,
  0xf5, 0xd1, 0x00, 0xfc, 0x00, 0xe6, 0x00, 0x00, 0x00, 0x00, 0x00, 0x15,
  0x00, 0x00, 0x00, 0xf1, 0x09, 0x0b, 0x10, 0x00, 0x00, 0x00, 0x00, 0x00,
  0x16, 0xef, 0xea, 0x00, 0x00, 0x00, 0xd2, 0xf6, 0x00, 0x00, 0xed, 0x00,
  0x00, 0x15, 0x00, 0x00, 0x36, 0x00, 0x00, 0x00, 0x00, 0x00, 0xe6, 0x20,
  0x00, 0x2f, 0xe4, 0x0d, 0x00, 0x00, 0x2e, 0x25, 0x00, 0x10, 0x00, 0x00,
  0x00, 0x49, 0x00, 0x00, 0xf9, 0x00, 0x18, 0x0a, 0xe2, 0xc7, 0xe7, 0x00,
  0x08, 0x00, 0xec, 0x00, 0x00, 0xdc, 0x00, 0x01, 0x00, 0x34, 0x00, 0x00,
  0x00, 0x00, 0x00, 0x00, 0x11, 0x00, 0x00, 0x00, 0x00, 0x00, 0x00, 0xf5,
  0x00, 0xf5, 0x00, 0x29, 0xd8, 0x26, 0x00, 0xec, 0x1a, 0xca, 0x2b, 0x00,
  0xf6, 0xe2, 0x03, 0x00, 0x1e, 0x00, 0x44, 0x5b, 0x1a, 0x07, 0x00, 0xf7,
  0xfb, 0x00, 0x08, 0x2b, 0xea, 0x00, 0x00, 0x00, 0x00, 0xd3, 0x22, 0x2b,
  0x00, 0x00, 0xd0, 0x00, 0x00, 0x00, 0x24, 0xd7, 0xf3, 0x11, 0x00, 0xd1,
  0xdb, 0x00, 0x00, 0x00, 0x00, 0x00, 0x00, 0x00, 0x00, 0x3a, 0xd3, 0xf8,
  0x00, 0x00, 0x00, 0x00, 0xcb, 0x00, 0x00, 0xcf, 0x21, 0x00, 0x2b, 0x00,
  0x00, 0xe1, 0x00, 0x00, 0x00, 0x00, 0xc1, 0x4e, 0x17, 0x00, 0x00, 0x04,
  0x00, 0x00, 0x00, 0x13, 0x2d, 0x05, 0x02, 0x30, 0x00, 0xfc, 0x42, 0x29,
  0x1f, 0x0f, 0x00, 0x22, 0x00, 0x07, 0x00, 0x00, 0x00, 0xee, 0x00, 0x00,
  0x00, 0x4c, 0xf0, 0x2c, 0xd2, 0x00, 0x4c, 0xe3, 0xd8, 0xf9, 0xe2, 0x00,
  0xc8, 0xef, 0x09, 0x00, 0x00, 0xea, 0x00, 0x0f, 0xfb, 0x3d, 0x26, 0x15,
  0xce, 0xef, 0xcd, 0x00, 0x1f, 0xe2, 0x00, 0xea, 0x00, 0x00, 0x00, 0xe8,
  0x00, 0x00, 0x00, 0x00, 0xf2, 0x00, 0x00, 0x00, 0xea, 0x0c, 0xbe, 0x00,
  0xe2, 0xd1, 0xc0, 0x00, 0x00, 0xea, 0x00, 0x00, 0xec, 0x00, 0x01, 0xd6,
  0x00, 0xdb, 0x00, 0x00, 0x00, 0x00, 0x00, 0xfb, 0x00, 0x00, 0x27, 0x1c,
  0x00, 0x00, 0x1b, 0xed, 0x44, 0x00, 0x00, 0x24, 0x00, 0xdb, 0xf2, 0x1b,
  0xf6, 0x34, 0x24, 0x00, 0x2f, 0x00, 0x00, 0x00, 0x00, 0x00, 0x21, 0x00,
  0xdc, 0x00, 0xea, 0x00, 0x00, 0x09, 0x00, 0x00, 0xfe, 0x19, 0x00, 0xee,
  0x2a, 0x00, 0x1d, 0x00, 0xc7, 0xe1, 0xd3, 0x00, 0x00, 0x00, 0x00, 0xf1,
  0x00, 0xe3, 0x00, 0x00, 0xe8, 0xc9, 0x00, 0xcd, 0x00, 0xed, 0x00, 0x00,
  0xd4, 0xe4, 0x00, 0x0a, 0x00, 0xe2, 0x00, 0xda, 0xdc, 0xc9, 0xe7, 0xcc,
  0x00, 0xd6, 0x00, 0xd6, 0xb3, 0x01, 0xd6, 0x00, 0xc5, 0xcf, 0x00, 0xde,
  0xd9, 0x00, 0xf3, 0xa5, 0xea, 0xda, 0x00, 0xbd, 0xdc, 0x00, 0x00, 0x00,
  0x00, 0xff, 0xe3, 0xf4, 0x00, 0x19, 0xfa, 0x00, 0x28, 0xe4, 0x3b, 0x08,
  0x00, 0x00, 0x81, 0xee, 0x00, 0x00, 0xb8, 0x3c, 0x03, 0xd8, 0x00, 0xda,
  0x0c, 0xf8, 0x00, 0x00, 0x00, 0x00, 0xe4, 0xfc, 0x00, 0x00, 0x00, 0x0d,
  0xec, 0x00, 0xf6, 0x00, 0x00, 0x00, 0x00, 0xe9, 0x00, 0x16, 0x00, 0x00,
  0xdf, 0x00, 0xe7, 0xf8, 0x00, 0xe6, 0x00, 0xb5, 0x00, 0x00, 0x00, 0xbf,
  0x00, 0x00, 0x00, 0x00, 0xf8, 0x81, 0xd0, 0xd4, 0x35, 0x11, 0xed, 0xd9,
  0xf1, 0x00, 0xbe, 0x00, 0x00, 0x12, 0xf9, 0xba, 0xf8, 0xd2, 0x00, 0x00,
  0x0b, 0x00, 0xad, 0x00, 0x00, 0xf1, 0x00, 0x29, 0x00, 0x21, 0xd8, 0x00,
  0xec, 0x00, 0x00, 0x00, 0x00, 0x00, 0x28, 0xcf, 0x00, 0xe6, 0x5f, 0x00,
  0xd9, 0x00, 0x01, 0x00, 0xe6, 0x0b, 0xba, 0xf2, 0xf4, 0x00, 0x10, 0x00,
  0xbd, 0x00, 0x00, 0x00, 0xfb, 0x28, 0x00, 0x0d, 0xb5, 0xae, 0x00, 0xe3,
  0x00, 0xcf, 0x00, 0x00, 0x00, 0x00, 0x0f, 0xdf, 0x00, 0xd9, 0xb8, 0x00,
  0x00, 0x00, 0x00, 0xfd, 0x00, 0xed, 0xff, 0x1f, 0x13, 0xf3, 0x00, 0xf4,
  0x00, 0x06, 0x00, 0x00, 0x00, 0x35, 0xcd, 0x00, 0x00, 0x00, 0x00, 0xac,
  0x00, 0xfd, 0x00, 0xd2, 0x10, 0x00, 0x00, 0x03, 0x00, 0x00, 0x00, 0x00,
  0xf0, 0xe2, 0x00, 0x00, 0xed, 0xc2, 0xde, 0x00, 0xb6, 0x00, 0x0f, 0xdb,
  0x05, 0xd7, 0x00, 0x18, 0x00, 0xdd, 0xcc, 0x00, 0x00, 0xbe, 0xe5, 0x00,
  0x00, 0xc1, 0x00, 0x25, 0x70, 0xde, 0xf7, 0x00, 0x00, 0xc8, 0x00, 0x00,
  0x00, 0x00, 0x00, 0x00, 0x00, 0x00, 0x00, 0x00, 0x0c, 0xb3, 0x00, 0x00,
  0x00, 0x00, 0x00, 0x00, 0x00, 0xe9, 0x00, 0x00, 0x00, 0xad, 0x00, 0xd1,
  0x00, 0xef, 0x00, 0xc7, 0xd8, 0x00, 0xe4, 0x00, 0x00, 0xf0, 0xdf, 0x00,
  0x00, 0xfa, 0x00, 0x00, 0xc6, 0x00, 0x00, 0x07, 0x11, 0xf8, 0xe0, 0x00,
  0xa7, 0x20, 0x00, 0x00, 0x00, 0xab, 0x00, 0x00, 0xda, 0x27, 0xeb, 0x00,
  0x00, 0x00, 0xc3, 0xd1, 0xfc, 0xfd, 0xd4, 0x00, 0xd8, 0x00, 0x00, 0x00,
  0xee, 0x4e, 0xc6, 0x00, 0xeb, 0xdc, 0x00, 0xe5, 0xd7, 0x00, 0x06, 0x00,
  0xc3, 0xf0, 0x00, 0xd6, 0x00, 0x00, 0xda, 0x00, 0x00, 0x00, 0x00, 0x00,
  0xec, 0x00, 0x20, 0x00, 0x00, 0xc7, 0xdb, 0xf5, 0x25, 0xbf, 0xf2, 0x54,
  0x00, 0x03, 0xe5, 0x9f, 0x04, 0x00, 0xf9, 0xec, 0xe8, 0xbf, 0xa4, 0x00,
  0x00, 0x00, 0xcf, 0x00, 0x00, 0x37, 0x00, 0x00, 0x21, 0x00, 0xe3, 0x00,
  0x17, 0x00, 0xe5, 0x00, 0xd2, 0xf9, 0x23, 0x00, 0x51, 0x00, 0xdd, 0x00,
  0x00, 0x00, 0x1a, 0x00, 0xe3, 0x00, 0x00, 0x06, 0x00, 0x00, 0x00, 0xf0,
  0x00, 0x17, 0x00, 0x00, 0x1a, 0xde, 0x00, 0x00, 0x17, 0xfe, 0xf8, 0x00,
  0x00, 0xd3, 0xfa, 0xea, 0x00, 0xeb, 0x00, 0x00, 0x16, 0xe1, 0xe2, 0x00,
  0x00, 0xdc, 0x03, 0x00, 0x00, 0xfb, 0x00, 0x07, 0x00, 0xd6, 0x34, 0x28,
  0x00, 0xe5, 0x21, 0x00, 0x00, 0x00, 0x0c, 0xe3, 0x00, 0x00, 0x14, 0x00,
  0x00, 0x15, 0x00, 0x00, 0xd9, 0x19, 0x00, 0x00, 0x08, 0x01, 0x00, 0xe4,
  0x00, 0x00, 0x00, 0x1b, 0xf6, 0x00, 0x00, 0x19, 0x09, 0x24, 0x00, 0x00,
  0x00, 0x33, 0x22, 0x1c, 0x20, 0x21, 0x24, 0x1a, 0x1c, 0x0e, 0xe7, 0x00,
  0x13, 0x06, 0xdd, 0x00, 0x10, 0xfe, 0x1e, 0x0c, 0xe5, 0x22, 0x3f, 0xe5,
  0x00, 0x00, 0xf0, 0x00, 0xf4, 0xdc, 0x1a, 0x00, 0xd8, 0x00, 0xe5, 0x00,
  0xc3, 0xb9, 0x0e, 0xda, 0x00, 0x00, 0x00, 0xf0, 0x00, 0x38, 0xd5, 0x07,
  0x00, 0x04, 0x15, 0x00, 0x0a, 0x00, 0xfb, 0x00, 0x20, 0x1c, 0x00, 0x00,
  0xe6, 0xff, 0x00, 0x00, 0x00, 0x27, 0xea, 0x00, 0xef, 0xd4, 0x00, 0x00,
  0x00, 0x00, 0x00, 0x17, 0x00, 0xe9, 0x00, 0x1c, 0xef, 0xef, 0x07, 0x00,
  0x19, 0x00, 0x00, 0x00, 0x00, 0x00, 0x00, 0x00, 0x18, 0xd6, 0x00, 0x00,
  0x05, 0x04, 0x00, 0x35, 0xe0, 0x00, 0x00, 0x13, 0x00, 0x00, 0xe7, 0x00,
  0x18, 0x00, 0x00, 0x00, 0x00, 0x23, 0x00, 0x00, 0xd5, 0xfb, 0x36, 0xa5,
  0x01, 0x00, 0x00, 0x00, 0x1f, 0xf8, 0x0e, 0x00, 0xe2, 0x17, 0x00, 0x00,
  0x00, 0x00, 0xe2, 0x00, 0x00, 0x00, 0xd0, 0x81, 0xee, 0x00, 0x00, 0x00,
  0xcc, 0x00, 0xfe, 0x00, 0x00, 0x00, 0x00, 0x00, 0x04, 0xe1, 0x00, 0x00,
  0x00, 0x00, 0xe4, 0x00, 0x00, 0x00, 0xf6, 0x26, 0xe8, 0x13, 0x19, 0x00,
  0xd8, 0xd6, 0x00, 0x00, 0x00, 0x9d, 0x0a, 0xeb, 0x00, 0x00, 0xc5, 0x00,
  0x00, 0x00, 0xff, 0x00, 0x00, 0xe8, 0x00, 0xe8, 0x00, 0x00, 0x00, 0x06,
  0x00, 0x00, 0x00, 0xeb, 0x00, 0x00, 0xfa, 0x00, 0x10, 0x19, 0x00, 0x00,
  0xd9, 0xee, 0x00, 0xa9, 0x00, 0x00, 0xc4, 0x06, 0xcd, 0x00, 0x00, 0x00,
  0x00, 0xf9, 0x00, 0xdd, 0x32, 0xb3, 0xd9, 0x00, 0x00, 0x00, 0xf2, 0x00,
  0x04, 0x00, 0xc7, 0xff, 0x00, 0x00, 0x00, 0xc6, 0x00, 0x00, 0x00, 0xea,
  0x00, 0xf9, 0x00, 0xbf, 0xfd, 0xdf, 0x00, 0x06, 0x00, 0x00, 0x00, 0x00,
  0x00, 0x0f, 0xb5, 0x03, 0xf5, 0x00, 0x00, 0x01, 0x30, 0x00, 0xe7, 0xe8,
  0x00, 0x00, 0x00, 0xa6, 0x00, 0x00, 0x00, 0xaf, 0x01, 0x00, 0x00, 0x00,
  0xba, 0xa9, 0x00, 0x00, 0xfd, 0x18, 0x00, 0x00, 0x00, 0x00, 0x00, 0x0e,
  0xc8, 0x00, 0xf4, 0xc8, 0x00, 0x00, 0x00, 0xfc, 0x00, 0xc7, 0x00, 0x19,
  0x00, 0xcc, 0xfc, 0x00, 0x00, 0xb9, 0x00, 0xf2, 0x00, 0xf7, 0x00, 0xc6,
  0x00, 0x0c, 0x00, 0x27, 0x52, 0x61, 0x00, 0x00, 0x00, 0x00, 0xe0, 0x00,
  0x67, 0x00, 0x00, 0xfd, 0x00, 0x00, 0x3c, 0xe5, 0x0f, 0x00, 0x00, 0x94,
  0xf3, 0x00, 0xf3, 0x00, 0xf3, 0xbb, 0xea, 0x00, 0x00, 0x00, 0x00, 0xda,
  0x00, 0x00, 0x22, 0x1c, 0x71, 0x00, 0x0e, 0x39, 0x00, 0xa2, 0x04, 0x00,
  0x00, 0x00, 0x00, 0x3b, 0xeb, 0x00, 0xb3, 0x00, 0xd0, 0x00, 0xee, 0x00,
  0x00, 0x00, 0x00, 0x00, 0x17, 0x00, 0xd5, 0x00, 0x18, 0xaf, 0x00, 0x00,
  0xfd, 0x00, 0x66, 0x00, 0xf8, 0x00, 0xe7, 0x00, 0xb6, 0xcb, 0x00, 0xd1,
  0x00, 0x5b, 0xd1, 0xd9, 0x88, 0xef, 0x00, 0x9e, 0x00, 0xc7, 0x36, 0x00,
  0x03, 0x00, 0xf6, 0xd2, 0x02, 0x00, 0x00, 0xca, 0x00, 0x00, 0xed, 0x00,
  0x00, 0xea, 0x00, 0xd2, 0xc4, 0x00, 0x00, 0x00, 0x00, 0xe7, 0x00, 0x00,
  0x00, 0x29, 0xf0, 0xfa, 0xd1, 0xb4, 0x00, 0x00, 0x00, 0x57, 0x2b, 0x00,
  0x00, 0x00, 0x00, 0x00, 0x00, 0x34, 0x0e, 0x00, 0x08, 0x7f, 0x00, 0x00,
  0x00, 0x00, 0xd2, 0x00, 0x3b, 0x1f, 0x18, 0x0f, 0xd5, 0x62, 0xe1, 0x00,
  0x22, 0xf6, 0x00, 0xd8, 0xca, 0xf3, 0x00, 0xe0, 0x18, 0x00, 0x00, 0xe4,
  0x34, 0xf9, 0x00, 0x02, 0xf9, 0xe7, 0x00, 0x1f, 0x1a, 0xdd, 0x00, 0x00,
  0x08, 0x00, 0x31, 0x15, 0x00, 0xe3, 0x06, 0x00, 0x00, 0x00, 0x00, 0x00,
  0x00, 0x00, 0x00, 0xd1, 0x00, 0x00, 0x00, 0xfd, 0x00, 0x00, 0x00, 0xe7,
  0xdc, 0x00, 0x00, 0x20, 0x00, 0x1a, 0x00, 0x00, 0x00, 0x00, 0x00, 0xcd,
  0x56, 0x00, 0x00, 0x27, 0x00, 0x41, 0x25, 0x14, 0x31, 0x00, 0x00, 0x00,
  0x00, 0x00, 0x00, 0x37, 0x2c, 0x00, 0x00, 0x00, 0x10, 0x00, 0xd7, 0x00,
  0x00, 0x67, 0x00, 0x0e, 0x40, 0x00, 0x00, 0x35, 0x1a, 0xf6, 0x00, 0x00,
  0x00, 0xe9, 0x00, 0xff, 0x00, 0x00, 0x00, 0x53, 0x1a, 0x43, 0x00, 0x07,
  0x00, 0x67, 0x00, 0x00, 0x3c, 0x04, 0x2e, 0x18, 0x00, 0xfd, 0xd9, 0x23,
  0x59, 0xf7, 0x00, 0x00, 0xc7, 0x19, 0xad, 0x00, 0x04, 0xaf, 0xf5, 0x00,
  0xc6, 0xf2, 0x00, 0x00, 0x00, 0x00, 0x00, 0x00, 0x00, 0xd4, 0x00, 0x00,
  0x00, 0xb0, 0x00, 0x00, 0x00, 0x3c, 0xce, 0x81, 0x00, 0x3d, 0x32, 0x00,
  0x00, 0x00, 0x00, 0x00, 0xac, 0x23, 0xdf, 0x00, 0x00, 0x19, 0x00, 0x09,
  0x00, 0xeb, 0x00, 0x00, 0x0a, 0x00, 0x00, 0xea, 0x2b, 0x00, 0x00, 0x00,
  0x00, 0x00, 0x37, 0x00, 0xe2, 0x00, 0x09, 0xfe, 0x00, 0xea, 0x15, 0x00,
  0x00, 0x00, 0xf3, 0xf5, 0x3a, 0x00, 0x00, 0x00, 0xfc, 0xef, 0x32, 0x3c,
  0x06, 0x4c, 0x00, 0x18, 0x00, 0x05, 0x00, 0x3c, 0xdb, 0x00, 0x00, 0x00,
  0x33, 0x04, 0xcd, 0xf5, 0x00, 0x3c, 0x00, 0x0a, 0x00, 0x00, 0x00, 0x29,
  0xeb, 0x00, 0x00, 0xff, 0x00, 0x00, 0xb2, 0xc4, 0x36, 0x1c, 0x00, 0x1e,
  0x00, 0xd7, 0x00, 0xc3, 0x00, 0x28, 0xf6, 0xe4, 0xdf, 0x00, 0xce, 0x00,
  0xdc, 0x8d, 0x92, 0x00, 0x00, 0x00, 0xc5, 0xea, 0x00, 0xcc, 0xcd, 0x00,
  0xe7, 0x00, 0x00, 0x00, 0xae, 0xed, 0x00, 0xe1, 0xff, 0xb3, 0x39, 0x00,
  0x00, 0xe7, 0x00, 0x38, 0x41, 0xb4, 0x00, 0x2a, 0x18, 0x00, 0xf4, 0x28,
  0x33, 0xb7, 0x4c, 0xd7, 0xfd, 0x00, 0x00, 0x58, 0x31, 0x00, 0x00, 0x00,
  0x45, 0x00, 0x24, 0x00, 0x00, 0x31, 0x00, 0x48, 0x00, 0x00, 0xbd, 0x00,
  0x21, 0x39, 0x00, 0x8a, 0x00, 0x00, 0x00, 0xd0, 0xcd, 0x00, 0x00, 0x00,
  0x00, 0x35, 0x28, 0x00, 0x00, 0x2e, 0x00, 0x13, 0x00, 0x00, 0x29, 0x52,
  0xa2, 0x00, 0x17, 0x00, 0x00, 0x00, 0x14, 0xc4, 0xb6, 0xb5, 0x00, 0x00,
  0x05, 0x00, 0x00, 0x00, 0xe2, 0xee, 0xea, 0x00, 0x00, 0x33, 0x2e, 0x00,
  0x00, 0x00, 0x2a, 0x21, 0x00, 0xe7, 0xdf, 0xfc, 0x35, 0x1d, 0xbb, 0x00,
  0xd7, 0x0c, 0xdc, 0x00, 0x00, 0x00, 0x00, 0x05, 0x3a, 0xc1, 0x00, 0xfe,
  0x21, 0x00, 0x06, 0x00, 0x0b, 0x00, 0x00, 0x00, 0x00, 0x00, 0x10, 0x00,
  0x00, 0x00, 0x00, 0x00, 0x1d, 0xe8, 0x10, 0x4f, 0x00, 0x00, 0x00, 0x02,
  0x00, 0x18, 0xcc, 0x00, 0x00, 0x11, 0x00, 0x00, 0x00, 0xf9, 0x00, 0x00,
  0x19, 0x00, 0xe8, 0x00, 0x00, 0xfb, 0xd9, 0x00, 0xea, 0xc4, 0xae, 0x00,
  0x46, 0xd9, 0x00, 0x00, 0x20, 0x00, 0x00, 0x00, 0x0d, 0xd3, 0xf6, 0x29,
  0x00, 0xef, 0xe4, 0x00, 0x00, 0xc9, 0x00, 0x00, 0xbf, 0x00, 0x00, 0xdf,
  0xf7, 0x00, 0x00, 0x00, 0x29, 0xe8, 0x00, 0xd0, 0x00, 0x00, 0x00, 0xc7,
  0x08, 0x00, 0x00, 0x00, 0x00, 0x00, 0x00, 0xe2, 0x00, 0x33, 0xd0, 0xb9,
  0x00, 0xeb, 0xf1, 0x00, 0x08, 0x00, 0x00, 0x01, 0x00, 0x00, 0x00, 0x1a,
  0x00, 0xcf, 0x00, 0xfe, 0x5d, 0xe8, 0x00, 0x09, 0x01, 0x00, 0x25, 0x00,
  0x18, 0xfd, 0x00, 0x00, 0x12, 0x00, 0x00, 0x1c, 0x00, 0x00, 0x00, 0x1e,
  0x00, 0x00, 0x00, 0x15, 0x00, 0x00, 0x54, 0x00, 0x02, 0x00, 0x00, 0xe3,
  0x00, 0xe7, 0x00, 0x9c, 0xa4, 0x00, 0x00, 0x03, 0x00, 0xfc, 0xeb, 0xc3,
  0x00, 0x00, 0xd3, 0x00, 0x00, 0x00, 0xaa, 0x1c, 0x00, 0x00, 0x00, 0x81,
  0xbf, 0x00, 0xd1, 0x13, 0x00, 0x00, 0x02, 0xd4, 0x0a, 0x00, 0xd1, 0x00,
  0xcd, 0xc5, 0x9b, 0xe1, 0x02, 0x00, 0x00, 0xe0, 0x00, 0xcd, 0x00, 0x00,
  0x00, 0xdc, 0x00, 0x00, 0xe2, 0xd0, 0xb6, 0x0f, 0x00, 0x00, 0x00, 0x00,
  0x00, 0x00, 0x0c, 0x02, 0x12, 0x00, 0x00, 0xbb, 0x15, 0x0f, 0x21, 0x29,
  0x2f, 0x39, 0x00, 0x00, 0x00, 0x00, 0x18, 0xec, 0x17, 0x00, 0x00, 0x12,
  0x00, 0x00, 0xb7, 0x00, 0xd3, 0x00, 0x00, 0x11, 0xd6, 0x16, 0xee, 0xfd,
  0x33, 0x00, 0x10, 0x00, 0x22, 0x00, 0x00, 0xe4, 0xf3, 0x00, 0xe1, 0x00,
  0xfc, 0x00, 0x00, 0x00, 0x00, 0x00, 0x12, 0x00, 0x18, 0xcd, 0x00, 0x00,
  0xb2, 0x1c, 0x0d, 0x00, 0x1b, 0xd9, 0xca, 0xf9, 0xfb, 0x00, 0x00, 0x00,
  0x00, 0x00, 0x00, 0x00, 0x00, 0x00, 0xdf, 0x39, 0x00, 0xe1, 0x00, 0x00,
  0xe3, 0xc2, 0x00, 0x13, 0x00, 0xd8, 0xe2, 0x00, 0x00, 0xfa, 0x48, 0xdd,
  0xdf, 0x00, 0x00, 0xe6, 0x00, 0x1e, 0xc3, 0x99, 0x00, 0x00, 0x90, 0xcf,
  0x00, 0x00, 0x00, 0x00, 0x00, 0x00, 0x5b, 0x00, 0x00, 0x01, 0xa9, 0x00,
  0x2c, 0x00, 0x8d, 0x00, 0x00, 0x04, 0xcd, 0x00, 0x00, 0xe4, 0x00, 0x00,
  0xd2, 0x00, 0x00, 0x28, 0x00, 0x25, 0xa8, 0xfd, 0x00, 0xf0, 0xd1, 0xd9,
  0xde, 0x00, 0x00, 0x28, 0x53, 0x04, 0x00, 0xcc, 0xb2, 0x00, 0x4c, 0x5d,
  0xdc, 0x1f, 0xf8, 0x1b, 0x03, 0x00, 0xbe, 0x3b, 0xd1, 0x00, 0xd6, 0x00,
  0x00, 0xec, 0x06, 0x7f, 0x00, 0xf3, 0x00, 0x00, 0x13, 0x00, 0x00, 0x00,
  0xf0, 0x00, 0x00, 0x00, 0x18, 0x00, 0x00, 0x67, 0x00, 0x06, 0x00, 0x00,
  0x00, 0xe9, 0x13, 0x0e, 0x00, 0x00, 0xcd, 0x00, 0x04, 0x00, 0x00, 0x3f,
  0x00, 0x00, 0x00, 0x1a, 0x00, 0xf2, 0xf4, 0x00, 0x00, 0xd4, 0xe9, 0x00,
  0x42, 0x0b, 0x00, 0x00, 0xf2, 0x00, 0x40, 0x00, 0x00, 0x00, 0x0e, 0xe5,
  0x00, 0x00, 0x00, 0x00, 0x00, 0x00, 0xdd, 0x3c, 0x00, 0x00, 0xc0, 0x3d,
  0xf5, 0x00, 0x00, 0x00, 0x40, 0x10, 0x00, 0x00, 0x00, 0x00, 0x00, 0x0f,
  0x00, 0x00, 0x20, 0x1a, 0x31, 0x00, 0x00, 0x2d, 0x12, 0xff, 0x00, 0xfa,
  0x00, 0x34, 0x0e, 0x15, 0xb0, 0x00, 0x00, 0xc0, 0x00, 0x00, 0x00, 0x00,
  0x00, 0x48, 0x00, 0x04, 0xe4, 0x23, 0x27, 0x01, 0x24, 0x09, 0xea, 0x00,
  0x00, 0x00, 0x00, 0x00, 0x1f, 0x00, 0x00, 0x00, 0x00, 0x08, 0x07, 0x00,
  0x11, 0x00, 0x00, 0x00, 0x00, 0x00, 0x08, 0x0b, 0x00, 0x00, 0x00, 0x00,
  0xfb, 0x28, 0x13, 0x00, 0xb6, 0x10, 0x25, 0x36, 0x00, 0x27, 0xfe, 0x00,
  0x1c, 0x3b, 0x31, 0x00, 0x00, 0x00, 0x2c, 0x00, 0xf9, 0x31, 0x00, 0x2c,
  0x00, 0x10, 0x00, 0x00, 0x00, 0x09, 0x00, 0xec, 0x00, 0x1b, 0x00, 0x00,
  0x00, 0x15, 0xde, 0xdd, 0xf2, 0x00, 0x1d, 0x00, 0x0c, 0x00, 0x00, 0x00,
  0x19, 0xa1, 0x16, 0x00, 0x00, 0x22, 0xeb, 0x00, 0x06, 0x08, 0xc5, 0x2e,
  0x00, 0xfb, 0x38, 0x00, 0xb9, 0x00, 0x07, 0x1f, 0x00, 0xf7, 0x0e, 0x00,
  0x00, 0x00, 0x00, 0xd6, 0x00, 0xa1, 0x00, 0x00, 0x00, 0x27, 0x00, 0xe8,
  0x00, 0x00, 0xcf, 0x00, 0x00, 0x00, 0x00, 0xbe, 0x00, 0x0e, 0x00, 0x00,
  0xa7, 0xe0, 0x00, 0x00, 0x00, 0x00, 0x00, 0xd1, 0x00, 0x4b, 0x00, 0x00,
  0x00, 0x00, 0x00, 0xda, 0x00, 0x00, 0xb1, 0x00, 0xc0, 0x3b, 0xc7, 0x00,
  0xfb, 0x00, 0x32, 0x00, 0x11, 0x00, 0xe8, 0xf7, 0x5c, 0x00, 0x00, 0xf2,
  0x00, 0x00, 0x00, 0x00, 0x00, 0xa1, 0x00, 0x00, 0x00, 0xba, 0x27, 0x00,
  0x00, 0x00, 0x00, 0x43, 0xba, 0x00, 0x8e, 0x00, 0x00, 0x00, 0x00, 0x00,
  0x00, 0x15, 0x00, 0x00, 0xbf, 0x00, 0x00, 0xd0, 0x00, 0x00, 0x50, 0x00,
  0x33, 0x00, 0xa2, 0xc3, 0xb8, 0x00, 0x49, 0x00, 0xcf, 0x00, 0x60, 0x0c,
  0xbe, 0x35, 0x00, 0x20, 0x00, 0x00, 0x00, 0x00, 0x00, 0xd5, 0xdb, 0x00,
  0x00, 0x00, 0x00, 0xdf, 0x4c, 0x00, 0x84, 0xcc, 0xde, 0x00, 0xde, 0x00,
  0x00, 0x00, 0x00, 0x30, 0x00, 0xfa, 0x3d, 0x05, 0x00, 0xd6, 0xb7, 0xc0,
  0x00, 0x00, 0x00, 0x00, 0x00, 0x19, 0x07, 0x00, 0x20, 0x0e, 0x00, 0x49,
  0x00, 0x00, 0x00, 0x2d, 0x00, 0x00, 0x00, 0xdd, 0x34, 0x00, 0x44, 0xff,
  0x15, 0x00, 0xdc, 0x00, 0x00, 0xf4, 0x55, 0xe9, 0x00, 0x0d, 0xce, 0x00,
  0x00, 0x08, 0x00, 0x30, 0x38, 0xf0, 0x00, 0xfa, 0x00, 0x29, 0x00, 0x00,
  0xf5, 0x00, 0x00, 0x00, 0x4e, 0x47, 0x00, 0x00, 0x00, 0x00, 0x08, 0x2f,
  0x44, 0xc3, 0xbd, 0x00, 0x42, 0xe8, 0x00, 0x00, 0x9b, 0x00, 0xc5, 0x00,
  0x28, 0x00, 0x00, 0xc5, 0x38, 0x00, 0x00, 0x03, 0x01, 0x00, 0x2f, 0x00,
  0x88, 0x00, 0x12, 0x00, 0x00, 0xad, 0x00, 0x00, 0x00, 0x00, 0x00, 0x00,
  0x1d, 0xdf, 0x18, 0x00, 0x00, 0x00, 0x00, 0x0b, 0xbb, 0x00, 0x00, 0xf3,
  0xd7, 0x00, 0x00, 0x23, 0x47, 0x47, 0x00, 0xb0, 0x40, 0x00, 0x00, 0x00,
  0x00, 0xc2, 0x62, 0xfe, 0x00, 0x6f, 0x10, 0x47, 0x00, 0x00, 0x00, 0x00,
  0x19, 0xff, 0x00, 0x00, 0x00, 0x0a, 0x56, 0x3b, 0xc2, 0xed, 0x4a, 0x00,
  0x00, 0x00, 0x00, 0x2a, 0xe7, 0x00, 0xfd, 0x00, 0x3d, 0x00, 0x00, 0x34,
  0x00, 0x00, 0x00, 0x13, 0x7f, 0x00, 0x48, 0x00, 0x00, 0x00, 0x0b, 0xa2,
  0x68, 0xcc, 0xae, 0x00, 0x38, 0xe3, 0x00, 0x00, 0x00, 0x00, 0x1b, 0xea,
  0x10, 0xe9, 0x04, 0x2c, 0x29, 0x30, 0x00, 0x00, 0x11, 0x00, 0x31, 0x00,
  0xad, 0xf5, 0xf4, 0x8b, 0x00, 0x00, 0x1d, 0x09, 0x00, 0x0c, 0x00, 0x00,
  0x22, 0x00, 0x13, 0x00, 0xea, 0xe6, 0xaf, 0x00, 0x00, 0x00, 0x00, 0xae,
  0xfe, 0x00, 0x00, 0x00, 0x29, 0x37, 0xa3, 0x15, 0x00, 0x00, 0x00, 0x00,
  0x00, 0x00, 0x00, 0x00, 0x10, 0x00, 0xfa, 0xd3, 0x00, 0x00, 0x3a, 0x2b,
  0xfd, 0x00, 0xa4, 0x00, 0x00, 0x00, 0x00, 0xbd, 0x00, 0xaa, 0x00, 0x00,
  0x00, 0x81, 0x2e, 0xa6, 0x00, 0xc0, 0xa8, 0x07, 0x00, 0x08, 0x00, 0xe8,
  0x0a, 0xdb, 0x00, 0xd8, 0x00, 0xea, 0xd8, 0xf6, 0x0c, 0x05, 0xe0, 0xec,
  0xba, 0x00, 0xcc, 0xef, 0xe7, 0x42, 0x12, 0x15, 0x0b, 0x27, 0xd7, 0x00,
  0xe8, 0x00, 0xbb, 0x00, 0x00, 0x00, 0x00, 0x07, 0x24, 0x00, 0x00, 0x00,
  0x00, 0x1e, 0x03, 0xe8, 0xee, 0xd3, 0x0b, 0xfc, 0x00, 0xd5, 0x00, 0x00,
  0xed, 0x1f, 0x00, 0x00, 0xca, 0xd3, 0x1d, 0x00, 0xfa, 0xf9, 0x03, 0x50,
  0xb5, 0x23, 0x20, 0x14, 0x2b, 0xd9, 0x00, 0xe9, 0xe5, 0x00, 0x00, 0x02,
  0x00, 0x00, 0x2e, 0xf6, 0x31, 0x00, 0x00, 0x00, 0x00, 0x00, 0x00, 0x00,
  0xe8, 0xeb, 0xbe, 0xd9, 0x00, 0xd4, 0x00, 0x00, 0x00, 0x16, 0x17, 0x00,
  0x1a, 0xf6, 0x00, 0x00, 0x00, 0xfc, 0x00, 0x00, 0x00, 0x00, 0x00, 0x00,
  0x00, 0x2f, 0x00, 0x26, 0x04, 0x00, 0x1a, 0x00, 0x17, 0x32, 0x00, 0x0f,
  0x00, 0x00, 0x00, 0x00, 0x00, 0x96, 0x00, 0xfa, 0x00, 0x00, 0xde, 0x47,
  0x00, 0x00, 0x00, 0x00, 0xdd, 0xbd, 0x00, 0x00, 0x00, 0x24, 0x00, 0x00,
  0x00, 0x00, 0xc1, 0xf7, 0x00, 0x00, 0x00, 0x34, 0x02, 0xe1, 0x00, 0x00,
  0x00, 0x11, 0x00, 0x00, 0x00, 0x00, 0x00, 0x00, 0x00, 0x42, 0xf6, 0x00,
  0xfe, 0x00, 0x00, 0xd7, 0x00, 0xef, 0xed, 0xfb, 0x00, 0xe5, 0x05, 0x00,
  0xf0, 0x0a, 0xfe, 0x00, 0x00, 0x00, 0xf6, 0xfd, 0x00, 0x21, 0x00, 0x00,
  0x00, 0x00, 0x00, 0xbe, 0xd3, 0x00, 0xf3, 0x00, 0x00, 0xfa, 0xec, 0xe2,
  0x00, 0xc3, 0x1a, 0x00, 0xe4, 0xc9, 0x00, 0x00, 0x0d, 0x00, 0xed, 0xec,
  0x00, 0x00, 0x00, 0x00, 0x36, 0xd3, 0x00, 0x00, 0x14, 0x19, 0x2f, 0x12,
  0xdd, 0x00, 0x3d, 0x00, 0xe0, 0xc7, 0x17, 0x00, 0x07, 0x00, 0x00, 0xf1,
  0x06, 0xd6, 0x2f, 0x07, 0x00, 0x0a, 0xd5, 0x42, 0xdc, 0x04, 0x00, 0x2d,
  0x23, 0x00, 0x00, 0x00, 0xbc, 0x00, 0xd9, 0x00, 0xfd, 0x12, 0x00, 0x00,
  0x00, 0x00, 0x00, 0x00, 0x30, 0x00, 0x00, 0xb4, 0x00, 0x00, 0x00, 0x14,
  0x00, 0x00, 0xef, 0x36, 0x00, 0x3d, 0xc2, 0x00, 0x00, 0x00, 0x2a, 0x00,
  0x00, 0x22, 0x00, 0x00, 0xc6, 0x00, 0x00, 0x00, 0x21, 0x2e, 0x00, 0x09,
  0x0b, 0x02, 0x1f, 0x00, 0xdb, 0x0c, 0x2e, 0x00, 0x00, 0x00, 0x00, 0x00,
  0x00, 0x00, 0xd2, 0xac, 0x22, 0x00, 0x00, 0xff, 0x00, 0x00, 0x00, 0x00,
  0x0f, 0x1f, 0x00, 0x00, 0x00, 0x00, 0x00, 0x00, 0x00, 0x99, 0x00, 0xe2,
  0xf4, 0x4d, 0x00, 0xf6, 0xe2, 0xf9, 0x00, 0x00, 0x00, 0x05, 0x05, 0xdc,
  0x18, 0x00, 0x00, 0x14, 0xb9, 0x00, 0xf3, 0x2c, 0x00, 0x2e, 0x24, 0x00,
  0x00, 0xbc, 0xda, 0x00, 0x00, 0x00, 0x00, 0x00, 0x7f, 0x00, 0x00, 0x3c,
  0x13, 0x00, 0xe0, 0x00, 0xc5, 0x00, 0x2d, 0xb5, 0x27, 0xce, 0x25, 0x00,
  0x30, 0xbc, 0x00, 0x00, 0x00, 0x00, 0xdb, 0xd9, 0x00, 0x1b, 0x04, 0x0a,
  0x12, 0x00, 0x00, 0xee, 0xde, 0x00, 0x00, 0x00, 0xf8, 0x00, 0x2b, 0x0b,
  0x00, 0x00, 0x11, 0xda, 0x00, 0xc1, 0xff, 0xd3, 0xcd, 0x00, 0x1b, 0x15,
  0x00, 0x00, 0xf0, 0x00, 0x44, 0x00, 0xb5, 0x00, 0x22, 0xb0, 0xca, 0xd0,
  0x00, 0x00, 0x00, 0x00, 0x00, 0xcd, 0x00, 0x1f, 0x00, 0x00, 0xad, 0x22,
  0x26, 0x18, 0x00, 0x04, 0xdb, 0x0f, 0x2b, 0x46, 0x00, 0x00, 0x26, 0x00,
  0x11, 0x00, 0x00, 0xe0, 0xd3, 0xf7, 0x00, 0x00, 0x00, 0x00, 0x00, 0x00,
  0x00, 0x00, 0x00, 0x00, 0x00, 0x2c, 0x18, 0x00, 0xbe, 0x00, 0xf6, 0xed,
  0x12, 0xc4, 0x00, 0xc4, 0x17, 0x16, 0x17, 0x00, 0x00, 0xd0, 0x03, 0x00,
  0x00, 0x00, 0xdf, 0xc5, 0x00, 0x1f, 0x1c, 0xe7, 0x4e, 0x00, 0x00, 0x00,
  0xd5, 0x00, 0xfb, 0xe5, 0x25, 0x26, 0x2b, 0x08, 0x30, 0x00, 0x10, 0xa7,
  0xc4, 0xe1, 0x32, 0x00, 0x00, 0x3d, 0x2b, 0x00, 0x00, 0xf3, 0x00, 0x00,
  0xea, 0xf8, 0xff, 0xff, 0x04, 0x00, 0x00, 0x00, 0x94, 0x00, 0x00, 0x00,
  0x19, 0xf0, 0xff, 0xff, 0x88, 0x85, 0x00, 0x00, 0x20, 0x78, 0x00, 0x00,
  0x43, 0x8d, 0x00, 0x00, 0x29, 0x24, 0x00, 0x00, 0x0b, 0x3c, 0x00, 0x00,
  0x56, 0xb0, 0xff, 0xff, 0xcf, 0xa2, 0xff, 0xff, 0x17, 0x17, 0x00, 0x00,
  0xc7, 0x78, 0x00, 0x00, 0xcf, 0x35, 0x00, 0x00, 0x1b, 0x6a, 0x00, 0x00,
  0xcd, 0x92, 0x00, 0x00, 0x5e, 0x2d, 0x00, 0x00, 0x66, 0x36, 0x00, 0x00,
  0x22, 0x0e, 0x00, 0x00, 0x5d, 0x04, 0x00, 0x00, 0xbd, 0xf8, 0xff, 0xff,
  0xea, 0xf4, 0xff, 0xff, 0x99, 0x43, 0x00, 0x00, 0x0b, 0xf7, 0xff, 0xff,
  0x37, 0x1a, 0x00, 0x00, 0xb9, 0x99, 0xff, 0xff, 0x5e, 0xf2, 0xff, 0xff,
  0xb9, 0x01, 0x00, 0x00, 0xe0, 0xca, 0xff, 0xff, 0xc3, 0xe6, 0xff, 0xff,
  0x0d, 0x1a, 0x00, 0x00, 0xe0, 0x7d, 0x00, 0x00, 0x77, 0x21, 0x00, 0x00,
  0x7e, 0x4d, 0x00, 0x00, 0x4d, 0x07, 0x00, 0x00, 0x11, 0x57, 0x00, 0x00,
  0x33, 0xd6, 0xff, 0xff, 0x76, 0xd2, 0xff, 0xff, 0x1d, 0x33, 0x00, 0x00,
  0xdf, 0xf8, 0xff, 0xff, 0x8a, 0xf9, 0xff, 0xff, 0x04, 0x00, 0x00, 0x00,
  0x59, 0x05, 0x00, 0x00, 0x13, 0x00, 0xef, 0x00, 0x00, 0x13, 0x28, 0x0e,
  0x00, 0x11, 0x00, 0x00, 0xd9, 0x00, 0xe9, 0x00, 0x1d, 0x00, 0x00, 0x0e,
  0x20, 0x0f, 0x00, 0x00, 0xec, 0xe8, 0xef, 0x00, 0xdf, 0xec, 0xee, 0x00,
  0x00, 0x00, 0x19, 0x00, 0xe9, 0x00, 0x00, 0x3d, 0x00, 0xd5, 0x27, 0x00,
  0x00, 0xa9, 0x21, 0x00, 0x3d, 0x2a, 0x08, 0x00, 0x0b, 0xe9, 0xba, 0xef,
  0x2a, 0x00, 0x00, 0x00, 0x2c, 0x00, 0x00, 0x00, 0x44, 0x00, 0xc3, 0x00,
  0x00, 0x00, 0x32, 0x05, 0x00, 0x00, 0xb5, 0x00, 0xd4, 0x37, 0x00, 0x00,
  0x00, 0xbd, 0x00, 0xcb, 0xb0, 0x00, 0x00, 0x42, 0x00, 0x00, 0x2d, 0x00,
  0x00, 0xc1, 0x00, 0x00, 0x00, 0xd8, 0x29, 0xdb, 0x2c, 0xc4, 0x3b, 0x00,
  0x26, 0xce, 0x00, 0x00, 0x00, 0x00, 0xbc, 0x4d, 0x00, 0x52, 0xba, 0x00,
  0x00, 0x00, 0x00, 0x58, 0x43, 0x00, 0x00, 0xad, 0x00, 0xbe, 0xcb, 0x00,
  0x40, 0xd3, 0x45, 0x00, 0x00, 0x2e, 0x51, 0x2b, 0x00, 0xb4, 0x35, 0x00,
  0xbc, 0x29, 0xce, 0x50, 0x00, 0x00, 0xd7, 0x00, 0x00, 0x00, 0x36, 0xb4,
  0x00, 0x00, 0x00, 0xd9, 0x00, 0x14, 0xbf, 0x00, 0x00, 0x00, 0x81, 0xdc,
  0x00, 0x00, 0xe4, 0x34, 0x00, 0x00, 0x00, 0x00, 0x00, 0x00, 0x00, 0x00,
  0x00, 0x00, 0x00, 0x4b, 0x00, 0xdf, 0xd8, 0x4d, 0xc7, 0x00, 0x00, 0x00,
  0x00, 0x1f, 0x17, 0xf5, 0xf5, 0x00, 0x00, 0x00, 0x00, 0xfb, 0x00, 0x00,
  0xce, 0x00, 0x29, 0x00, 0x2b, 0xff, 0xf0, 0xfc, 0x00, 0x2f, 0x00, 0x00,
  0x3a, 0x29, 0x12, 0x35, 0x00, 0x34, 0xe4, 0x00, 0x43, 0x00, 0xcc, 0xe1,
  0x27, 0xdf, 0x2d, 0x00, 0xd9, 0x00, 0x00, 0x00, 0x22, 0x31, 0x22, 0x1d,
  0x2b, 0x00, 0xe6, 0x00, 0x23, 0x00, 0xdc, 0x00, 0xd7, 0xcc, 0xd7, 0x00,
  0x00, 0x00, 0xd8, 0x00, 0xe4, 0x00, 0xda, 0x00, 0xcd, 0x22, 0x00, 0x00,
  0x00, 0x00, 0x00, 0xd7, 0x00, 0x22, 0x00, 0x00, 0x00, 0x16, 0x00, 0xe1,
  0x16, 0x00, 0x00, 0x00, 0x00, 0x00, 0x00, 0x20, 0x1a, 0x1a, 0x00, 0x00,
  0x00, 0x00, 0x00, 0xdc, 0x19, 0xe3, 0x00, 0xee, 0x15, 0x00, 0x00, 0x00,
  0x0b, 0x2c, 0x4d, 0x47, 0x44, 0x00, 0x00, 0x14, 0x00, 0xda, 0x00, 0x00,
  0x29, 0x00, 0xe5, 0x15, 0xe7, 0x00, 0x00, 0x2e, 0x00, 0x21, 0x1c, 0x23,
  0x00, 0x00, 0x28, 0x00, 0xf5, 0x00, 0x22, 0x2f, 0x00, 0x00, 0xfd, 0x00,
  0x00, 0xe4, 0xc7, 0x00, 0xc9, 0xd9, 0x00, 0xe6, 0x1e, 0xe7, 0x25, 0xe0,
  0x00, 0x00, 0x00, 0xda, 0x00, 0x32, 0xe5, 0x00, 0xd7, 0x00, 0x19, 0x00,
  0x27, 0x00, 0xd7, 0xe8, 0x00, 0xc9, 0x00, 0x00, 0xdb, 0x00, 0x00, 0x00,
  0x00, 0x00, 0xab, 0x10, 0xdd, 0x00, 0x00, 0xde, 0x00, 0x17, 0x00, 0x00,
  0x00, 0x42, 0x08, 0x55, 0x00, 0x00, 0xdd, 0x00, 0x14, 0x00, 0x54, 0x13,
  0xb8, 0x00, 0xdf, 0x00, 0x00, 0xf8, 0x25, 0x00, 0x00, 0x00, 0x00, 0x00,
  0x00, 0xfb, 0x22, 0x00, 0xc3, 0x00, 0xe6, 0x00, 0x6d, 0x36, 0x00, 0x52,
  0x00, 0x00, 0x00, 0xf1, 0x00, 0x2c, 0x00, 0x00, 0x53, 0x00, 0x00, 0x00,
  0x00, 0x27, 0x00, 0x00, 0x00, 0x00, 0x00, 0x38, 0x00, 0xee, 0x00, 0x00,
  0x00, 0x39, 0xf7, 0xc2, 0xd4, 0x45, 0xe2, 0x28, 0x00, 0x00, 0x00, 0x00,
  0x00, 0x00, 0x00, 0x00, 0x34, 0x1d, 0x00, 0xd8, 0x35, 0x44, 0x00, 0x18,
  0x00, 0x00, 0x01, 0xc1, 0x00, 0xd1, 0x00, 0xec, 0x30, 0x3c, 0x00, 0xd7,
  0x00, 0xda, 0xf2, 0x00, 0xe5, 0x06, 0x00, 0x11, 0x04, 0x0e, 0x07, 0x00,
  0xeb, 0x00, 0xfc, 0x00, 0x07, 0x09, 0x00, 0xed, 0x00, 0x00, 0x0f, 0xf0,
  0x00, 0xfd, 0x00, 0xed, 0xfc, 0x00, 0x00, 0x00, 0xf3, 0x0c, 0xe9, 0x00,
  0x00, 0x03, 0x00, 0x00, 0xfa, 0x00, 0x00, 0x00, 0x00, 0x00, 0xb4, 0xe1,
  0x00, 0x00, 0x00, 0x00, 0x00, 0x31, 0xd7, 0x00, 0xd9, 0x00, 0xcd, 0x00,
  0x40, 0x00, 0xdf, 0x00, 0x1f, 0x00, 0x3a, 0x00, 0x00, 0x29, 0xc0, 0xd9,
  0xc9, 0x00, 0x00, 0x00, 0x00, 0x2e, 0x3d, 0x2e, 0xda, 0x00, 0xc9, 0xd1,
  0xd3, 0x00, 0x00, 0x00, 0xce, 0x3d, 0x00, 0x00, 0x33, 0xe1, 0x00, 0x39,
  0xd5, 0x30, 0xdb, 0xd2, 0x00, 0x3c, 0x00, 0x00, 0x00, 0x00, 0x00, 0x1d,
  0x00, 0x00, 0xdc, 0x00, 0x33, 0xd9, 0x20, 0x00, 0xef, 0x00, 0x16, 0x28,
  0x36, 0x00, 0x32, 0x00, 0x00, 0xee, 0x00, 0x25, 0x00, 0x00, 0xe3, 0x00,
  0xcf, 0x00, 0xe5, 0xeb, 0x0b, 0x00, 0xe1, 0x00, 0x32, 0xd6, 0xf7, 0x00,
  0x00, 0xe9, 0x00, 0x28, 0x00, 0x00, 0x00, 0x00, 0x00, 0x00, 0x00, 0xe0,
  0xd8, 0x00, 0x28, 0x00, 0xae, 0x00, 0x00, 0x00, 0x00, 0x00, 0x00, 0xbb,
  0x00, 0x00, 0x00, 0xae, 0xce, 0x00, 0xc5, 0x00, 0xd6, 0x00, 0x00, 0xb2,
  0x1c, 0x00, 0x00, 0x00, 0x00, 0x56, 0xd0, 0x00, 0x00, 0xc3, 0x00, 0xf1,
  0x00, 0x00, 0xe5, 0xe4, 0x18, 0x00, 0x2c, 0x11, 0x00, 0x00, 0x00, 0x04,
  0x1d, 0x21, 0x00, 0x00, 0x00, 0x00, 0x0c, 0x16, 0x00, 0x0d, 0x00, 0xee,
  0xf9, 0x00, 0x00, 0x00, 0x00, 0xe2, 0x04, 0x2e, 0x0a, 0x22, 0x0e, 0xcb,
  0x00, 0x00, 0xbb, 0xe3, 0x00, 0x2c, 0x00, 0x00, 0xca, 0x00, 0x22, 0x00,
  0x1e, 0x00, 0x00, 0x00, 0x00, 0x13, 0x00, 0x30, 0x2a, 0xcc, 0x00, 0x00,
  0x00, 0x00, 0x11, 0x00, 0x00, 0x00, 0xdf, 0x00, 0x33, 0x00, 0x2b, 0x00,
  0x2e, 0x00, 0x00, 0x00, 0x53, 0x2d, 0x00, 0x37, 0xb7, 0x00, 0xb8, 0xe7,
  0xb7, 0x1a, 0x00, 0x20, 0xb8, 0x00, 0xb2, 0x1c, 0x00, 0x33, 0x00, 0x4f,
  0x00, 0xbe, 0x3d, 0xad, 0xc4, 0xc2, 0x00, 0x00, 0xe2, 0x0e, 0x00, 0x00,
  0x00, 0x24, 0xf0, 0x00, 0xf9, 0x00, 0x0d, 0x33, 0xf8, 0x15, 0x2a, 0xec,
  0xd9, 0x00, 0xf5, 0x00, 0x00, 0x1e, 0x0f, 0x00, 0x0c, 0x00, 0x00, 0x15,
  0x00, 0x00, 0xde, 0x00, 0x2d, 0x00, 0x2d, 0xe1, 0xdd, 0x00, 0x20, 0x1d,
  0x00, 0x00, 0x00, 0x20, 0x00, 0x00, 0x00, 0xc6, 0x15, 0xa9, 0x00, 0x84,
  0x00, 0x00, 0x00, 0x13, 0xd7, 0x00, 0x00, 0x00, 0x00, 0x00, 0x8e, 0x00,
  0x00, 0x00, 0xec, 0x3e, 0x47, 0x0a, 0x2c, 0x00, 0xe2, 0x30, 0x1c, 0x43,
  0x00, 0x00, 0x3c, 0x00, 0x00, 0x00, 0x00, 0xf5, 0x0b, 0x00, 0xec, 0x35,
  0x4c, 0x3a, 0x29, 0x00, 0x00, 0x00, 0x38, 0xe3, 0x00, 0x00, 0x1e, 0x00,
  0xea, 0x00, 0x0f, 0x09, 0x00, 0x00, 0x00, 0x25, 0x00, 0x30, 0x00, 0x00,
  0xda, 0x00, 0x00, 0x2c, 0x00, 0x00, 0x00, 0x00, 0x00, 0x00, 0xb7, 0x00,
  0x39, 0x42, 0x0c, 0x00, 0x00, 0xc3, 0x00, 0x00, 0x31, 0x00, 0x00, 0x00,
  0x00, 0x00, 0x30, 0xc3, 0x00, 0x8a, 0x00, 0x6d, 0x00, 0x00, 0xb9, 0xd6,
  0x00, 0x28, 0xcb, 0x37, 0x00, 0x00, 0x00, 0x00, 0x00, 0xea, 0x00, 0x00,
  0x00, 0x00, 0x00, 0x99, 0x00, 0x00, 0x00, 0xa5, 0x31, 0x00, 0x00, 0xcc,
  0x62, 0x00, 0x00, 0x36, 0x00, 0x32, 0xf6, 0x00, 0x00, 0x00, 0x0d, 0xc9,
  0x40, 0x3a, 0x00, 0xd9, 0x48, 0xdc, 0xea, 0xd1, 0x2f, 0xdd, 0x2b, 0xe2,
  0x04, 0xc3, 0xfa, 0x00, 0x00, 0x2f, 0x00, 0x00, 0x00, 0x00, 0xe2, 0x00,
  0x23, 0x00, 0xd9, 0xe6, 0x2a, 0x00, 0xa4, 0x00, 0x00, 0x05, 0x00, 0xd5,
  0xe9, 0xce, 0xdf, 0xd4, 0x00, 0x00, 0x00, 0x50, 0x00, 0x36, 0x3c, 0x00,
  0x00, 0xd2, 0x56, 0x4a, 0x00, 0x00, 0x58, 0x00, 0xb5, 0x00, 0x4b, 0x00,
  0x00, 0x00, 0xb0, 0x53, 0x40, 0x33, 0xd0, 0xbb, 0x00, 0x00, 0x00, 0x40,
  0xcd, 0x00, 0x00, 0x00, 0x55, 0x00, 0x34, 0x00, 0x00, 0x26, 0x00, 0x21,
  0x2c, 0x0e, 0xed, 0x12, 0x00, 0x00, 0x00, 0x27, 0x00, 0x00, 0x00, 0xf5,
  0xe6, 0x00, 0x1a, 0x00, 0x00, 0x00, 0x00, 0xed, 0xe3, 0x00, 0x00, 0x00,
  0x31, 0x00, 0x00, 0x1c, 0x00, 0xe1, 0xd3, 0x20, 0x00, 0x00, 0x00, 0xee,
  0x38, 0x00, 0x57, 0x00, 0x00, 0x00, 0x00, 0x37, 0x43, 0xed, 0x00, 0x35,
  0x00, 0x00, 0xdd, 0x00, 0x00, 0x00, 0x00, 0x36, 0x31, 0x2c, 0x00, 0x4c,
  0x00, 0x3a, 0xef, 0x00, 0xdd, 0xd1, 0xf9, 0xd6, 0x00, 0xd3, 0x00, 0xb6,
  0x00, 0x00, 0xbb, 0x00, 0xdd, 0x54, 0x51, 0x00, 0x00, 0x35, 0x00, 0x2d,
  0x00, 0x7a, 0x39, 0x00, 0x11, 0x33, 0x00, 0x00, 0xbd, 0x2e, 0x00, 0x00,
  0x00, 0x00, 0x00, 0xc0, 0x6c, 0xa9, 0x00, 0x9c, 0x44, 0x00, 0xd6, 0xe3,
  0x00, 0x2e, 0x1d, 0x00, 0x1d, 0x00, 0x00, 0x00, 0x00, 0x00, 0x1a, 0x00,
  0x2c, 0x00, 0x00, 0xc8, 0x00, 0xcc, 0x00, 0xd7, 0x23, 0xcf, 0x00, 0x00,
  0x00, 0xe3, 0x00, 0x1e, 0x00, 0xc8, 0x00, 0xde, 0x00, 0xe0, 0xdb, 0x00,
  0x16, 0x14, 0x00, 0x0d, 0x10, 0x28, 0x00, 0x13, 0x00, 0xe3, 0x00, 0x01,
  0x0f, 0xfd, 0x00, 0xde, 0xd2, 0x00, 0xef, 0x00, 0xca, 0xcf, 0xd2, 0xf4,
  0x00, 0xd4, 0x00, 0x26, 0x00, 0xd2, 0x00, 0xda, 0x00, 0x00, 0x00, 0xcb,
  0xe1, 0x00, 0xed, 0xcf, 0x00, 0xdd, 0x00, 0x00, 0x08, 0xe5, 0x0f, 0x00,
  0x00, 0xc9, 0x17, 0xe1, 0xeb, 0x00, 0x00, 0x18, 0xeb, 0x23, 0x1e, 0x00,
  0x1a, 0x00, 0xe9, 0x00, 0xf3, 0xe7, 0x00, 0x00, 0x00, 0xf4, 0x00, 0x28,
  0x19, 0x31, 0x00, 0x00, 0xe3, 0xd5, 0x3b, 0x00, 0x00, 0x21, 0x00, 0x00,
  0xd9, 0x34, 0x00, 0x00, 0x00, 0x00, 0x2e, 0x1d, 0x00, 0x00, 0x1f, 0xd2,
  0xc8, 0xcd, 0xdd, 0xd7, 0xc9, 0x24, 0x00, 0xd8, 0x22, 0xd9, 0xc4, 0x2d,
  0xdc, 0x00, 0x00, 0xba, 0x00, 0xcc, 0x00, 0x00, 0xb6, 0x00, 0x00, 0x00,
  0xaf, 0x00, 0x00, 0x27, 0x57, 0xe8, 0x00, 0x09, 0x00, 0x0d, 0x00, 0x6d,
  0x00, 0x00, 0xd7, 0xd7, 0x00, 0x00, 0x00, 0x00, 0x00, 0x00, 0x00, 0xa9,
  0xb0, 0x00, 0x00, 0x19, 0x00, 0x00, 0xef, 0x00, 0x00, 0x1e, 0xd6, 0xbd,
  0x00, 0x00, 0xd1, 0x00, 0xf4, 0xce, 0xca, 0x1e, 0xf1, 0x09, 0xe0, 0x00,
  0x00, 0xd3, 0x00, 0x00, 0x00, 0x00, 0xd4, 0xee, 0x26, 0x00, 0x24, 0x00,
  0xdc, 0x00, 0x00, 0x00, 0x00, 0x00, 0x00, 0x00, 0xf2, 0xfe, 0xff, 0xff,
  0x04, 0x00, 0x00, 0x00, 0x94, 0x00, 0x00, 0x00, 0x7e, 0xfd, 0xff, 0xff,
  0x3c, 0xf3, 0xff, 0xff, 0x9a, 0x10, 0x00, 0x00, 0x12, 0xef, 0xff, 0xff,
  0xde, 0x0f, 0x00, 0x00, 0xec, 0xe0, 0xff, 0xff, 0xd1, 0x0a, 0x00, 0x00,
  0x3c, 0xff, 0xff, 0xff, 0x1c, 0xd5, 0xff, 0xff, 0x29, 0x14, 0x00, 0x00,
  0xf7, 0xf6, 0xff, 0xff, 0x2a, 0xe7, 0xff, 0xff, 0x81, 0xf5, 0xff, 0xff,
  0xf8, 0xfc, 0xff, 0xff, 0xcd, 0x05, 0x00, 0x00, 0xd7, 0x04, 0x00, 0x00,
  0xbc, 0xf7, 0xff, 0xff, 0x88, 0x24, 0x00, 0x00, 0x91, 0xe9, 0xff, 0xff,
  0x15, 0x01, 0x00, 0x00, 0x1f, 0x0b, 0x00, 0x00, 0xf7, 0xf4, 0xff, 0xff,
  0x5f, 0x04, 0x00, 0x00, 0x58, 0xe4, 0xff, 0xff, 0x8d, 0xfe, 0xff, 0xff,
  0x8d, 0xfa, 0xff, 0xff, 0x48, 0x1c, 0x00, 0x00, 0x0b, 0xd8, 0xff, 0xff,
  0x48, 0xf4, 0xff, 0xff, 0x0b, 0xe4, 0xff, 0xff, 0xfd, 0xee, 0xff, 0xff,
  0xd8, 0x0b, 0x00, 0x00, 0x5b, 0x19, 0x00, 0x00, 0x4a, 0x07, 0x00, 0x00,
  0x87, 0x0f, 0x00, 0x00, 0xf8, 0x17, 0x00, 0x00, 0xb5, 0x19, 0x00, 0x00,
  0x92, 0xff, 0xff, 0xff, 0x04, 0x00, 0x00, 0x00, 0x4a, 0x00, 0x00, 0x00,
  0x00, 0x39, 0x00, 0x00, 0x00, 0xcb, 0x00, 0xc1, 0xb4, 0x00, 0x00, 0x32,
  0x5f, 0xba, 0x00, 0x00, 0x40, 0x00, 0x73, 0xcc, 0x44, 0x00, 0x00, 0x00,
  0x99, 0x5c, 0x00, 0x00, 0x39, 0x00, 0x00, 0x00, 0x68, 0xa3, 0x00, 0x00,
  0x00, 0x00, 0x00, 0x00, 0x00, 0xb5, 0x81, 0x00, 0x31, 0x9d, 0x00, 0x1e,
  0x00, 0x00, 0xbb, 0x00, 0x00, 0x2e, 0xc3, 0x08, 0x54, 0x00, 0x54, 0x59,
  0x3f, 0xd2, 0x30, 0xc4, 0x00, 0xb4, 0xca, 0x4c, 0x00, 0x00, 0x00, 0x00,
  0x2a, 0xc8, 0x00, 0x00, 0xea, 0xff, 0xff, 0xff, 0x04, 0x00, 0x00, 0x00,
  0x08, 0x00, 0x00, 0x00, 0x28, 0xfd, 0xff, 0xff, 0xd8, 0x02, 0x00, 0x00,
  0x00, 0x00, 0x06, 0x00, 0x08, 0x00, 0x04, 0x00, 0x06, 0x00, 0x00, 0x00,
  0x04, 0x00, 0x00, 0x00, 0x08, 0x00, 0x00, 0x00, 0x01, 0x00, 0x00, 0x00,
  0x02, 0x00, 0x00, 0x00, 0x28, 0xd4, 0xff, 0xff, 0x2c, 0xd4, 0xff, 0xff,
  0x0f, 0x00, 0x00, 0x00, 0x4d, 0x4c, 0x49, 0x52, 0x20, 0x43, 0x6f, 0x6e,
  0x76, 0x65, 0x72, 0x74, 0x65, 0x64, 0x2e, 0x00, 0x01, 0x00, 0x00, 0x00,
  0x14, 0x00, 0x00, 0x00, 0x00, 0x00, 0x0e, 0x00, 0x18, 0x00, 0x14, 0x00,
  0x10, 0x00, 0x0c, 0x00, 0x08, 0x00, 0x04, 0x00, 0x0e, 0x00, 0x00, 0x00,
  0x14, 0x00, 0x00, 0x00, 0x1c, 0x00, 0x00, 0x00, 0x30, 0x04, 0x00, 0x00,
  0x34, 0x04, 0x00, 0x00, 0x38, 0x04, 0x00, 0x00, 0x04, 0x00, 0x00, 0x00,
  0x6d, 0x61, 0x69, 0x6e, 0x00, 0x00, 0x00, 0x00, 0x10, 0x00, 0x00, 0x00,
  0xf8, 0x03, 0x00, 0x00, 0x9c, 0x03, 0x00, 0x00, 0x38, 0x03, 0x00, 0x00,
  0xf4, 0x02, 0x00, 0x00, 0xb0, 0x02, 0x00, 0x00, 0x6c, 0x02, 0x00, 0x00,
  0x28, 0x02, 0x00, 0x00, 0xe4, 0x01, 0x00, 0x00, 0xa0, 0x01, 0x00, 0x00,
  0x5c, 0x01, 0x00, 0x00, 0x18, 0x01, 0x00, 0x00, 0xd4, 0x00, 0x00, 0x00,
  0xa0, 0x00, 0x00, 0x00, 0x5c, 0x00, 0x00, 0x00, 0x24, 0x00, 0x00, 0x00,
  0x04, 0x00, 0x00, 0x00, 0x52, 0xfc, 0xff, 0xff, 0x08, 0x00, 0x00, 0x00,
  0x0c, 0x00, 0x00, 0x00, 0x01, 0x00, 0x00, 0x00, 0x21, 0x00, 0x00, 0x00,
  0x01, 0x00, 0x00, 0x00, 0x20, 0x00, 0x00, 0x00, 0xca, 0xfc, 0xff, 0xff,
  0x14, 0x00, 0x00, 0x00, 0x00, 0x00, 0x00, 0x08, 0x10, 0x00, 0x00, 0x00,
  0x14, 0x00, 0x00, 0x00, 0x04, 0x00, 0x00, 0x00, 0xf8, 0xd4, 0xff, 0xff,
  0x01, 0x00, 0x00, 0x00, 0x20, 0x00, 0x00, 0x00, 0x03, 0x00, 0x00, 0x00,
  0x1f, 0x00, 0x00, 0x00, 0x03, 0x00, 0x00, 0x00, 0x02, 0x00, 0x00, 0x00,
  0xfe, 0xfc, 0xff, 0xff, 0x1c, 0x00, 0x00, 0x00, 0x00, 0x00, 0x00, 0x08,
  0x1c, 0x00, 0x00, 0x00, 0x20, 0x00, 0x00, 0x00, 0x04, 0x00, 0x00, 0x00,
  0x00, 0x00, 0x06, 0x00, 0x08, 0x00, 0x07, 0x00, 0x06, 0x00, 0x00, 0x00,
  0x00, 0x00, 0x00, 0x01, 0x01, 0x00, 0x00, 0x00, 0x1f, 0x00, 0x00, 0x00,
  0x03, 0x00, 0x00, 0x00, 0x1e, 0x00, 0x00, 0x00, 0x05, 0x00, 0x00, 0x00,
  0x04, 0x00, 0x00, 0x00, 0x3e, 0xfd, 0xff, 0xff, 0x14, 0x00, 0x00, 0x00,
  0x00, 0x00, 0x00, 0x1b, 0x10, 0x00, 0x00, 0x00, 0x14, 0x00, 0x00, 0x00,
  0x03, 0x00, 0x00, 0x00, 0x6c, 0xd5, 0xff, 0xff, 0x01, 0x00, 0x00, 0x00,
  0x1e, 0x00, 0x00, 0x00, 0x02, 0x00, 0x00, 0x00, 0x1d, 0x00, 0x00, 0x00,
  0x01, 0x00, 0x00, 0x00, 0x6e, 0xfd, 0xff, 0xff, 0x14, 0x00, 0x00, 0x00,
  0x00, 0x00, 0x00, 0x01, 0x1c, 0x00, 0x00, 0x00, 0x20, 0x00, 0x00, 0x00,
  0x01, 0x00, 0x00, 0x00, 0x60, 0xfd, 0xff, 0xff, 0x00, 0x00, 0x00, 0x01,
  0x01, 0x00, 0x00, 0x00, 0x01, 0x00, 0x00, 0x00, 0x01, 0x00, 0x00, 0x00,
  0x1d, 0x00, 0x00, 0x00, 0x03, 0x00, 0x00, 0x00, 0x1c, 0x00, 0x00, 0x00,
  0x07, 0x00, 0x00, 0x00, 0x06, 0x00, 0x00, 0x00, 0xae, 0xfd, 0xff, 0xff,
  0x14, 0x00, 0x00, 0x00, 0x00, 0x00, 0x00, 0x05, 0x24, 0x00, 0x00, 0x00,
  0x28, 0x00, 0x00, 0x00, 0x02, 0x00, 0x00, 0x00, 0xfe, 0xfd, 0xff, 0xff,
  0x02, 0x00, 0x00, 0x00, 0x02, 0x00, 0x00, 0x00, 0x02, 0x00, 0x00, 0x00,
  0x02, 0x00, 0x00, 0x00, 0x00, 0x00, 0x00, 0x01, 0x01, 0x00, 0x00, 0x00,
  0x1c, 0x00, 0x00, 0x00, 0x01, 0x00, 0x00, 0x00, 0x1b, 0x00, 0x00, 0x00,
  0xee, 0xfd, 0xff, 0xff, 0x14, 0x00, 0x00, 0x00, 0x00, 0x00, 0x00, 0x01,
  0x1c, 0x00, 0x00, 0x00, 0x20, 0x00, 0x00, 0x00, 0x01, 0x00, 0x00, 0x00,
  0xe0, 0xfd, 0xff, 0xff, 0x00, 0x00, 0x00, 0x01, 0x01, 0x00, 0x00, 0x00,
  0x01, 0x00, 0x00, 0x00, 0x01, 0x00, 0x00, 0x00, 0x1b, 0x00, 0x00, 0x00,
  0x03, 0x00, 0x00, 0x00, 0x1a, 0x00, 0x00, 0x00, 0x09, 0x00, 0x00, 0x00,
  0x08, 0x00, 0x00, 0x00, 0x2e, 0xfe, 0xff, 0xff, 0x14, 0x00, 0x00, 0x00,
  0x00, 0x00, 0x00, 0x05, 0x24, 0x00, 0x00, 0x00, 0x28, 0x00, 0x00, 0x00,
  0x02, 0x00, 0x00, 0x00, 0x7e, 0xfe, 0xff, 0xff, 0x02, 0x00, 0x00, 0x00,
  0x02, 0x00, 0x00, 0x00, 0x02, 0x00, 0x00, 0x00, 0x02, 0x00, 0x00, 0x00,
  0x00, 0x00, 0x00, 0x01, 0x01, 0x00, 0x00, 0x00, 0x1a, 0x00, 0x00, 0x00,
  0x01, 0x00, 0x00, 0x00, 0x19, 0x00, 0x00, 0x00, 0x6e, 0xfe, 0xff, 0xff,
  0x14, 0x00, 0x00, 0x00, 0x00, 0x00, 0x00, 0x01, 0x1c, 0x00, 0x00, 0x00,
  0x20, 0x00, 0x00, 0x00, 0x01, 0x00, 0x00, 0x00, 0x60, 0xfe, 0xff, 0xff,
  0x00, 0x00, 0x00, 0x01, 0x01, 0x00, 0x00, 0x00, 0x01, 0x00, 0x00, 0x00,
  0x01, 0x00, 0x00, 0x00, 0x19, 0x00, 0x00, 0x00, 0x03, 0x00, 0x00, 0x00,
  0x18, 0x00, 0x00, 0x00, 0x0b, 0x00, 0x00, 0x00, 0x0a, 0x00, 0x00, 0x00,
  0xae, 0xfe, 0xff, 0xff, 0x14, 0x00, 0x00, 0x00, 0x00, 0x00, 0x00, 0x05,
  0x24, 0x00, 0x00, 0x00, 0x28, 0x00, 0x00, 0x00, 0x02, 0x00, 0x00, 0x00,
  0xfe, 0xfe, 0xff, 0xff, 0x02, 0x00, 0x00, 0x00, 0x02, 0x00, 0x00, 0x00,
  0x02, 0x00, 0x00, 0x00, 0x02, 0x00, 0x00, 0x00, 0x00, 0x00, 0x00, 0x01,
  0x01, 0x00, 0x00, 0x00, 0x18, 0x00, 0x00, 0x00, 0x01, 0x00, 0x00, 0x00,
  0x17, 0x00, 0x00, 0x00, 0xee, 0xfe, 0xff, 0xff, 0x14, 0x00, 0x00, 0x00,
  0x00, 0x00, 0x00, 0x01, 0x1c, 0x00, 0x00, 0x00, 0x20, 0x00, 0x00, 0x00,
  0x01, 0x00, 0x00, 0x00, 0xe0, 0xfe, 0xff, 0xff, 0x00, 0x00, 0x00, 0x01,
  0x01, 0x00, 0x00, 0x00, 0x01, 0x00, 0x00, 0x00, 0x01, 0x00, 0x00, 0x00,
  0x17, 0x00, 0x00, 0x00, 0x03, 0x00, 0x00, 0x00, 0x16, 0x00, 0x00, 0x00,
  0x0d, 0x00, 0x00, 0x00, 0x0c, 0x00, 0x00, 0x00, 0x2e, 0xff, 0xff, 0xff,
  0x14, 0x00, 0x00, 0x00, 0x00, 0x00, 0x00, 0x05, 0x24, 0x00, 0x00, 0x00,
  0x28, 0x00, 0x00, 0x00, 0x02, 0x00, 0x00, 0x00, 0x7e, 0xff, 0xff, 0xff,
  0x02, 0x00, 0x00, 0x00, 0x02, 0x00, 0x00, 0x00, 0x02, 0x00, 0x00, 0x00,
  0x02, 0x00, 0x00, 0x00, 0x00, 0x00, 0x00, 0x01, 0x01, 0x00, 0x00, 0x00,
  0x16, 0x00, 0x00, 0x00, 0x01, 0x00, 0x00, 0x00, 0x15, 0x00, 0x00, 0x00,
  0x6e, 0xff, 0xff, 0xff, 0x14, 0x00, 0x00, 0x00, 0x00, 0x00, 0x00, 0x01,
  0x1c, 0x00, 0x00, 0x00, 0x20, 0x00, 0x00, 0x00, 0x01, 0x00, 0x00, 0x00,
  0x60, 0xff, 0xff, 0xff, 0x00, 0x00, 0x00, 0x01, 0x01, 0x00, 0x00, 0x00,
  0x01, 0x00, 0x00, 0x00, 0x01, 0x00, 0x00, 0x00, 0x15, 0x00, 0x00, 0x00,
  0x03, 0x00, 0x00, 0x00, 0x14, 0x00, 0x00, 0x00, 0x0f, 0x00, 0x00, 0x00,
  0x0e, 0x00, 0x00, 0x00, 0xae, 0xff, 0xff, 0xff, 0x24, 0x00, 0x00, 0x00,
  0x00, 0x00, 0x00, 0x05, 0x34, 0x00, 0x00, 0x00, 0x38, 0x00, 0x00, 0x00,
  0x02, 0x00, 0x00, 0x00, 0x00, 0x00, 0x0e, 0x00, 0x18, 0x00, 0x17, 0x00,
  0x10, 0x00, 0x0c, 0x00, 0x08, 0x00, 0x04, 0x00, 0x0e, 0x00, 0x00, 0x00,
  0x02, 0x00, 0x00, 0x00, 0x02, 0x00, 0x00, 0x00, 0x02, 0x00, 0x00, 0x00,
  0x02, 0x00, 0x00, 0x00, 0x00, 0x00, 0x00, 0x01, 0x01, 0x00, 0x00, 0x00,
  0x14, 0x00, 0x00, 0x00, 0x01, 0x00, 0x00, 0x00, 0x13, 0x00, 0x00, 0x00,
  0x00, 0x00, 0x0e, 0x00, 0x18, 0x00, 0x14, 0x00, 0x10, 0x00, 0x0c, 0x00,
  0x0b, 0x00, 0x04, 0x00, 0x0e, 0x00, 0x00, 0x00, 0x20, 0x00, 0x00, 0x00,
  0x00, 0x00, 0x00, 0x01, 0x28, 0x00, 0x00, 0x00, 0x2c, 0x00, 0x00, 0x00,
  0x01, 0x00, 0x00, 0x00, 0x0c, 0x00, 0x10, 0x00, 0x00, 0x00, 0x0c, 0x00,
  0x08, 0x00, 0x07, 0x00, 0x0c, 0x00, 0x00, 0x00, 0x00, 0x00, 0x00, 0x01,
  0x01, 0x00, 0x00, 0x00, 0x01, 0x00, 0x00, 0x00, 0x01, 0x00, 0x00, 0x00,
  0x13, 0x00, 0x00, 0x00, 0x03, 0x00, 0x00, 0x00, 0x12, 0x00, 0x00, 0x00,
  0x11, 0x00, 0x00, 0x00, 0x10, 0x00, 0x00, 0x00, 0x00, 0x00, 0x0a, 0x00,
  0x0c, 0x00, 0x00, 0x00, 0x08, 0x00, 0x04, 0x00, 0x0a, 0x00, 0x00, 0x00,
  0x08, 0x00, 0x00, 0x00, 0x0c, 0x00, 0x00, 0x00, 0x01, 0x00, 0x00, 0x00,
  0x12, 0x00, 0x00, 0x00, 0x01, 0x00, 0x00, 0x00, 0x00, 0x00, 0x00, 0x00,
  0x01, 0x00, 0x00, 0x00, 0x21, 0x00, 0x00, 0x00, 0x01, 0x00, 0x00, 0x00,
  0x00, 0x00, 0x00, 0x00, 0x22, 0x00, 0x00, 0x00, 0xc4, 0x27, 0x00, 0x00,
  0x34, 0x27, 0x00, 0x00, 0x98, 0x26, 0x00, 0x00, 0x24, 0x26, 0x00, 0x00,
  0x80, 0x25, 0x00, 0x00, 0xf4, 0x24, 0x00, 0x00, 0x28, 0x22, 0x00, 0x00,
  0xfc, 0x1f, 0x00, 0x00, 0x50, 0x1d, 0x00, 0x00, 0x44, 0x1b, 0x00, 0x00,
  0xc8, 0x18, 0x00, 0x00, 0xec, 0x16, 0x00, 0x00, 0xb8, 0x14, 0x00, 0x00,
  0x24, 0x13, 0x00, 0x00, 0x50, 0x11, 0x00, 0x00, 0x1c, 0x10, 0x00, 0x00,
  0xb0, 0x0e, 0x00, 0x00, 0xe4, 0x0d, 0x00, 0x00, 0x60, 0x0d, 0x00, 0x00,
  0x24, 0x0c, 0x00, 0x00, 0x88, 0x0b, 0x00, 0x00, 0x44, 0x0a, 0x00, 0x00,
  0xa8, 0x09, 0x00, 0x00, 0x64, 0x08, 0x00, 0x00, 0xc8, 0x07, 0x00, 0x00,
  0x84, 0x06, 0x00, 0x00, 0xe8, 0x05, 0x00, 0x00, 0xa4, 0x04, 0x00, 0x00,
  0x08, 0x04, 0x00, 0x00, 0xc4, 0x02, 0x00, 0x00, 0x30, 0x02, 0x00, 0x00,
  0xfc, 0x00, 0x00, 0x00, 0x80, 0x00, 0x00, 0x00, 0x04, 0x00, 0x00, 0x00,
  0xda, 0xd8, 0xff, 0xff, 0x00, 0x00, 0x00, 0x01, 0x18, 0x00, 0x00, 0x00,
  0x20, 0x00, 0x00, 0x00, 0x3c, 0x00, 0x00, 0x00, 0x22, 0x00, 0x00, 0x00,
  0x00, 0x00, 0x00, 0x03, 0x50, 0x00, 0x00, 0x00, 0x02, 0x00, 0x00, 0x00,
  0xff, 0xff, 0xff, 0xff, 0x02, 0x00, 0x00, 0x00, 0xbc, 0xd8, 0xff, 0xff,
  0x08, 0x00, 0x00, 0x00, 0x10, 0x00, 0x00, 0x00, 0x01, 0x00, 0x00, 0x00,
  0x6e, 0x00, 0x00, 0x00, 0x00, 0x00, 0x00, 0x00, 0x01, 0x00, 0x00, 0x00,
  0x33, 0xd6, 0xee, 0x3c, 0x19, 0x00, 0x00, 0x00, 0x53, 0x74, 0x61, 0x74,
  0x65, 0x66, 0x75, 0x6c, 0x50, 0x61, 0x72, 0x74, 0x69, 0x74, 0x69, 0x6f,
  0x6e, 0x65, 0x64, 0x43, 0x61, 0x6c, 0x6c, 0x3a, 0x30, 0x00, 0x00, 0x00,
  0x02, 0x00, 0x00, 0x00, 0x01, 0x00, 0x00, 0x00, 0x02, 0x00, 0x00, 0x00,
  0x52, 0xd9, 0xff, 0xff, 0x00, 0x00, 0x00, 0x01, 0x18, 0x00, 0x00, 0x00,
  0x20, 0x00, 0x00, 0x00, 0x3c, 0x00, 0x00, 0x00, 0x21, 0x00, 0x00, 0x00,
  0x00, 0x00, 0x00, 0x09, 0x50, 0x00, 0x00, 0x00, 0x02, 0x00, 0x00, 0x00,
  0xff, 0xff, 0xff, 0xff, 0x02, 0x00, 0x00, 0x00, 0x34, 0xd9, 0xff, 0xff,
  0x08, 0x00, 0x00, 0x00, 0x10, 0x00, 0x00, 0x00, 0x01, 0x00, 0x00, 0x00,
  0xee, 0xff, 0xff, 0xff, 0xff, 0xff, 0xff, 0xff, 0x01, 0x00, 0x00, 0x00,
  0x33, 0xd6, 0xee, 0x3c, 0x1a, 0x00, 0x00, 0x00, 0x53, 0x74, 0x61, 0x74,
  0x65, 0x66, 0x75, 0x6c, 0x50, 0x61, 0x72, 0x74, 0x69, 0x74, 0x69, 0x6f,
  0x6e, 0x65, 0x64, 0x43, 0x61, 0x6c, 0x6c, 0x3a, 0x30, 0x31, 0x00, 0x00,
  0x02, 0x00, 0x00, 0x00, 0x01, 0x00, 0x00, 0x00, 0x02, 0x00, 0x00, 0x00,
  0xca, 0xd9, 0xff, 0xff, 0x00, 0x00, 0x00, 0x01, 0x18, 0x00, 0x00, 0x00,
  0x20, 0x00, 0x00, 0x00, 0x40, 0x00, 0x00, 0x00, 0x20, 0x00, 0x00, 0x00,
  0x00, 0x00, 0x00, 0x09, 0x08, 0x01, 0x00, 0x00, 0x02, 0x00, 0x00, 0x00,
  0xff, 0xff, 0xff, 0xff, 0x25, 0x00, 0x00, 0x00, 0xac, 0xd9, 0xff, 0xff,
  0x08, 0x00, 0x00, 0x00, 0x14, 0x00, 0x00, 0x00, 0x01, 0x00, 0x00, 0x00,
  0x80, 0xff, 0xff, 0xff, 0xff, 0xff, 0xff, 0xff, 0x00, 0x00, 0x00, 0x00,
  0x01, 0x00, 0x00, 0x00, 0x70, 0x5e, 0xc4, 0x3c, 0xcd, 0x00, 0x00, 0x00,
  0x77, 0x61, 0x6b, 0x65, 0x5f, 0x76, 0x69, 0x73, 0x69, 0x6f, 0x6e, 0x5f,
  0x6d, 0x6f, 0x64, 0x65, 0x6c, 0x2f, 0x64, 0x65, 0x6e, 0x73, 0x65, 0x2f,
  0x4d, 0x61, 0x74, 0x4d, 0x75, 0x6c, 0x3b, 0x77, 0x61, 0x6b, 0x65, 0x5f,
  0x76, 0x69, 0x73, 0x69, 0x6f, 0x6e, 0x5f, 0x6d, 0x6f, 0x64, 0x65, 0x6c,
  0x2f, 0x64, 0x65, 0x6e, 0x73, 0x65, 0x2f, 0x42, 0x69, 0x61, 0x73, 0x41,
  0x64, 0x64, 0x3b, 0x77, 0x61, 0x6b, 0x65, 0x5f, 0x76, 0x69, 0x73, 0x69,
  0x6f, 0x6e, 0x5f, 0x6d, 0x6f, 0x64, 0x65, 0x6c, 0x2f, 0x62, 0x61, 0x74,
  0x63, 0x68, 0x5f, 0x6e, 0x6f, 0x72, 0x6d, 0x61, 0x6c, 0x69, 0x7a, 0x61,
  0x74, 0x69, 0x6f, 0x6e, 0x5f, 0x36, 0x2f, 0x62, 0x61, 0x74, 0x63, 0x68,
  0x6e, 0x6f, 0x72, 0x6d, 0x2f, 0x6d, 0x75, 0x6c, 0x5f, 0x31, 0x3b, 0x77,
  0x61, 0x6b, 0x65, 0x5f, 0x76, 0x69, 0x73, 0x69, 0x6f, 0x6e, 0x5f, 0x6d,
  0x6f, 0x64, 0x65, 0x6c, 0x2f, 0x72, 0x65, 0x5f, 0x6c, 0x75, 0x5f, 0x36,
  0x2f, 0x52, 0x65, 0x6c, 0x75, 0x3b, 0x77, 0x61, 0x6b, 0x65, 0x5f, 0x76,
  0x69, 0x73, 0x69, 0x6f, 0x6e, 0x5f, 0x6d, 0x6f, 0x64, 0x65, 0x6c, 0x2f,
  0x62, 0x61, 0x74, 0x63, 0x68, 0x5f, 0x6e, 0x6f, 0x72, 0x6d, 0x61, 0x6c,
  0x69, 0x7a, 0x61, 0x74, 0x69, 0x6f, 0x6e, 0x5f, 0x36, 0x2f, 0x62, 0x61,
  0x74, 0x63, 0x68, 0x6e, 0x6f, 0x72, 0x6d, 0x2f, 0x61, 0x64, 0x64, 0x5f,
  0x31, 0x00, 0x00, 0x00, 0x02, 0x00, 0x00, 0x00, 0x01, 0x00, 0x00, 0x00,
  0x25, 0x00, 0x00, 0x00, 0xfa, 0xda, 0xff, 0xff, 0x00, 0x00, 0x00, 0x01,
  0x18, 0x00, 0x00, 0x00, 0x20, 0x00, 0x00, 0x00, 0x40, 0x00, 0x00, 0x00,
  0x1f, 0x00, 0x00, 0x00, 0x00, 0x00, 0x00, 0x09, 0x68, 0x00, 0x00, 0x00,
  0x02, 0x00, 0x00, 0x00, 0xff, 0xff, 0xff, 0xff, 0x25, 0x00, 0x00, 0x00,
  0xdc, 0xda, 0xff, 0xff, 0x08, 0x00, 0x00, 0x00, 0x14, 0x00, 0x00, 0x00,
  0x01, 0x00, 0x00, 0x00, 0x80, 0xff, 0xff, 0xff, 0xff, 0xff, 0xff, 0xff,
  0x00, 0x00, 0x00, 0x00, 0x01, 0x00, 0x00, 0x00, 0x35, 0x1b, 0x9a, 0x3c,
  0x2f, 0x00, 0x00, 0x00, 0x77, 0x61, 0x6b, 0x65, 0x5f, 0x76, 0x69, 0x73,
  0x69, 0x6f, 0x6e, 0x5f, 0x6d, 0x6f, 0x64, 0x65, 0x6c, 0x2f, 0x67, 0x6c,
  0x6f, 0x62, 0x61, 0x6c, 0x5f, 0x61, 0x76, 0x65, 0x72, 0x61, 0x67, 0x65,
  0x5f, 0x70, 0x6f, 0x6f, 0x6c, 0x69, 0x6e, 0x67, 0x32, 0x64, 0x2f, 0x4d,
  0x65, 0x61, 0x6e, 0x00, 0x02, 0x00, 0x00, 0x00, 0x01, 0x00, 0x00, 0x00,
  0x25, 0x00, 0x00, 0x00, 0x8a, 0xdb, 0xff, 0xff, 0x00, 0x00, 0x00, 0x01,
  0x18, 0x00, 0x00, 0x00, 0x28, 0x00, 0x00, 0x00, 0x48, 0x00, 0x00, 0x00,
  0x1e, 0x00, 0x00, 0x00, 0x00, 0x00, 0x00, 0x09, 0x10, 0x01, 0x00, 0x00,
  0x04, 0x00, 0x00, 0x00, 0xff, 0xff, 0xff, 0xff, 0x03, 0x00, 0x00, 0x00,
  0x03, 0x00, 0x00, 0x00, 0x25, 0x00, 0x00, 0x00, 0x74, 0xdb, 0xff, 0xff,
  0x08, 0x00, 0x00, 0x00, 0x14, 0x00, 0x00, 0x00, 0x01, 0x00, 0x00, 0x00,
  0x80, 0xff, 0xff, 0xff, 0xff, 0xff, 0xff, 0xff, 0x00, 0x00, 0x00, 0x00,
  0x01, 0x00, 0x00, 0x00, 0x8b, 0x84, 0x2a, 0x3d, 0xcf, 0x00, 0x00, 0x00,
  0x77, 0x61, 0x6b, 0x65, 0x5f, 0x76, 0x69, 0x73, 0x69, 0x6f, 0x6e, 0x5f,
  0x6d, 0x6f, 0x64, 0x65, 0x6c, 0x2f, 0x72, 0x65, 0x5f, 0x6c, 0x75, 0x5f,
  0x35, 0x2f, 0x52, 0x65, 0x6c, 0x75, 0x3b, 0x77, 0x61, 0x6b, 0x65, 0x5f,
  0x76, 0x69, 0x73, 0x69, 0x6f, 0x6e, 0x5f, 0x6d, 0x6f, 0x64, 0x65, 0x6c,
  0x2f, 0x62, 0x61, 0x74, 0x63, 0x68, 0x5f, 0x6e, 0x6f, 0x72, 0x6d, 0x61,
  0x6c, 0x69, 0x7a, 0x61, 0x74, 0x69, 0x6f, 0x6e, 0x5f, 0x35, 0x2f, 0x46,
  0x75, 0x73, 0x65, 0x64, 0x42, 0x61, 0x74, 0x63, 0x68, 0x4e, 0x6f, 0x72,
  0x6d, 0x56, 0x33, 0x3b, 0x77, 0x61, 0x6b, 0x65, 0x5f, 0x76, 0x69, 0x73,
  0x69, 0x6f, 0x6e, 0x5f, 0x6d, 0x6f, 0x64, 0x65, 0x6c, 0x2f, 0x63, 0x6f,
  0x6e, 0x76, 0x32, 0x64, 0x5f, 0x35, 0x2f, 0x42, 0x69, 0x61, 0x73, 0x41,
  0x64, 0x64, 0x2f, 0x52, 0x65, 0x61, 0x64, 0x56, 0x61, 0x72, 0x69, 0x61,
  0x62, 0x6c, 0x65, 0x4f, 0x70, 0x3b, 0x77, 0x61, 0x6b, 0x65, 0x5f, 0x76,
  0x69, 0x73, 0x69, 0x6f, 0x6e, 0x5f, 0x6d, 0x6f, 0x64, 0x65, 0x6c, 0x2f,
  0x63, 0x6f, 0x6e, 0x76, 0x32, 0x64, 0x5f, 0x35, 0x2f, 0x42, 0x69, 0x61,
  0x73, 0x41, 0x64, 0x64, 0x3b, 0x77, 0x61, 0x6b, 0x65, 0x5f, 0x76, 0x69,
  0x73, 0x69, 0x6f, 0x6e, 0x5f, 0x6d, 0x6f, 0x64, 0x65, 0x6c, 0x2f, 0x63,
  0x6f, 0x6e, 0x76, 0x32, 0x64, 0x5f, 0x35, 0x2f, 0x43, 0x6f, 0x6e, 0x76,
  0x32, 0x44, 0x31, 0x00, 0x04, 0x00, 0x00, 0x00, 0x01, 0x00, 0x00, 0x00,
  0x03, 0x00, 0x00, 0x00, 0x03, 0x00, 0x00, 0x00, 0x25, 0x00, 0x00, 0x00,
  0xca, 0xdc, 0xff, 0xff, 0x00, 0x00, 0x00, 0x01, 0x18, 0x00, 0x00, 0x00,
  0x28, 0x00, 0x00, 0x00, 0x44, 0x00, 0x00, 0x00, 0x1d, 0x00, 0x00, 0x00,
  0x00, 0x00, 0x00, 0x09, 0x68, 0x00, 0x00, 0x00, 0x04, 0x00, 0x00, 0x00,
  0xff, 0xff, 0xff, 0xff, 0x03, 0x00, 0x00, 0x00, 0x03, 0x00, 0x00, 0x00,
  0x22, 0x00, 0x00, 0x00, 0xb4, 0xdc, 0xff, 0xff, 0x08, 0x00, 0x00, 0x00,
  0x10, 0x00, 0x00, 0x00, 0x01, 0x00, 0x00, 0x00, 0x80, 0xff, 0xff, 0xff,
  0xff, 0xff, 0xff, 0xff, 0x01, 0x00, 0x00, 0x00, 0x60, 0x30, 0x18, 0x3d,
  0x29, 0x00, 0x00, 0x00, 0x77, 0x61, 0x6b, 0x65, 0x5f, 0x76, 0x69, 0x73,
  0x69, 0x6f, 0x6e, 0x5f, 0x6d, 0x6f, 0x64, 0x65, 0x6c, 0x2f, 0x6d, 0x61,
  0x78, 0x5f, 0x70, 0x6f, 0x6f, 0x6c, 0x69, 0x6e, 0x67, 0x32, 0x64, 0x5f,
  0x34, 0x2f, 0x4d, 0x61, 0x78, 0x50, 0x6f, 0x6f, 0x6c, 0x00, 0x00, 0x00,
  0x04, 0x00, 0x00, 0x00, 0x01, 0x00, 0x00, 0x00, 0x03, 0x00, 0x00, 0x00,
  0x03, 0x00, 0x00, 0x00, 0x22, 0x00, 0x00, 0x00, 0x62, 0xdd, 0xff, 0xff,
  0x00, 0x00, 0x00, 0x01, 0x18, 0x00, 0x00, 0x00, 0x28, 0x00, 0x00, 0x00,
  0x48, 0x00, 0x00, 0x00, 0x1c, 0x00, 0x00, 0x00, 0x00, 0x00, 0x00, 0x09,
  0x10, 0x01, 0x00, 0x00, 0x04, 0x00, 0x00, 0x00, 0xff, 0xff, 0xff, 0xff,
  0x06, 0x00, 0x00, 0x00, 0x06, 0x00, 0x00, 0x00, 0x22, 0x00, 0x00, 0x00,
  0x4c, 0xdd, 0xff, 0xff, 0x08, 0x00, 0x00, 0x00, 0x14, 0x00, 0x00, 0x00,
  0x01, 0x00, 0x00, 0x00, 0x80, 0xff, 0xff, 0xff, 0xff, 0xff, 0xff, 0xff,
  0x00, 0x00, 0x00, 0x00, 0x01, 0x00, 0x00, 0x00, 0x60, 0x30, 0x18, 0x3d,
  0xcf, 0x00, 0x00, 0x00, 0x77, 0x61, 0x6b, 0x65, 0x5f, 0x76, 0x69, 0x73,
  0x69, 0x6f, 0x6e, 0x5f, 0x6d, 0x6f, 0x64, 0x65, 0x6c, 0x2f, 0x72, 0x65,
  0x5f, 0x6c, 0x75, 0x5f, 0x34, 0x2f, 0x52, 0x65, 0x6c, 0x75, 0x3b, 0x77,
  0x61, 0x6b, 0x65, 0x5f, 0x76, 0x69, 0x73, 0x69, 0x6f, 0x6e, 0x5f, 0x6d,
  0x6f, 0x64, 0x65, 0x6c, 0x2f, 0x62, 0x61, 0x74, 0x63, 0x68, 0x5f, 0x6e,
  0x6f, 0x72, 0x6d, 0x61, 0x6c, 0x69, 0x7a, 0x61, 0x74, 0x69, 0x6f, 0x6e,
  0x5f, 0x34, 0x2f, 0x46, 0x75, 0x73, 0x65, 0x64, 0x42, 0x61, 0x74, 0x63,
  0x68, 0x4e, 0x6f, 0x72, 0x6d, 0x56, 0x33, 0x3b, 0x77, 0x61, 0x6b, 0x65,
  0x5f, 0x76, 0x69, 0x73, 0x69, 0x6f, 0x6e, 0x5f, 0x6d, 0x6f, 0x64, 0x65,
  0x6c, 0x2f, 0x63, 0x6f, 0x6e, 0x76, 0x32, 0x64, 0x5f, 0x34, 0x2f, 0x42,
  0x69, 0x61, 0x73, 0x41, 0x64, 0x64, 0x2f, 0x52, 0x65, 0x61, 0x64, 0x56,
  0x61, 0x72, 0x69, 0x61, 0x62, 0x6c, 0x65, 0x4f, 0x70, 0x3b, 0x77, 0x61,
  0x6b, 0x65, 0x5f, 0x76, 0x69, 0x73, 0x69, 0x6f, 0x6e, 0x5f, 0x6d, 0x6f,
  0x64, 0x65, 0x6c, 0x2f, 0x63, 0x6f, 0x6e, 0x76, 0x32, 0x64, 0x5f, 0x34,
  0x2f, 0x42, 0x69, 0x61, 0x73, 0x41, 0x64, 0x64, 0x3b, 0x77, 0x61, 0x6b,
  0x65, 0x5f, 0x76, 0x69, 0x73, 0x69, 0x6f, 0x6e, 0x5f, 0x6d, 0x6f, 0x64,
  0x65, 0x6c, 0x2f, 0x63, 0x6f, 0x6e, 0x76, 0x32, 0x64, 0x5f, 0x34, 0x2f,
  0x43, 0x6f, 0x6e, 0x76, 0x32, 0x44, 0x31, 0x00, 0x04, 0x00, 0x00, 0x00,
  0x01, 0x00, 0x00, 0x00, 0x06, 0x00, 0x00, 0x00, 0x06, 0x00, 0x00, 0x00,
  0x22, 0x00, 0x00, 0x00, 0xa2, 0xde, 0xff, 0xff, 0x00, 0x00, 0x00, 0x01,
  0x18, 0x00, 0x00, 0x00, 0x28, 0x00, 0x00, 0x00, 0x44, 0x00, 0x00, 0x00,
  0x1b, 0x00, 0x00, 0x00, 0x00, 0x00, 0x00, 0x09, 0x68, 0x00, 0x00, 0x00,
  0x04, 0x00, 0x00, 0x00, 0xff, 0xff, 0xff, 0xff, 0x06, 0x00, 0x00, 0x00,
  0x06, 0x00, 0x00, 0x00, 0x1e, 0x00, 0x00, 0x00, 0x8c, 0xde, 0xff, 0xff,
  0x08, 0x00, 0x00, 0x00, 0x10, 0x00, 0x00, 0x00, 0x01, 0x00, 0x00, 0x00,
  0x80, 0xff, 0xff, 0xff, 0xff, 0xff, 0xff, 0xff, 0x01, 0x00, 0x00, 0x00,
  0x36, 0x63, 0x78, 0x3d, 0x29, 0x00, 0x00, 0x00, 0x77, 0x61, 0x6b, 0x65,
  0x5f, 0x76, 0x69, 0x73, 0x69, 0x6f, 0x6e, 0x5f, 0x6d, 0x6f, 0x64, 0x65,
  0x6c, 0x2f, 0x6d, 0x61, 0x78, 0x5f, 0x70, 0x6f, 0x6f, 0x6c, 0x69, 0x6e,
  0x67, 0x32, 0x64, 0x5f, 0x33, 0x2f, 0x4d, 0x61, 0x78, 0x50, 0x6f, 0x6f,
  0x6c, 0x00, 0x00, 0x00, 0x04, 0x00, 0x00, 0x00, 0x01, 0x00, 0x00, 0x00,
  0x06, 0x00, 0x00, 0x00, 0x06, 0x00, 0x00, 0x00, 0x1e, 0x00, 0x00, 0x00,
  0x3a, 0xdf, 0xff, 0xff, 0x00, 0x00, 0x00, 0x01, 0x18, 0x00, 0x00, 0x00,
  0x28, 0x00, 0x00, 0x00, 0x48, 0x00, 0x00, 0x00, 0x1a, 0x00, 0x00, 0x00,
  0x00, 0x00, 0x00, 0x09, 0x10, 0x01, 0x00, 0x00, 0x04, 0x00, 0x00, 0x00,
  0xff, 0xff, 0xff, 0xff, 0x0c, 0x00, 0x00, 0x00, 0x0c, 0x00, 0x00, 0x00,
  0x1e, 0x00, 0x00, 0x00, 0x24, 0xdf, 0xff, 0xff, 0x08, 0x00, 0x00, 0x00,
  0x14, 0x00, 0x00, 0x00, 0x01, 0x00, 0x00, 0x00, 0x80, 0xff, 0xff, 0xff,
  0xff, 0xff, 0xff, 0xff, 0x00, 0x00, 0x00, 0x00, 0x01, 0x00, 0x00, 0x00,
  0x36, 0x63, 0x78, 0x3d, 0xcf, 0x00, 0x00, 0x00, 0x77, 0x61, 0x6b, 0x65,
  0x5f, 0x76, 0x69, 0x73, 0x69, 0x6f, 0x6e, 0x5f, 0x6d, 0x6f, 0x64, 0x65,
  0x6c, 0x2f, 0x72, 0x65, 0x5f, 0x6c, 0x75, 0x5f, 0x33, 0x2f, 0x52, 0x65,
  0x6c, 0x75, 0x3b, 0x77, 0x61, 0x6b, 0x65, 0x5f, 0x76, 0x69, 0x73, 0x69,
  0x6f, 0x6e, 0x5f, 0x6d, 0x6f, 0x64, 0x65, 0x6c, 0x2f, 0x62, 0x61, 0x74,
  0x63, 0x68, 0x5f, 0x6e, 0x6f, 0x72, 0x6d, 0x61, 0x6c, 0x69, 0x7a, 0x61,
  0x74, 0x69, 0x6f, 0x6e, 0x5f, 0x33, 0x2f, 0x46, 0x75, 0x73, 0x65, 0x64,
  0x42, 0x61, 0x74, 0x63, 0x68, 0x4e, 0x6f, 0x72, 0x6d, 0x56, 0x33, 0x3b,
  0x77, 0x61, 0x6b, 0x65, 0x5f, 0x76, 0x69, 0x73, 0x69, 0x6f, 0x6e, 0x5f,
  0x6d, 0x6f, 0x64, 0x65, 0x6c, 0x2f, 0x63, 0x6f, 0x6e, 0x76, 0x32, 0x64,
  0x5f, 0x33, 0x2f, 0x42, 0x69, 0x61, 0x73, 0x41, 0x64, 0x64, 0x2f, 0x52,
  0x65, 0x61, 0x64, 0x56, 0x61, 0x72, 0x69, 0x61, 0x62, 0x6c, 0x65, 0x4f,
  0x70, 0x3b, 0x77, 0x61, 0x6b, 0x65, 0x5f, 0x76, 0x69, 0x73, 0x69, 0x6f,
  0x6e, 0x5f, 0x6d, 0x6f, 0x64, 0x65, 0x6c, 0x2f, 0x63, 0x6f, 0x6e, 0x76,
  0x32, 0x64, 0x5f, 0x33, 0x2f, 0x42, 0x69, 0x61, 0x73, 0x41, 0x64, 0x64,
  0x3b, 0x77, 0x61, 0x6b, 0x65, 0x5f, 0x76, 0x69, 0x73, 0x69, 0x6f, 0x6e,
  0x5f, 0x6d, 0x6f, 0x64, 0x65, 0x6c, 0x2f, 0x63, 0x6f, 0x6e, 0x76, 0x32,
  0x64, 0x5f, 0x33, 0x2f, 0x43, 0x6f, 0x6e, 0x76, 0x32, 0x44, 0x31, 0x00,
  0x04, 0x00, 0x00, 0x00, 0x01, 0x00, 0x00, 0x00, 0x0c, 0x00, 0x00, 0x00,
  0x0c, 0x00, 0x00, 0x00, 0x1e, 0x00, 0x00, 0x00, 0x7a, 0xe0, 0xff, 0xff,
  0x00, 0x00, 0x00, 0x01, 0x18, 0x00, 0x00, 0x00, 0x28, 0x00, 0x00, 0x00,
  0x44, 0x00, 0x00, 0x00, 0x19, 0x00, 0x00, 0x00, 0x00, 0x00, 0x00, 0x09,
  0x68, 0x00, 0x00, 0x00, 0x04, 0x00, 0x00, 0x00, 0xff, 0xff, 0xff, 0xff,
  0x0c, 0x00, 0x00, 0x00, 0x0c, 0x00, 0x00, 0x00, 0x18, 0x00, 0x00, 0x00,
  0x64, 0xe0, 0xff, 0xff, 0x08, 0x00, 0x00, 0x00, 0x10, 0x00, 0x00, 0x00,
  0x01, 0x00, 0x00, 0x00, 0x80, 0xff, 0xff, 0xff, 0xff, 0xff, 0xff, 0xff,
  0x01, 0x00, 0x00, 0x00, 0x8c, 0x2f, 0x86, 0x3d, 0x29, 0x00, 0x00, 0x00,
  0x77, 0x61, 0x6b, 0x65, 0x5f, 0x76, 0x69, 0x73, 0x69, 0x6f, 0x6e, 0x5f,
  0x6d, 0x6f, 0x64, 0x65, 0x6c, 0x2f, 0x6d, 0x61, 0x78, 0x5f, 0x70, 0x6f,
  0x6f, 0x6c, 0x69, 0x6e, 0x67, 0x32, 0x64, 0x5f, 0x32, 0x2f, 0x4d, 0x61,
  0x78, 0x50, 0x6f, 0x6f, 0x6c, 0x00, 0x00, 0x00, 0x04, 0x00, 0x00, 0x00,
  0x01, 0x00, 0x00, 0x00, 0x0c, 0x00, 0x00, 0x00, 0x0c, 0x00, 0x00, 0x00,
  0x18, 0x00, 0x00, 0x00, 0x12, 0xe1, 0xff, 0xff, 0x00, 0x00, 0x00, 0x01,
  0x18, 0x00, 0x00, 0x00, 0x28, 0x00, 0x00, 0x00, 0x48, 0x00, 0x00, 0x00,
  0x18, 0x00, 0x00, 0x00, 0x00, 0x00, 0x00, 0x09, 0x10, 0x01, 0x00, 0x00,
  0x04, 0x00, 0x00, 0x00, 0xff, 0xff, 0xff, 0xff, 0x18, 0x00, 0x00, 0x00,
  0x18, 0x00, 0x00, 0x00, 0x18, 0x00, 0x00, 0x00, 0xfc, 0xe0, 0xff, 0xff,
  0x08, 0x00, 0x00, 0x00, 0x14, 0x00, 0x00, 0x00, 0x01, 0x00, 0x00, 0x00,
  0x80, 0xff, 0xff, 0xff, 0xff, 0xff, 0xff, 0xff, 0x00, 0x00, 0x00, 0x00,
  0x01, 0x00, 0x00, 0x00, 0x8c, 0x2f, 0x86, 0x3d, 0xcf, 0x00, 0x00, 0x00,
  0x77, 0x61, 0x6b, 0x65, 0x5f, 0x76, 0x69, 0x73, 0x69, 0x6f, 0x6e, 0x5f,
  0x6d, 0x6f, 0x64, 0x65, 0x6c, 0x2f, 0x72, 0x65, 0x5f, 0x6c, 0x75, 0x5f,
  0x32, 0x2f, 0x52, 0x65, 0x6c, 0x75, 0x3b, 0x77, 0x61, 0x6b, 0x65, 0x5f,
  0x76, 0x69, 0x73, 0x69, 0x6f, 0x6e, 0x5f, 0x6d, 0x6f, 0x64, 0x65, 0x6c,
  0x2f, 0x62, 0x61, 0x74, 0x63, 0x68, 0x5f, 0x6e, 0x6f, 0x72, 0x6d, 0x61,
  0x6c, 0x69, 0x7a, 0x61, 0x74, 0x69, 0x6f, 0x6e, 0x5f, 0x32, 0x2f, 0x46,
  0x75, 0x73, 0x65, 0x64, 0x42, 0x61, 0x74, 0x63, 0x68, 0x4e, 0x6f, 0x72,
  0x6d, 0x56, 0x33, 0x3b, 0x77, 0x61, 0x6b, 0x65, 0x5f, 0x76, 0x69, 0x73,
  0x69, 0x6f, 0x6e, 0x5f, 0x6d, 0x6f, 0x64, 0x65, 0x6c, 0x2f, 0x63, 0x6f,
  0x6e, 0x76, 0x32, 0x64, 0x5f, 0x32, 0x2f, 0x42, 0x69, 0x61, 0x73, 0x41,
  0x64, 0x64, 0x2f, 0x52, 0x65, 0x61, 0x64, 0x56, 0x61, 0x72, 0x69, 0x61,
  0x62, 0x6c, 0x65, 0x4f, 0x70, 0x3b, 0x77, 0x61, 0x6b, 0x65, 0x5f, 0x76,
  0x69, 0x73, 0x69, 0x6f, 0x6e, 0x5f, 0x6d, 0x6f, 0x64, 0x65, 0x6c, 0x2f,
  0x63, 0x6f, 0x6e, 0x76, 0x32, 0x64, 0x5f, 0x32, 0x2f, 0x42, 0x69, 0x61,
  0x73, 0x41, 0x64, 0x64, 0x3b, 0x77, 0x61, 0x6b, 0x65, 0x5f, 0x76, 0x69,
  0x73, 0x69, 0x6f, 0x6e, 0x5f, 0x6d, 0x6f, 0x64, 0x65, 0x6c, 0x2f, 0x63,
  0x6f, 0x6e, 0x76, 0x32, 0x64, 0x5f, 0x32, 0x2f, 0x43, 0x6f, 0x6e, 0x76,
  0x32, 0x44, 0x31, 0x00, 0x04, 0x00, 0x00, 0x00, 0x01, 0x00, 0x00, 0x00,
  0x18, 0x00, 0x00, 0x00, 0x18, 0x00, 0x00, 0x00, 0x18, 0x00, 0x00, 0x00,
  0x52, 0xe2, 0xff, 0xff, 0x00, 0x00, 0x00, 0x01, 0x18, 0x00, 0x00, 0x00,
  0x28, 0x00, 0x00, 0x00, 0x44, 0x00, 0x00, 0x00, 0x17, 0x00, 0x00, 0x00,
  0x00, 0x00, 0x00, 0x09, 0x68, 0x00, 0x00, 0x00, 0x04, 0x00, 0x00, 0x00,
  0xff, 0xff, 0xff, 0xff, 0x18, 0x00, 0x00, 0x00, 0x18, 0x00, 0x00, 0x00,
  0x10, 0x00, 0x00, 0x00, 0x3c, 0xe2, 0xff, 0xff, 0x08, 0x00, 0x00, 0x00,
  0x10, 0x00, 0x00, 0x00, 0x01, 0x00, 0x00, 0x00, 0x80, 0xff, 0xff, 0xff,
  0xff, 0xff, 0xff, 0xff, 0x01, 0x00, 0x00, 0x00, 0xd7, 0xa8, 0xaf, 0x3d,
  0x29, 0x00, 0x00, 0x00, 0x77, 0x61, 0x6b, 0x65, 0x5f, 0x76, 0x69, 0x73,
  0x69, 0x6f, 0x6e, 0x5f, 0x6d, 0x6f, 0x64, 0x65, 0x6c, 0x2f, 0x6d, 0x61,
  0x78, 0x5f, 0x70, 0x6f, 0x6f, 0x6c, 0x69, 0x6e, 0x67, 0x32, 0x64, 0x5f,
  0x31, 0x2f, 0x4d, 0x61, 0x78, 0x50, 0x6f, 0x6f, 0x6c, 0x00, 0x00, 0x00,
  0x04, 0x00, 0x00, 0x00, 0x01, 0x00, 0x00, 0x00, 0x18, 0x00, 0x00, 0x00,
  0x18, 0x00, 0x00, 0x00, 0x10, 0x00, 0x00, 0x00, 0xea, 0xe2, 0xff, 0xff,
  0x00, 0x00, 0x00, 0x01, 0x18, 0x00, 0x00, 0x00, 0x28, 0x00, 0x00, 0x00,
  0x48, 0x00, 0x00, 0x00, 0x16, 0x00, 0x00, 0x00, 0x00, 0x00, 0x00, 0x09,
  0x10, 0x01, 0x00, 0x00, 0x04, 0x00, 0x00, 0x00, 0xff, 0xff, 0xff, 0xff,
  0x30, 0x00, 0x00, 0x00, 0x30, 0x00, 0x00, 0x00, 0x10, 0x00, 0x00, 0x00,
  0xd4, 0xe2, 0xff, 0xff, 0x08, 0x00, 0x00, 0x00, 0x14, 0x00, 0x00, 0x00,
  0x01, 0x00, 0x00, 0x00, 0x80, 0xff, 0xff, 0xff, 0xff, 0xff, 0xff, 0xff,
  0x00, 0x00, 0x00, 0x00, 0x01, 0x00, 0x00, 0x00, 0xd7, 0xa8, 0xaf, 0x3d,
  0xcf, 0x00, 0x00, 0x00, 0x77, 0x61, 0x6b, 0x65, 0x5f, 0x76, 0x69, 0x73,
  0x69, 0x6f, 0x6e, 0x5f, 0x6d, 0x6f, 0x64, 0x65, 0x6c, 0x2f, 0x72, 0x65,
  0x5f, 0x6c, 0x75, 0x5f, 0x31, 0x2f, 0x52, 0x65, 0x6c, 0x75, 0x3b, 0x77,
  0x61, 0x6b, 0x65, 0x5f, 0x76, 0x69, 0x73, 0x69, 0x6f, 0x6e, 0x5f, 0x6d,
  0x6f, 0x64, 0x65, 0x6c, 0x2f, 0x62, 0x61, 0x74, 0x63, 0x68, 0x5f, 0x6e,
  0x6f, 0x72, 0x6d, 0x61, 0x6c, 0x69, 0x7a, 0x61, 0x74, 0x69, 0x6f, 0x6e,
  0x5f, 0x31, 0x2f, 0x46, 0x75, 0x73, 0x65, 0x64, 0x42, 0x61, 0x74, 0x63,
  0x68, 0x4e, 0x6f, 0x72, 0x6d, 0x56, 0x33, 0x3b, 0x77, 0x61, 0x6b, 0x65,
  0x5f, 0x76, 0x69, 0x73, 0x69, 0x6f, 0x6e, 0x5f, 0x6d, 0x6f, 0x64, 0x65,
  0x6c, 0x2f, 0x63, 0x6f, 0x6e, 0x76, 0x32, 0x64, 0x5f, 0x31, 0x2f, 0x42,
  0x69, 0x61, 0x73, 0x41, 0x64, 0x64, 0x2f, 0x52, 0x65, 0x61, 0x64, 0x56,
  0x61, 0x72, 0x69, 0x61, 0x62, 0x6c, 0x65, 0x4f, 0x70, 0x3b, 0x77, 0x61,
  0x6b, 0x65, 0x5f, 0x76, 0x69, 0x73, 0x69, 0x6f, 0x6e, 0x5f, 0x6d, 0x6f,
  0x64, 0x65, 0x6c, 0x2f, 0x63, 0x6f, 0x6e, 0x76, 0x32, 0x64, 0x5f, 0x31,
  0x2f, 0x42, 0x69, 0x61, 0x73, 0x41, 0x64, 0x64, 0x3b, 0x77, 0x61, 0x6b,
  0x65, 0x5f, 0x76, 0x69, 0x73, 0x69, 0x6f, 0x6e, 0x5f, 0x6d, 0x6f, 0x64,
  0x65, 0x6c, 0x2f, 0x63, 0x6f, 0x6e, 0x76, 0x32, 0x64, 0x5f, 0x31, 0x2f,
  0x43, 0x6f, 0x6e, 0x76, 0x32, 0x44, 0x31, 0x00, 0x04, 0x00, 0x00, 0x00,
  0x01, 0x00, 0x00, 0x00, 0x30, 0x00, 0x00, 0x00, 0x30, 0x00, 0x00, 0x00,
  0x10, 0x00, 0x00, 0x00, 0x2a, 0xe4, 0xff, 0xff, 0x00, 0x00, 0x00, 0x01,
  0x18, 0x00, 0x00, 0x00, 0x28, 0x00, 0x00, 0x00, 0x48, 0x00, 0x00, 0x00,
  0x15, 0x00, 0x00, 0x00, 0x00, 0x00, 0x00, 0x09, 0x68, 0x00, 0x00, 0x00,
  0x04, 0x00, 0x00, 0x00, 0xff, 0xff, 0xff, 0xff, 0x30, 0x00, 0x00, 0x00,
  0x30, 0x00, 0x00, 0x00, 0x08, 0x00, 0x00, 0x00, 0x14, 0xe4, 0xff, 0xff,
  0x08, 0x00, 0x00, 0x00, 0x14, 0x00, 0x00, 0x00, 0x01, 0x00, 0x00, 0x00,
  0x80, 0xff, 0xff, 0xff, 0xff, 0xff, 0xff, 0xff, 0x00, 0x00, 0x00, 0x00,
  0x01, 0x00, 0x00, 0x00, 0x9c, 0x75, 0x59, 0x3d, 0x27, 0x00, 0x00, 0x00,
  0x77, 0x61, 0x6b, 0x65, 0x5f, 0x76, 0x69, 0x73, 0x69, 0x6f, 0x6e, 0x5f,
  0x6d, 0x6f, 0x64, 0x65, 0x6c, 0x2f, 0x6d, 0x61, 0x78, 0x5f, 0x70, 0x6f,
  0x6f, 0x6c, 0x69, 0x6e, 0x67, 0x32, 0x64, 0x2f, 0x4d, 0x61, 0x78, 0x50,
  0x6f, 0x6f, 0x6c, 0x00, 0x04, 0x00, 0x00, 0x00, 0x01, 0x00, 0x00, 0x00,
  0x30, 0x00, 0x00, 0x00, 0x30, 0x00, 0x00, 0x00, 0x08, 0x00, 0x00, 0x00,
  0xc2, 0xe4, 0xff, 0xff, 0x00, 0x00, 0x00, 0x01, 0x18, 0x00, 0x00, 0x00,
  0x28, 0x00, 0x00, 0x00, 0x48, 0x00, 0x00, 0x00, 0x14, 0x00, 0x00, 0x00,
  0x00, 0x00, 0x00, 0x09, 0x08, 0x01, 0x00, 0x00, 0x04, 0x00, 0x00, 0x00,
  0xff, 0xff, 0xff, 0xff, 0x60, 0x00, 0x00, 0x00, 0x60, 0x00, 0x00, 0x00,
  0x08, 0x00, 0x00, 0x00, 0xac, 0xe4, 0xff, 0xff, 0x08, 0x00, 0x00, 0x00,
  0x14, 0x00, 0x00, 0x00, 0x01, 0x00, 0x00, 0x00, 0x80, 0xff, 0xff, 0xff,
  0xff, 0xff, 0xff, 0xff, 0x00, 0x00, 0x00, 0x00, 0x01, 0x00, 0x00, 0x00,
  0x9c, 0x75, 0x59, 0x3d, 0xc5, 0x00, 0x00, 0x00, 0x77, 0x61, 0x6b, 0x65,
  0x5f, 0x76, 0x69, 0x73, 0x69, 0x6f, 0x6e, 0x5f, 0x6d, 0x6f, 0x64, 0x65,
  0x6c, 0x2f, 0x72, 0x65, 0x5f, 0x6c, 0x75, 0x2f, 0x52, 0x65, 0x6c, 0x75,
  0x3b, 0x77, 0x61, 0x6b, 0x65, 0x5f, 0x76, 0x69, 0x73, 0x69, 0x6f, 0x6e,
  0x5f, 0x6d, 0x6f, 0x64, 0x65, 0x6c, 0x2f, 0x62, 0x61, 0x74, 0x63, 0x68,
  0x5f, 0x6e, 0x6f, 0x72, 0x6d, 0x61, 0x6c, 0x69, 0x7a, 0x61, 0x74, 0x69,
  0x6f, 0x6e, 0x2f, 0x46, 0x75, 0x73, 0x65, 0x64, 0x42, 0x61, 0x74, 0x63,
  0x68, 0x4e, 0x6f, 0x72, 0x6d, 0x56, 0x33, 0x3b, 0x77, 0x61, 0x6b, 0x65,
  0x5f, 0x76, 0x69, 0x73, 0x69, 0x6f, 0x6e, 0x5f, 0x6d, 0x6f, 0x64, 0x65,
  0x6c, 0x2f, 0x63, 0x6f, 0x6e, 0x76, 0x32, 0x64, 0x2f, 0x42, 0x69, 0x61,
  0x73, 0x41, 0x64, 0x64, 0x2f, 0x52, 0x65, 0x61, 0x64, 0x56, 0x61, 0x72,
  0x69, 0x61, 0x62, 0x6c, 0x65, 0x4f, 0x70, 0x3b, 0x77, 0x61, 0x6b, 0x65,
  0x5f, 0x76, 0x69, 0x73, 0x69, 0x6f, 0x6e, 0x5f, 0x6d, 0x6f, 0x64, 0x65,
  0x6c, 0x2f, 0x63, 0x6f, 0x6e, 0x76, 0x32, 0x64, 0x2f, 0x42, 0x69, 0x61,
  0x73, 0x41, 0x64, 0x64, 0x3b, 0x77, 0x61, 0x6b, 0x65, 0x5f, 0x76, 0x69,
  0x73, 0x69, 0x6f, 0x6e, 0x5f, 0x6d, 0x6f, 0x64, 0x65, 0x6c, 0x2f, 0x63,
  0x6f, 0x6e, 0x76, 0x32, 0x64, 0x2f, 0x43, 0x6f, 0x6e, 0x76, 0x32, 0x44,
  0x31, 0x00, 0x00, 0x00, 0x04, 0x00, 0x00, 0x00, 0x01, 0x00, 0x00, 0x00,
  0x60, 0x00, 0x00, 0x00, 0x60, 0x00, 0x00, 0x00, 0x08, 0x00, 0x00, 0x00,
  0xfa, 0xe5, 0xff, 0xff, 0x00, 0x00, 0x00, 0x01, 0x18, 0x00, 0x00, 0x00,
  0x28, 0x00, 0x00, 0x00, 0x48, 0x00, 0x00, 0x00, 0x13, 0x00, 0x00, 0x00,
  0x00, 0x00, 0x00, 0x09, 0x50, 0x00, 0x00, 0x00, 0x04, 0x00, 0x00, 0x00,
  0xff, 0xff, 0xff, 0xff, 0x60, 0x00, 0x00, 0x00, 0x60, 0x00, 0x00, 0x00,
  0x03, 0x00, 0x00, 0x00, 0xe4, 0xe5, 0xff, 0xff, 0x08, 0x00, 0x00, 0x00,
  0x14, 0x00, 0x00, 0x00, 0x01, 0x00, 0x00, 0x00, 0x80, 0xff, 0xff, 0xff,
  0xff, 0xff, 0xff, 0xff, 0x00, 0x00, 0x00, 0x00, 0x01, 0x00, 0x00, 0x00,
  0x81, 0x80, 0x80, 0x3b, 0x0c, 0x00, 0x00, 0x00, 0x74, 0x66, 0x6c, 0x2e,
  0x71, 0x75, 0x61, 0x6e, 0x74, 0x69, 0x7a, 0x65, 0x00, 0x00, 0x00, 0x00,
  0x04, 0x00, 0x00, 0x00, 0x01, 0x00, 0x00, 0x00, 0x60, 0x00, 0x00, 0x00,
  0x60, 0x00, 0x00, 0x00, 0x03, 0x00, 0x00, 0x00, 0x06, 0xe7, 0xff, 0xff,
  0x00, 0x00, 0x00, 0x01, 0x14, 0x00, 0x00, 0x00, 0x84, 0x00, 0x00, 0x00,
  0x12, 0x00, 0x00, 0x00, 0x00, 0x00, 0x00, 0x09, 0x9c, 0x00, 0x00, 0x00,
  0x4c, 0xe6, 0xff, 0xff, 0x08, 0x00, 0x00, 0x00, 0x48, 0x00, 0x00, 0x00,
  0x08, 0x00, 0x00, 0x00, 0x00, 0x00, 0x00, 0x00, 0x00, 0x00, 0x00, 0x00,
  0x00, 0x00, 0x00, 0x00, 0x00, 0x00, 0x00, 0x00, 0x00, 0x00, 0x00, 0x00,
  0x00, 0x00, 0x00, 0x00, 0x00, 0x00, 0x00, 0x00, 0x00, 0x00, 0x00, 0x00,
  0x00, 0x00, 0x00, 0x00, 0x00, 0x00, 0x00, 0x00, 0x00, 0x00, 0x00, 0x00,
  0x00, 0x00, 0x00, 0x00, 0x00, 0x00, 0x00, 0x00, 0x00, 0x00, 0x00, 0x00,
  0x00, 0x00, 0x00, 0x00, 0x00, 0x00, 0x00, 0x00, 0x08, 0x00, 0x00, 0x00,
  0x99, 0x0e, 0x0c, 0x3c, 0xcc, 0x94, 0x3d, 0x3c, 0xae, 0x65, 0x9d, 0x3c,
  0xae, 0xb0, 0x8e, 0x3c, 0xbb, 0xe9, 0xe5, 0x3c, 0xa8, 0xaf, 0x0d, 0x3d,
  0x9a, 0x32, 0xd6, 0x3c, 0x0d, 0x72, 0x5a, 0x3c, 0x1f, 0x00, 0x00, 0x00,
  0x77, 0x61, 0x6b, 0x65, 0x5f, 0x76, 0x69, 0x73, 0x69, 0x6f, 0x6e, 0x5f,
  0x6d, 0x6f, 0x64, 0x65, 0x6c, 0x2f, 0x63, 0x6f, 0x6e, 0x76, 0x32, 0x64,
  0x2f, 0x43, 0x6f, 0x6e, 0x76, 0x32, 0x44, 0x00, 0x04, 0x00, 0x00, 0x00,
  0x08, 0x00, 0x00, 0x00, 0x03, 0x00, 0x00, 0x00, 0x03, 0x00, 0x00, 0x00,
  0x03, 0x00, 0x00, 0x00, 0xce, 0xe7, 0xff, 0xff, 0x00, 0x00, 0x00, 0x01,
  0x14, 0x00, 0x00, 0x00, 0x88, 0x00, 0x00, 0x00, 0x11, 0x00, 0x00, 0x00,
  0x00, 0x00, 0x00, 0x02, 0x48, 0x01, 0x00, 0x00, 0x14, 0xe7, 0xff, 0xff,
  0x08, 0x00, 0x00, 0x00, 0x4c, 0x00, 0x00, 0x00, 0x08, 0x00, 0x00, 0x00,
  0x00, 0x00, 0x00, 0x00, 0x00, 0x00, 0x00, 0x00, 0x00, 0x00, 0x00, 0x00,
  0x00, 0x00, 0x00, 0x00, 0x00, 0x00, 0x00, 0x00, 0x00, 0x00, 0x00, 0x00,
  0x00, 0x00, 0x00, 0x00, 0x00, 0x00, 0x00, 0x00, 0x00, 0x00, 0x00, 0x00,
  0x00, 0x00, 0x00, 0x00, 0x00, 0x00, 0x00, 0x00, 0x00, 0x00, 0x00, 0x00,
  0x00, 0x00, 0x00, 0x00, 0x00, 0x00, 0x00, 0x00, 0x00, 0x00, 0x00, 0x00,
  0x00, 0x00, 0x00, 0x00, 0x00, 0x00, 0x00, 0x00, 0x08, 0x00, 0x00, 0x00,
  0x35, 0x9b, 0x0c, 0x38, 0x20, 0x53, 0x3e, 0x38, 0xb2, 0x03, 0x9e, 0x38,
  0xee, 0x3f, 0x8f, 0x38, 0x8c, 0xd0, 0xe6, 0x38, 0xe6, 0x3d, 0x0e, 0x39,
  0xa4, 0x09, 0xd7, 0x38, 0x5b, 0x4d, 0x5b, 0x38, 0xc4, 0x00, 0x00, 0x00,
  0x77, 0x61, 0x6b, 0x65, 0x5f, 0x76, 0x69, 0x73, 0x69, 0x6f, 0x6e, 0x5f,
  0x6d, 0x6f, 0x64, 0x65, 0x6c, 0x2f, 0x72, 0x65, 0x5f, 0x6c, 0x75, 0x2f,
  0x52, 0x65, 0x6c, 0x75, 0x3b, 0x77, 0x61, 0x6b, 0x65, 0x5f, 0x76, 0x69,
  0x73, 0x69, 0x6f, 0x6e, 0x5f, 0x6d, 0x6f, 0x64, 0x65, 0x6c, 0x2f, 0x62,
  0x61, 0x74, 0x63, 0x68, 0x5f, 0x6e, 0x6f, 0x72, 0x6d, 0x61, 0x6c, 0x69,
  0x7a, 0x61, 0x74, 0x69, 0x6f, 0x6e, 0x2f, 0x46, 0x75, 0x73, 0x65, 0x64,
  0x42, 0x61, 0x74, 0x63, 0x68, 0x4e, 0x6f, 0x72, 0x6d, 0x56, 0x33, 0x3b,
  0x77, 0x61, 0x6b, 0x65, 0x5f, 0x76, 0x69, 0x73, 0x69, 0x6f, 0x6e, 0x5f,
  0x6d, 0x6f, 0x64, 0x65, 0x6c, 0x2f, 0x63, 0x6f, 0x6e, 0x76, 0x32, 0x64,
  0x2f, 0x42, 0x69, 0x61, 0x73, 0x41, 0x64, 0x64, 0x2f, 0x52, 0x65, 0x61,
  0x64, 0x56, 0x61, 0x72, 0x69, 0x61, 0x62, 0x6c, 0x65, 0x4f, 0x70, 0x3b,
  0x77, 0x61, 0x6b, 0x65, 0x5f, 0x76, 0x69, 0x73, 0x69, 0x6f, 0x6e, 0x5f,
  0x6d, 0x6f, 0x64, 0x65, 0x6c, 0x2f, 0x63, 0x6f, 0x6e, 0x76, 0x32, 0x64,
  0x2f, 0x42, 0x69, 0x61, 0x73, 0x41, 0x64, 0x64, 0x3b, 0x77, 0x61, 0x6b,
  0x65, 0x5f, 0x76, 0x69, 0x73, 0x69, 0x6f, 0x6e, 0x5f, 0x6d, 0x6f, 0x64,
  0x65, 0x6c, 0x2f, 0x63, 0x6f, 0x6e, 0x76, 0x32, 0x64, 0x2f, 0x43, 0x6f,
  0x6e, 0x76, 0x32, 0x44, 0x00, 0x00, 0x00, 0x00, 0x01, 0x00, 0x00, 0x00,
  0x08, 0x00, 0x00, 0x00, 0x36, 0xe9, 0xff, 0xff, 0x00, 0x00, 0x00, 0x01,
  0x14, 0x00, 0x00, 0x00, 0xe8, 0x00, 0x00, 0x00, 0x10, 0x00, 0x00, 0x00,
  0x00, 0x00, 0x00, 0x09, 0x04, 0x01, 0x00, 0x00, 0x7c, 0xe8, 0xff, 0xff,
  0x08, 0x00, 0x00, 0x00, 0x8c, 0x00, 0x00, 0x00, 0x10, 0x00, 0x00, 0x00,
  0x00, 0x00, 0x00, 0x00, 0x00, 0x00, 0x00, 0x00, 0x00, 0x00, 0x00, 0x00,
  0x00, 0x00, 0x00, 0x00, 0x00, 0x00, 0x00, 0x00, 0x00, 0x00, 0x00, 0x00,
  0x00, 0x00, 0x00, 0x00, 0x00, 0x00, 0x00, 0x00, 0x00, 0x00, 0x00, 0x00,
  0x00, 0x00, 0x00, 0x00, 0x00, 0x00, 0x00, 0x00, 0x00, 0x00, 0x00, 0x00,
  0x00, 0x00, 0x00, 0x00, 0x00, 0x00, 0x00, 0x00, 0x00, 0x00, 0x00, 0x00,
  0x00, 0x00, 0x00, 0x00, 0x00, 0x00, 0x00, 0x00, 0x00, 0x00, 0x00, 0x00,
  0x00, 0x00, 0x00, 0x00, 0x00, 0x00, 0x00, 0x00, 0x00, 0x00, 0x00, 0x00,
  0x00, 0x00, 0x00, 0x00, 0x00, 0x00, 0x00, 0x00, 0x00, 0x00, 0x00, 0x00,
  0x00, 0x00, 0x00, 0x00, 0x00, 0x00, 0x00, 0x00, 0x00, 0x00, 0x00, 0x00,
  0x00, 0x00, 0x00, 0x00, 0x00, 0x00, 0x00, 0x00, 0x00, 0x00, 0x00, 0x00,
  0x00, 0x00, 0x00, 0x00, 0x00, 0x00, 0x00, 0x00, 0x00, 0x00, 0x00, 0x00,
  0x10, 0x00, 0x00, 0x00, 0x03, 0x76, 0x83, 0x3b, 0x1a, 0xd0, 0xf0, 0x3b,
  0x64, 0xfa, 0x38, 0x3b, 0x76, 0x94, 0x98, 0x3b, 0x88, 0x69, 0xbc, 0x3b,
  0x56, 0xaf, 0xd5, 0x3b, 0xb3, 0x69, 0x6c, 0x3b, 0xf5, 0x38, 0x2a, 0x3b,
  0x89, 0xe4, 0x89, 0x3b, 0x1c, 0xa6, 0x8b, 0x3b, 0x35, 0x89, 0x08, 0x3b,
  0xae, 0x8a, 0x4a, 0x3b, 0x7c, 0x09, 0x4f, 0x3b, 0xf5, 0xbb, 0x87, 0x3b,
  0xba, 0xf5, 0x55, 0x3b, 0x61, 0x30, 0x99, 0x3b, 0x21, 0x00, 0x00, 0x00,
  0x77, 0x61, 0x6b, 0x65, 0x5f, 0x76, 0x69, 0x73, 0x69, 0x6f, 0x6e, 0x5f,
  0x6d, 0x6f, 0x64, 0x65, 0x6c, 0x2f, 0x63, 0x6f, 0x6e, 0x76, 0x32, 0x64,
  0x5f, 0x31, 0x2f, 0x43, 0x6f, 0x6e, 0x76, 0x32, 0x44, 0x00, 0x00, 0x00,
  0x04, 0x00, 0x00, 0x00, 0x10, 0x00, 0x00, 0x00, 0x03, 0x00, 0x00, 0x00,
  0x03, 0x00, 0x00, 0x00, 0x08, 0x00, 0x00, 0x00, 0x66, 0xea, 0xff, 0xff,
  0x00, 0x00, 0x00, 0x01, 0x14, 0x00, 0x00, 0x00, 0xe8, 0x00, 0x00, 0x00,
  0x0f, 0x00, 0x00, 0x00, 0x00, 0x00, 0x00, 0x02, 0xb0, 0x01, 0x00, 0x00,
  0xac, 0xe9, 0xff, 0xff, 0x08, 0x00, 0x00, 0x00, 0x8c, 0x00, 0x00, 0x00,
  0x10, 0x00, 0x00, 0x00, 0x00, 0x00, 0x00, 0x00, 0x00, 0x00, 0x00, 0x00,
  0x00, 0x00, 0x00, 0x00, 0x00, 0x00, 0x00, 0x00, 0x00, 0x00, 0x00, 0x00,
  0x00, 0x00, 0x00, 0x00, 0x00, 0x00, 0x00, 0x00, 0x00, 0x00, 0x00, 0x00,
  0x00, 0x00, 0x00, 0x00, 0x00, 0x00, 0x00, 0x00, 0x00, 0x00, 0x00, 0x00,
  0x00, 0x00, 0x00, 0x00, 0x00, 0x00, 0x00, 0x00, 0x00, 0x00, 0x00, 0x00,
  0x00, 0x00, 0x00, 0x00, 0x00, 0x00, 0x00, 0x00, 0x00, 0x00, 0x00, 0x00,
  0x00, 0x00, 0x00, 0x00, 0x00, 0x00, 0x00, 0x00, 0x00, 0x00, 0x00, 0x00,
  0x00, 0x00, 0x00, 0x00, 0x00, 0x00, 0x00, 0x00, 0x00, 0x00, 0x00, 0x00,
  0x00, 0x00, 0x00, 0x00, 0x00, 0x00, 0x00, 0x00, 0x00, 0x00, 0x00, 0x00,
  0x00, 0x00, 0x00, 0x00, 0x00, 0x00, 0x00, 0x00, 0x00, 0x00, 0x00, 0x00,
  0x00, 0x00, 0x00, 0x00, 0x00, 0x00, 0x00, 0x00, 0x00, 0x00, 0x00, 0x00,
  0x00, 0x00, 0x00, 0x00, 0x10, 0x00, 0x00, 0x00, 0xdb, 0x56, 0x5f, 0x39,
  0x08, 0x8f, 0xcc, 0x39, 0x3a, 0x21, 0x1d, 0x39, 0xf1, 0x9b, 0x81, 0x39,
  0x03, 0x0c, 0xa0, 0x39, 0xcb, 0x83, 0xb5, 0x39, 0x35, 0xd2, 0x48, 0x39,
  0x7b, 0x98, 0x10, 0x39, 0x23, 0x44, 0x6a, 0x39, 0xec, 0x3f, 0x6d, 0x39,
  0x10, 0xf6, 0xe7, 0x38, 0x9a, 0x0c, 0x2c, 0x39, 0x28, 0xde, 0x2f, 0x39,
  0x5d, 0x99, 0x66, 0x39, 0x96, 0xbf, 0x35, 0x39, 0x63, 0x20, 0x82, 0x39,
  0xce, 0x00, 0x00, 0x00, 0x77, 0x61, 0x6b, 0x65, 0x5f, 0x76, 0x69, 0x73,
  0x69, 0x6f, 0x6e, 0x5f, 0x6d, 0x6f, 0x64, 0x65, 0x6c, 0x2f, 0x72, 0x65,
  0x5f, 0x6c, 0x75, 0x5f, 0x31, 0x2f, 0x52, 0x65, 0x6c, 0x75, 0x3b, 0x77,
  0x61, 0x6b, 0x65, 0x5f, 0x76, 0x69, 0x73, 0x69, 0x6f, 0x6e, 0x5f, 0x6d,
  0x6f, 0x64, 0x65, 0x6c, 0x2f, 0x62, 0x61, 0x74, 0x63, 0x68, 0x5f, 0x6e,
  0x6f, 0x72, 0x6d, 0x61, 0x6c, 0x69, 0x7a, 0x61, 0x74, 0x69, 0x6f, 0x6e,
  0x5f, 0x31, 0x2f, 0x46, 0x75, 0x73, 0x65, 0x64, 0x42, 0x61, 0x74, 0x63,
  0x68, 0x4e, 0x6f, 0x72, 0x6d, 0x56, 0x33, 0x3b, 0x77, 0x61, 0x6b, 0x65,
  0x5f, 0x76, 0x69, 0x73, 0x69, 0x6f, 0x6e, 0x5f, 0x6d, 0x6f, 0x64, 0x65,
  0x6c, 0x2f, 0x63, 0x6f, 0x6e, 0x76, 0x32, 0x64, 0x5f, 0x31, 0x2f, 0x42,
  0x69, 0x61, 0x73, 0x41, 0x64, 0x64, 0x2f, 0x52, 0x65, 0x61, 0x64, 0x56,
  0x61, 0x72, 0x69, 0x61, 0x62, 0x6c, 0x65, 0x4f, 0x70, 0x3b, 0x77, 0x61,
  0x6b, 0x65, 0x5f, 0x76, 0x69, 0x73, 0x69, 0x6f, 0x6e, 0x5f, 0x6d, 0x6f,
  0x64, 0x65, 0x6c, 0x2f, 0x63, 0x6f, 0x6e, 0x76, 0x32, 0x64, 0x5f, 0x31,
  0x2f, 0x42, 0x69, 0x61, 0x73, 0x41, 0x64, 0x64, 0x3b, 0x77, 0x61, 0x6b,
  0x65, 0x5f, 0x76, 0x69, 0x73, 0x69, 0x6f, 0x6e, 0x5f, 0x6d, 0x6f, 0x64,
  0x65, 0x6c, 0x2f, 0x63, 0x6f, 0x6e, 0x76, 0x32, 0x64, 0x5f, 0x31, 0x2f,
  0x43, 0x6f, 0x6e, 0x76, 0x32, 0x44, 0x00, 0x00, 0x01, 0x00, 0x00, 0x00,
  0x10, 0x00, 0x00, 0x00, 0x36, 0xec, 0xff, 0xff, 0x00, 0x00, 0x00, 0x01,
  0x14, 0x00, 0x00, 0x00, 0x48, 0x01, 0x00, 0x00, 0x0e, 0x00, 0x00, 0x00,
  0x00, 0x00, 0x00, 0x09, 0x64, 0x01, 0x00, 0x00, 0x7c, 0xeb, 0xff, 0xff,
  0x08, 0x00, 0x00, 0x00, 0xcc, 0x00, 0x00, 0x00, 0x18, 0x00, 0x00, 0x00,
  0x00, 0x00, 0x00, 0x00, 0x00, 0x00, 0x00, 0x00, 0x00, 0x00, 0x00, 0x00,
  0x00, 0x00, 0x00, 0x00, 0x00, 0x00, 0x00, 0x00, 0x00, 0x00, 0x00, 0x00,
  0x00, 0x00, 0x00, 0x00, 0x00, 0x00, 0x00, 0x00, 0x00, 0x00, 0x00, 0x00,
  0x00, 0x00, 0x00, 0x00, 0x00, 0x00, 0x00, 0x00, 0x00, 0x00, 0x00, 0x00,
  0x00, 0x00, 0x00, 0x00, 0x00, 0x00, 0x00, 0x00, 0x00, 0x00, 0x00, 0x00,
  0x00, 0x00, 0x00, 0x00, 0x00, 0x00, 0x00, 0x00, 0x00, 0x00, 0x00, 0x00,
  0x00, 0x00, 0x00, 0x00, 0x00, 0x00, 0x00, 0x00, 0x00, 0x00, 0x00, 0x00,
  0x00, 0x00, 0x00, 0x00, 0x00, 0x00, 0x00, 0x00, 0x00, 0x00, 0x00, 0x00,
  0x00, 0x00, 0x00, 0x00, 0x00, 0x00, 0x00, 0x00, 0x00, 0x00, 0x00, 0x00,
  0x00, 0x00, 0x00, 0x00, 0x00, 0x00, 0x00, 0x00, 0x00, 0x00, 0x00, 0x00,
  0x00, 0x00, 0x00, 0x00, 0x00, 0x00, 0x00, 0x00, 0x00, 0x00, 0x00, 0x00,
  0x00, 0x00, 0x00, 0x00, 0x00, 0x00, 0x00, 0x00, 0x00, 0x00, 0x00, 0x00,
  0x00, 0x00, 0x00, 0x00, 0x00, 0x00, 0x00, 0x00, 0x00, 0x00, 0x00, 0x00,
  0x00, 0x00, 0x00, 0x00, 0x00, 0x00, 0x00, 0x00, 0x00, 0x00, 0x00, 0x00,
  0x00, 0x00, 0x00, 0x00, 0x00, 0x00, 0x00, 0x00, 0x00, 0x00, 0x00, 0x00,
  0x00, 0x00, 0x00, 0x00, 0x00, 0x00, 0x00, 0x00, 0x00, 0x00, 0x00, 0x00,
  0x00, 0x00, 0x00, 0x00, 0x18, 0x00, 0x00, 0x00, 0x87, 0x12, 0x5e, 0x3b,
  0xfc, 0xb3, 0x44, 0x3b, 0x15, 0xb6, 0x68, 0x3b, 0x54, 0x25, 0x43, 0x3b,
  0x55, 0x97, 0x4e, 0x3b, 0x0c, 0x76, 0x31, 0x3b, 0xe0, 0x21, 0x4a, 0x3b,
  0x48, 0x9b, 0x49, 0x3b, 0x68, 0xce, 0x8b, 0x3b, 0xed, 0xac, 0x37, 0x3b,
  0x69, 0xfc, 0x75, 0x3b, 0x4f, 0x01, 0x59, 0x3b, 0xd1, 0xca, 0x91, 0x3b,
  0xd7, 0x3b, 0xa8, 0x3b, 0x8a, 0xb4, 0x77, 0x3b, 0xcc, 0x3d, 0x8a, 0x3b,
  0x83, 0x7b, 0x24, 0x3b, 0x30, 0xd5, 0x21, 0x3b, 0xbb, 0xa3, 0x5c, 0x3b,
  0x7f, 0x10, 0x87, 0x3b, 0xd3, 0x6c, 0x0b, 0x3b, 0x1c, 0x92, 0xbd, 0x3b,
  0x41, 0xda, 0x39, 0x3b, 0xb0, 0x80, 0x46, 0x3b, 0x21, 0x00, 0x00, 0x00,
  0x77, 0x61, 0x6b, 0x65, 0x5f, 0x76, 0x69, 0x73, 0x69, 0x6f, 0x6e, 0x5f,
  0x6d, 0x6f, 0x64, 0x65, 0x6c, 0x2f, 0x63, 0x6f, 0x6e, 0x76, 0x32, 0x64,
  0x5f, 0x32, 0x2f, 0x43, 0x6f, 0x6e, 0x76, 0x32, 0x44, 0x00, 0x00, 0x00,
  0x04, 0x00, 0x00, 0x00, 0x18, 0x00, 0x00, 0x00, 0x03, 0x00, 0x00, 0x00,
  0x03, 0x00, 0x00, 0x00, 0x10, 0x00, 0x00, 0x00, 0xc6, 0xed, 0xff, 0xff,
  0x00, 0x00, 0x00, 0x01, 0x14, 0x00, 0x00, 0x00, 0x48, 0x01, 0x00, 0x00,
  0x0d, 0x00, 0x00, 0x00, 0x00, 0x00, 0x00, 0x02, 0x10, 0x02, 0x00, 0x00,
  0x0c, 0xed, 0xff, 0xff, 0x08, 0x00, 0x00, 0x00, 0xcc, 0x00, 0x00, 0x00,
  0x18, 0x00, 0x00, 0x00, 0x00, 0x00, 0x00, 0x00, 0x00, 0x00, 0x00, 0x00,
  0x00, 0x00, 0x00, 0x00, 0x00, 0x00, 0x00, 0x00, 0x00, 0x00, 0x00, 0x00,
  0x00, 0x00, 0x00, 0x00, 0x00, 0x00, 0x00, 0x00, 0x00, 0x00, 0x00, 0x00,
  0x00, 0x00, 0x00, 0x00, 0x00, 0x00, 0x00, 0x00, 0x00, 0x00, 0x00, 0x00,
  0x00, 0x00, 0x00, 0x00, 0x00, 0x00, 0x00, 0x00, 0x00, 0x00, 0x00, 0x00,
  0x00, 0x00, 0x00, 0x00, 0x00, 0x00, 0x00, 0x00, 0x00, 0x00, 0x00, 0x00,
  0x00, 0x00, 0x00, 0x00, 0x00, 0x00, 0x00, 0x00, 0x00, 0x00, 0x00, 0x00,
  0x00, 0x00, 0x00, 0x00, 0x00, 0x00, 0x00, 0x00, 0x00, 0x00, 0x00, 0x00,
  0x00, 0x00, 0x00, 0x00, 0x00, 0x00, 0x00, 0x00, 0x00, 0x00, 0x00, 0x00,
  0x00, 0x00, 0x00, 0x00, 0x00, 0x00, 0x00, 0x00, 0x00, 0x00, 0x00, 0x00,
  0x00, 0x00, 0x00, 0x00, 0x00, 0x00, 0x00, 0x00, 0x00, 0x00, 0x00, 0x00,
  0x00, 0x00, 0x00, 0x00, 0x00, 0x00, 0x00, 0x00, 0x00, 0x00, 0x00, 0x00,
  0x00, 0x00, 0x00, 0x00, 0x00, 0x00, 0x00, 0x00, 0x00, 0x00, 0x00, 0x00,
  0x00, 0x00, 0x00, 0x00, 0x00, 0x00, 0x00, 0x00, 0x00, 0x00, 0x00, 0x00,
  0x00, 0x00, 0x00, 0x00, 0x00, 0x00, 0x00, 0x00, 0x00, 0x00, 0x00, 0x00,
  0x00, 0x00, 0x00, 0x00, 0x00, 0x00, 0x00, 0x00, 0x00, 0x00, 0x00, 0x00,
  0x00, 0x00, 0x00, 0x00, 0x00, 0x00, 0x00, 0x00, 0x18, 0x00, 0x00, 0x00,
  0x21, 0x61, 0x98, 0x39, 0xc5, 0xf8, 0x86, 0x39, 0xf3, 0xad, 0x9f, 0x39,
  0x39, 0xe7, 0x85, 0x39, 0xb4, 0xc1, 0x8d, 0x39, 0x79, 0x89, 0x73, 0x39,
  0x78, 0xb2, 0x8a, 0x39, 0x1d, 0x56, 0x8a, 0x39, 0x9c, 0xdc, 0xbf, 0x39,
  0xb4, 0x10, 0x7c, 0x39, 0xc8, 0xc9, 0xa8, 0x39, 0x04, 0xe7, 0x94, 0x39,
  0x99, 0x13, 0xc8, 0x39, 0xb9, 0xdf, 0xe6, 0x39, 0xc9, 0xf7, 0xa9, 0x39,
  0xd6, 0xb6, 0xbd, 0x39, 0xd3, 0xb9, 0x61, 0x39, 0xef, 0x16, 0x5e, 0x39,
  0x72, 0x65, 0x97, 0x39, 0xb6, 0x5a, 0xb9, 0x39, 0xb1, 0x56, 0x3f, 0x39,
  0xe8, 0x13, 0x02, 0x3a, 0x8b, 0x0d, 0x7f, 0x39, 0xe3, 0x34, 0x88, 0x39,
  0xce, 0x00, 0x00, 0x00, 0x77, 0x61, 0x6b, 0x65, 0x5f, 0x76, 0x69, 0x73,
  0x69, 0x6f, 0x6e, 0x5f, 0x6d, 0x6f, 0x64, 0x65, 0x6c, 0x2f, 0x72, 0x65,
  0x5f, 0x6c, 0x75, 0x5f, 0x32, 0x2f, 0x52, 0x65, 0x6c, 0x75, 0x3b, 0x77,
  0x61, 0x6b, 0x65, 0x5f, 0x76, 0x69, 0x73, 0x69, 0x6f, 0x6e, 0x5f, 0x6d,
  0x6f, 0x64, 0x65, 0x6c, 0x2f, 0x62, 0x61, 0x74, 0x63, 0x68, 0x5f, 0x6e,
  0x6f, 0x72, 0x6d, 0x61, 0x6c, 0x69, 0x7a, 0x61, 0x74, 0x69, 0x6f, 0x6e,
  0x5f, 0x32, 0x2f, 0x46, 0x75, 0x73, 0x65, 0x64, 0x42, 0x61, 0x74, 0x63,
  0x68, 0x4e, 0x6f, 0x72, 0x6d, 0x56, 0x33, 0x3b, 0x77, 0x61, 0x6b, 0x65,
  0x5f, 0x76, 0x69, 0x73, 0x69, 0x6f, 0x6e, 0x5f, 0x6d, 0x6f, 0x64, 0x65,
  0x6c, 0x2f, 0x63, 0x6f, 0x6e, 0x76, 0x32, 0x64, 0x5f, 0x32, 0x2f, 0x42,
  0x69, 0x61, 0x73, 0x41, 0x64, 0x64, 0x2f, 0x52, 0x65, 0x61, 0x64, 0x56,
  0x61, 0x72, 0x69, 0x61, 0x62, 0x6c, 0x65, 0x4f, 0x70, 0x3b, 0x77, 0x61,
  0x6b, 0x65, 0x5f, 0x76, 0x69, 0x73, 0x69, 0x6f, 0x6e, 0x5f, 0x6d, 0x6f,
  0x64, 0x65, 0x6c, 0x2f, 0x63, 0x6f, 0x6e, 0x76, 0x32, 0x64, 0x5f, 0x32,
  0x2f, 0x42, 0x69, 0x61, 0x73, 0x41, 0x64, 0x64, 0x3b, 0x77, 0x61, 0x6b,
  0x65, 0x5f, 0x76, 0x69, 0x73, 0x69, 0x6f, 0x6e, 0x5f, 0x6d, 0x6f, 0x64,
  0x65, 0x6c, 0x2f, 0x63, 0x6f, 0x6e, 0x76, 0x32, 0x64, 0x5f, 0x32, 0x2f,
  0x43, 0x6f, 0x6e, 0x76, 0x32, 0x44, 0x00, 0x00, 0x01, 0x00, 0x00, 0x00,
  0x18, 0x00, 0x00, 0x00, 0xf6, 0xef, 0xff, 0xff, 0x00, 0x00, 0x00, 0x01,
  0x14, 0x00, 0x00, 0x00, 0x90, 0x01, 0x00, 0x00, 0x0c, 0x00, 0x00, 0x00,
  0x00, 0x00, 0x00, 0x09, 0xac, 0x01, 0x00, 0x00, 0x3c, 0xef, 0xff, 0xff,
  0x08, 0x00, 0x00, 0x00, 0xfc, 0x00, 0x00, 0x00, 0x1e, 0x00, 0x00, 0x00,
  0x00, 0x00, 0x00, 0x00, 0x00, 0x00, 0x00, 0x00, 0x00, 0x00, 0x00, 0x00,
  0x00, 0x00, 0x00, 0x00, 0x00, 0x00, 0x00, 0x00, 0x00, 0x00, 0x00, 0x00,
  0x00, 0x00, 0x00, 0x00, 0x00, 0x00, 0x00, 0x00, 0x00, 0x00, 0x00, 0x00,
  0x00, 0x00, 0x00, 0x00, 0x00, 0x00, 0x00, 0x00, 0x00, 0x00, 0x00, 0x00,
  0x00, 0x00, 0x00, 0x00, 0x00, 0x00, 0x00, 0x00, 0x00, 0x00, 0x00, 0x00,
  0x00, 0x00, 0x00, 0x00, 0x00, 0x00, 0x00, 0x00, 0x00, 0x00, 0x00, 0x00,
  0x00, 0x00, 0x00, 0x00, 0x00, 0x00, 0x00, 0x00, 0x00, 0x00, 0x00, 0x00,
  0x00, 0x00, 0x00, 0x00, 0x00, 0x00, 0x00, 0x00, 0x00, 0x00, 0x00, 0x00,
  0x00, 0x00, 0x00, 0x00, 0x00, 0x00, 0x00, 0x00, 0x00, 0x00, 0x00, 0x00,
  0x00, 0x00, 0x00, 0x00, 0x00, 0x00, 0x00, 0x00, 0x00, 0x00, 0x00, 0x00,
  0x00, 0x00, 0x00, 0x00, 0x00, 0x00, 0x00, 0x00, 0x00, 0x00, 0x00, 0x00,
  0x00, 0x00, 0x00, 0x00, 0x00, 0x00, 0x00, 0x00, 0x00, 0x00, 0x00, 0x00,
  0x00, 0x00, 0x00, 0x00, 0x00, 0x00, 0x00, 0x00, 0x00, 0x00, 0x00, 0x00,
  0x00, 0x00, 0x00, 0x00, 0x00, 0x00, 0x00, 0x00, 0x00, 0x00, 0x00, 0x00,
  0x00, 0x00, 0x00, 0x00, 0x00, 0x00, 0x00, 0x00, 0x00, 0x00, 0x00, 0x00,
  0x00, 0x00, 0x00, 0x00, 0x00, 0x00, 0x00, 0x00, 0x00, 0x00, 0x00, 0x00,
  0x00, 0x00, 0x00, 0x00, 0x00, 0x00, 0x00, 0x00, 0x00, 0x00, 0x00, 0x00,
  0x00, 0x00, 0x00, 0x00, 0x00, 0x00, 0x00, 0x00, 0x00, 0x00, 0x00, 0x00,
  0x00, 0x00, 0x00, 0x00, 0x00, 0x00, 0x00, 0x00, 0x00, 0x00, 0x00, 0x00,
  0x00, 0x00, 0x00, 0x00, 0x00, 0x00, 0x00, 0x00, 0x00, 0x00, 0x00, 0x00,
  0x00, 0x00, 0x00, 0x00, 0x1e, 0x00, 0x00, 0x00, 0x6b, 0x6d, 0x18, 0x3b,
  0x5c, 0x79, 0x04, 0x3b, 0x33, 0x90, 0x41, 0x3b, 0xea, 0xc6, 0x4b, 0x3b,
  0xc3, 0xa5, 0xf0, 0x3a, 0xfc, 0x7a, 0x4a, 0x3b, 0xf2, 0xa3, 0x11, 0x3b,
  0x56, 0xef, 0x73, 0x3b, 0xa6, 0xa7, 0x2e, 0x3b, 0xcc, 0x33, 0x35, 0x3b,
  0x74, 0x67, 0xb9, 0x3a, 0x00, 0x54, 0xe1, 0x3a, 0xbf, 0x4a, 0x1a, 0x3b,
  0xa8, 0xda, 0x0f, 0x3b, 0xc2, 0x01, 0xf8, 0x3a, 0xde, 0x23, 0x68, 0x3b,
  0xa8, 0xb4, 0x34, 0x3b, 0xce, 0x57, 0x20, 0x3b, 0xd8, 0xeb, 0x1a, 0x3b,
  0x11, 0x7a, 0x23, 0x3b, 0xfa, 0xae, 0x18, 0x3b, 0xa3, 0xa4, 0x18, 0x3b,
  0xe9, 0x95, 0xfc, 0x3a, 0x96, 0xa9, 0x15, 0x3b, 0x4b, 0xce, 0x2f, 0x3b,
  0x39, 0x79, 0xfb, 0x3a, 0x3f, 0xc3, 0x84, 0x3b, 0xfb, 0x1d, 0xa3, 0x3b,
  0x67, 0xc6, 0xf9, 0x3a, 0x90, 0x27, 0x4e, 0x3b, 0x21, 0x00, 0x00, 0x00,
  0x77, 0x61, 0x6b, 0x65, 0x5f, 0x76, 0x69, 0x73, 0x69, 0x6f, 0x6e, 0x5f,
  0x6d, 0x6f, 0x64, 0x65, 0x6c, 0x2f, 0x63, 0x6f, 0x6e, 0x76, 0x32, 0x64,
  0x5f, 0x33, 0x2f, 0x43, 0x6f, 0x6e, 0x76, 0x32, 0x44, 0x00, 0x00, 0x00,
  0x04, 0x00, 0x00, 0x00, 0x1e, 0x00, 0x00, 0x00, 0x03, 0x00, 0x00, 0x00,
  0x03, 0x00, 0x00, 0x00, 0x18, 0x00, 0x00, 0x00, 0xce, 0xf1, 0xff, 0xff,
  0x00, 0x00, 0x00, 0x01, 0x14, 0x00, 0x00, 0x00, 0x90, 0x01, 0x00, 0x00,
  0x0b, 0x00, 0x00, 0x00, 0x00, 0x00, 0x00, 0x02, 0x58, 0x02, 0x00, 0x00,
  0x14, 0xf1, 0xff, 0xff, 0x08, 0x00, 0x00, 0x00, 0xfc, 0x00, 0x00, 0x00,
  0x1e, 0x00, 0x00, 0x00, 0x00, 0x00, 0x00, 0x00, 0x00, 0x00, 0x00, 0x00,
  0x00, 0x00, 0x00, 0x00, 0x00, 0x00, 0x00, 0x00, 0x00, 0x00, 0x00, 0x00,
  0x00, 0x00, 0x00, 0x00, 0x00, 0x00, 0x00, 0x00, 0x00, 0x00, 0x00, 0x00,
  0x00, 0x00, 0x00, 0x00, 0x00, 0x00, 0x00, 0x00, 0x00, 0x00, 0x00, 0x00,
  0x00, 0x00, 0x00, 0x00, 0x00, 0x00, 0x00, 0x00, 0x00, 0x00, 0x00, 0x00,
  0x00, 0x00, 0x00, 0x00, 0x00, 0x00, 0x00, 0x00, 0x00, 0x00, 0x00, 0x00,
  0x00, 0x00, 0x00, 0x00, 0x00, 0x00, 0x00, 0x00, 0x00, 0x00, 0x00, 0x00,
  0x00, 0x00, 0x00, 0x00, 0x00, 0x00, 0x00, 0x00, 0x00, 0x00, 0x00, 0x00,
  0x00, 0x00, 0x00, 0x00, 0x00, 0x00, 0x00, 0x00, 0x00, 0x00, 0x00, 0x00,
  0x00, 0x00, 0x00, 0x00, 0x00, 0x00, 0x00, 0x00, 0x00, 0x00, 0x00, 0x00,
  0x00, 0x00, 0x00, 0x00, 0x00, 0x00, 0x00, 0x00, 0x00, 0x00, 0x00, 0x00,
  0x00, 0x00, 0x00, 0x00, 0x00, 0x00, 0x00, 0x00, 0x00, 0x00, 0x00, 0x00,
  0x00, 0x00, 0x00, 0x00, 0x00, 0x00, 0x00, 0x00, 0x00, 0x00, 0x00, 0x00,
  0x00, 0x00, 0x00, 0x00, 0x00, 0x00, 0x00, 0x00, 0x00, 0x00, 0x00, 0x00,
  0x00, 0x00, 0x00, 0x00, 0x00, 0x00, 0x00, 0x00, 0x00, 0x00, 0x00, 0x00,
  0x00, 0x00, 0x00, 0x00, 0x00, 0x00, 0x00, 0x00, 0x00, 0x00, 0x00, 0x00,
  0x00, 0x00, 0x00, 0x00, 0x00, 0x00, 0x00, 0x00, 0x00, 0x00, 0x00, 0x00,
  0x00, 0x00, 0x00, 0x00, 0x00, 0x00, 0x00, 0x00, 0x00, 0x00, 0x00, 0x00,
  0x00, 0x00, 0x00, 0x00, 0x00, 0x00, 0x00, 0x00, 0x00, 0x00, 0x00, 0x00,
  0x00, 0x00, 0x00, 0x00, 0x00, 0x00, 0x00, 0x00, 0x00, 0x00, 0x00, 0x00,
  0x00, 0x00, 0x00, 0x00, 0x00, 0x00, 0x00, 0x00, 0x1e, 0x00, 0x00, 0x00,
  0x2b, 0xcb, 0x1f, 0x39, 0x42, 0xe0, 0x0a, 0x39, 0xdc, 0xea, 0x4a, 0x39,
  0xef, 0x9f, 0x55, 0x39, 0xec, 0x46, 0xfc, 0x38, 0xf6, 0x43, 0x54, 0x39,
  0xbb, 0xad, 0x18, 0x39, 0x2b, 0xb9, 0x7f, 0x39, 0x62, 0x18, 0x37, 0x39,
  0x89, 0xf5, 0x3d, 0x39, 0x2c, 0x5d, 0xc2, 0x38, 0xa3, 0x37, 0xec, 0x38,
  0x90, 0xbf, 0x21, 0x39, 0x58, 0xce, 0x16, 0x39, 0xfb, 0xfe, 0x01, 0x39,
  0xc7, 0x5b, 0x73, 0x39, 0x40, 0x70, 0x3d, 0x39, 0x7b, 0x17, 0x28, 0x39,
  0x72, 0x68, 0x22, 0x39, 0x83, 0x60, 0x2b, 0x39, 0xe5, 0x0f, 0x20, 0x39,
  0x0e, 0x05, 0x20, 0x39, 0x62, 0x65, 0x04, 0x39, 0x21, 0xe5, 0x1c, 0x39,
  0x45, 0x4d, 0x38, 0x39, 0x29, 0xd0, 0x03, 0x39, 0xb7, 0x2d, 0x8b, 0x39,
  0xfa, 0xff, 0xaa, 0x39, 0x3e, 0xec, 0x02, 0x39, 0xff, 0x1d, 0x58, 0x39,
  0xce, 0x00, 0x00, 0x00, 0x77, 0x61, 0x6b, 0x65, 0x5f, 0x76, 0x69, 0x73,
  0x69, 0x6f, 0x6e, 0x5f, 0x6d, 0x6f, 0x64, 0x65, 0x6c, 0x2f, 0x72, 0x65,
  0x5f, 0x6c, 0x75, 0x5f, 0x33, 0x2f, 0x52, 0x65, 0x6c, 0x75, 0x3b, 0x77,
  0x61, 0x6b, 0x65, 0x5f, 0x76, 0x69, 0x73, 0x69, 0x6f, 0x6e, 0x5f, 0x6d,
  0x6f, 0x64, 0x65, 0x6c, 0x2f, 0x62, 0x61, 0x74, 0x63, 0x68, 0x5f, 0x6e,
  0x6f, 0x72, 0x6d, 0x61, 0x6c, 0x69, 0x7a, 0x61, 0x74, 0x69, 0x6f, 0x6e,
  0x5f, 0x33, 0x2f, 0x46, 0x75, 0x73, 0x65, 0x64, 0x42, 0x61, 0x74, 0x63,
  0x68, 0x4e, 0x6f, 0x72, 0x6d, 0x56, 0x33, 0x3b, 0x77, 0x61, 0x6b, 0x65,
  0x5f, 0x76, 0x69, 0x73, 0x69, 0x6f, 0x6e, 0x5f, 0x6d, 0x6f, 0x64, 0x65,
  0x6c, 0x2f, 0x63, 0x6f, 0x6e, 0x76, 0x32, 0x64, 0x5f, 0x33, 0x2f, 0x42,
  0x69, 0x61, 0x73, 0x41, 0x64, 0x64, 0x2f, 0x52, 0x65, 0x61, 0x64, 0x56,
  0x61, 0x72, 0x69, 0x61, 0x62, 0x6c, 0x65, 0x4f, 0x70, 0x3b, 0x77, 0x61,
  0x6b, 0x65, 0x5f, 0x76, 0x69, 0x73, 0x69, 0x6f, 0x6e, 0x5f, 0x6d, 0x6f,
  0x64, 0x65, 0x6c, 0x2f, 0x63, 0x6f, 0x6e, 0x76, 0x32, 0x64, 0x5f, 0x33,
  0x2f, 0x42, 0x69, 0x61, 0x73, 0x41, 0x64, 0x64, 0x3b, 0x77, 0x61, 0x6b,
  0x65, 0x5f, 0x76, 0x69, 0x73, 0x69, 0x6f, 0x6e, 0x5f, 0x6d, 0x6f, 0x64,
  0x65, 0x6c, 0x2f, 0x63, 0x6f, 0x6e, 0x76, 0x32, 0x64, 0x5f, 0x33, 0x2f,
  0x43, 0x6f, 0x6e, 0x76, 0x32, 0x44, 0x00, 0x00, 0x01, 0x00, 0x00, 0x00,
  0x1e, 0x00, 0x00, 0x00, 0x46, 0xf4, 0xff, 0xff, 0x00, 0x00, 0x00, 0x01,
  0x14, 0x00, 0x00, 0x00, 0xc0, 0x01, 0x00, 0x00, 0x0a, 0x00, 0x00, 0x00,
  0x00, 0x00, 0x00, 0x09, 0xdc, 0x01, 0x00, 0x00, 0x8c, 0xf3, 0xff, 0xff,
  0x08, 0x00, 0x00, 0x00, 0x1c, 0x01, 0x00, 0x00, 0x22, 0x00, 0x00, 0x00,
  0x00, 0x00, 0x00, 0x00, 0x00, 0x00, 0x00, 0x00, 0x00, 0x00, 0x00, 0x00,
  0x00, 0x00, 0x00, 0x00, 0x00, 0x00, 0x00, 0x00, 0x00, 0x00, 0x00, 0x00,
  0x00, 0x00, 0x00, 0x00, 0x00, 0x00, 0x00, 0x00, 0x00, 0x00, 0x00, 0x00,
  0x00, 0x00, 0x00, 0x00, 0x00, 0x00, 0x00, 0x00, 0x00, 0x00, 0x00, 0x00,
  0x00, 0x00, 0x00, 0x00, 0x00, 0x00, 0x00, 0x00, 0x00, 0x00, 0x00, 0x00,
  0x00, 0x00, 0x00, 0x00, 0x00, 0x00, 0x00, 0x00, 0x00, 0x00, 0x00, 0x00,
  0x00, 0x00, 0x00, 0x00, 0x00, 0x00, 0x00, 0x00, 0x00, 0x00, 0x00, 0x00,
  0x00, 0x00, 0x00, 0x00, 0x00, 0x00, 0x00, 0x00, 0x00, 0x00, 0x00, 0x00,
  0x00, 0x00, 0x00, 0x00, 0x00, 0x00, 0x00, 0x00, 0x00, 0x00, 0x00, 0x00,
  0x00, 0x00, 0x00, 0x00, 0x00, 0x00, 0x00, 0x00, 0x00, 0x00, 0x00, 0x00,
  0x00, 0x00, 0x00, 0x00, 0x00, 0x00, 0x00, 0x00, 0x00, 0x00, 0x00, 0x00,
  0x00, 0x00, 0x00, 0x00, 0x00, 0x00, 0x00, 0x00, 0x00, 0x00, 0x00, 0x00,
  0x00, 0x00, 0x00, 0x00, 0x00, 0x00, 0x00, 0x00, 0x00, 0x00, 0x00, 0x00,
  0x00, 0x00, 0x00, 0x00, 0x00, 0x00, 0x00, 0x00, 0x00, 0x00, 0x00, 0x00,
  0x00, 0x00, 0x00, 0x00, 0x00, 0x00, 0x00, 0x00, 0x00, 0x00, 0x00, 0x00,
  0x00, 0x00, 0x00, 0x00, 0x00, 0x00, 0x00, 0x00, 0x00, 0x00, 0x00, 0x00,
  0x00, 0x00, 0x00, 0x00, 0x00, 0x00, 0x00, 0x00, 0x00, 0x00, 0x00, 0x00,
  0x00, 0x00, 0x00, 0x00, 0x00, 0x00, 0x00, 0x00, 0x00, 0x00, 0x00, 0x00,
  0x00, 0x00, 0x00, 0x00, 0x00, 0x00, 0x00, 0x00, 0x00, 0x00, 0x00, 0x00,
  0x00, 0x00, 0x00, 0x00, 0x00, 0x00, 0x00, 0x00, 0x00, 0x00, 0x00, 0x00,
  0x00, 0x00, 0x00, 0x00, 0x00, 0x00, 0x00, 0x00, 0x00, 0x00, 0x00, 0x00,
  0x00, 0x00, 0x00, 0x00, 0x00, 0x00, 0x00, 0x00, 0x00, 0x00, 0x00, 0x00,
  0x00, 0x00, 0x00, 0x00, 0x00, 0x00, 0x00, 0x00, 0x00, 0x00, 0x00, 0x00,
  0x22, 0x00, 0x00, 0x00, 0xad, 0x91, 0xbf, 0x3a, 0x54, 0x16, 0x11, 0x3b,
  0x9e, 0x2e, 0xf3, 0x3a, 0x92, 0x42, 0x79, 0x3a, 0xea, 0x53, 0xd5, 0x3a,
  0xfd, 0x5b, 0x16, 0x3b, 0xb9, 0xa5, 0x0a, 0x3b, 0xc5, 0x5e, 0xf9, 0x3a,
  0x55, 0x2a, 0x05, 0x3b, 0xa0, 0x51, 0x11, 0x3b, 0xc7, 0x54, 0x0e, 0x3b,
  0xe4, 0xb7, 0xd7, 0x3a, 0x06, 0xa5, 0x19, 0x3b, 0x9c, 0xaf, 0xf6, 0x3a,
  0xcb, 0x1b, 0xb7, 0x3a, 0x4b, 0x68, 0x04, 0x3b, 0x88, 0x49, 0xef, 0x3a,
  0x2b, 0x6b, 0xf4, 0x3a, 0x65, 0x53, 0x0e, 0x3b, 0x3b, 0xd5, 0xad, 0x3a,
  0xb5, 0xe9, 0x0b, 0x3b, 0x65, 0x5d, 0x02, 0x3b, 0x48, 0x41, 0x05, 0x3b,
  0x54, 0xe3, 0x53, 0x3b, 0xbe, 0x08, 0x13, 0x3b, 0xcd, 0x3b, 0x03, 0x3b,
  0xd5, 0xf6, 0xab, 0x3a, 0x8e, 0xde, 0xf2, 0x3a, 0x9e, 0x33, 0x15, 0x3b,
  0xa5, 0xd4, 0xac, 0x3a, 0x68, 0x9a, 0x9a, 0x3a, 0x3a, 0xd1, 0x01, 0x3b,
  0x80, 0x86, 0xcf, 0x3a, 0x6b, 0x17, 0xc4, 0x3a, 0x21, 0x00, 0x00, 0x00,
  0x77, 0x61, 0x6b, 0x65, 0x5f, 0x76, 0x69, 0x73, 0x69, 0x6f, 0x6e, 0x5f,
  0x6d, 0x6f, 0x64, 0x65, 0x6c, 0x2f, 0x63, 0x6f, 0x6e, 0x76, 0x32, 0x64,
  0x5f, 0x34, 0x2f, 0x43, 0x6f, 0x6e, 0x76, 0x32, 0x44, 0x00, 0x00, 0x00,
  0x04, 0x00, 0x00, 0x00, 0x22, 0x00, 0x00, 0x00, 0x03, 0x00, 0x00, 0x00,
  0x03, 0x00, 0x00, 0x00, 0x1e, 0x00, 0x00, 0x00, 0x4e, 0xf6, 0xff, 0xff,
  0x00, 0x00, 0x00, 0x01, 0x14, 0x00, 0x00, 0x00, 0xc0, 0x01, 0x00, 0x00,
  0x09, 0x00, 0x00, 0x00, 0x00, 0x00, 0x00, 0x02, 0x88, 0x02, 0x00, 0x00,
  0x94, 0xf5, 0xff, 0xff, 0x08, 0x00, 0x00, 0x00, 0x1c, 0x01, 0x00, 0x00,
  0x22, 0x00, 0x00, 0x00, 0x00, 0x00, 0x00, 0x00, 0x00, 0x00, 0x00, 0x00,
  0x00, 0x00, 0x00, 0x00, 0x00, 0x00, 0x00, 0x00, 0x00, 0x00, 0x00, 0x00,
  0x00, 0x00, 0x00, 0x00, 0x00, 0x00, 0x00, 0x00, 0x00, 0x00, 0x00, 0x00,
  0x00, 0x00, 0x00, 0x00, 0x00, 0x00, 0x00, 0x00, 0x00, 0x00, 0x00, 0x00,
  0x00, 0x00, 0x00, 0x00, 0x00, 0x00, 0x00, 0x00, 0x00, 0x00, 0x00, 0x00,
  0x00, 0x00, 0x00, 0x00, 0x00, 0x00, 0x00, 0x00, 0x00, 0x00, 0x00, 0x00,
  0x00, 0x00, 0x00, 0x00, 0x00, 0x00, 0x00, 0x00, 0x00, 0x00, 0x00, 0x00,
  0x00, 0x00, 0x00, 0x00, 0x00, 0x00, 0x00, 0x00, 0x00, 0x00, 0x00, 0x00,
  0x00, 0x00, 0x00, 0x00, 0x00, 0x00, 0x00, 0x00, 0x00, 0x00, 0x00, 0x00,
  0x00, 0x00, 0x00, 0x00, 0x00, 0x00, 0x00, 0x00, 0x00, 0x00, 0x00, 0x00,
  0x00, 0x00, 0x00, 0x00, 0x00, 0x00, 0x00, 0x00, 0x00, 0x00, 0x00, 0x00,
  0x00, 0x00, 0x00, 0x00, 0x00, 0x00, 0x00, 0x00, 0x00, 0x00, 0x00, 0x00,
  0x00, 0x00, 0x00, 0x00, 0x00, 0x00, 0x00, 0x00, 0x00, 0x00, 0x00, 0x00,
  0x00, 0x00, 0x00, 0x00, 0x00, 0x00, 0x00, 0x00, 0x00, 0x00, 0x00, 0x00,
  0x00, 0x00, 0x00, 0x00, 0x00, 0x00, 0x00, 0x00, 0x00, 0x00, 0x00, 0x00,
  0x00, 0x00, 0x00, 0x00, 0x00, 0x00, 0x00, 0x00, 0x00, 0x00, 0x00, 0x00,
  0x00, 0x00, 0x00, 0x00, 0x00, 0x00, 0x00, 0x00, 0x00, 0x00, 0x00, 0x00,
  0x00, 0x00, 0x00, 0x00, 0x00, 0x00, 0x00, 0x00, 0x00, 0x00, 0x00, 0x00,
  0x00, 0x00, 0x00, 0x00, 0x00, 0x00, 0x00, 0x00, 0x00, 0x00, 0x00, 0x00,
  0x00, 0x00, 0x00, 0x00, 0x00, 0x00, 0x00, 0x00, 0x00, 0x00, 0x00, 0x00,
  0x00, 0x00, 0x00, 0x00, 0x00, 0x00, 0x00, 0x00, 0x00, 0x00, 0x00, 0x00,
  0x00, 0x00, 0x00, 0x00, 0x00, 0x00, 0x00, 0x00, 0x00, 0x00, 0x00, 0x00,
  0x00, 0x00, 0x00, 0x00, 0x00, 0x00, 0x00, 0x00, 0x00, 0x00, 0x00, 0x00,
  0x00, 0x00, 0x00, 0x00, 0x22, 0x00, 0x00, 0x00, 0x5d, 0xdf, 0xb9, 0x38,
  0xdc, 0xc5, 0x0c, 0x39, 0x67, 0xf3, 0xeb, 0x38, 0x17, 0xd9, 0x71, 0x38,
  0xf7, 0xfb, 0xce, 0x38, 0x62, 0xe3, 0x11, 0x39, 0x47, 0x86, 0x06, 0x39,
  0x73, 0xf4, 0xf1, 0x38, 0x9e, 0x34, 0x01, 0x39, 0x64, 0xff, 0x0c, 0x39,
  0x4a, 0x19, 0x0a, 0x39, 0xbe, 0x4d, 0xd1, 0x38, 0x69, 0x13, 0x15, 0x39,
  0xb9, 0x59, 0xef, 0x38, 0xe3, 0xa9, 0xb1, 0x38, 0x59, 0x78, 0x00, 0x39,
  0xf8, 0x2b, 0xe8, 0x38, 0x8b, 0x26, 0xed, 0x38, 0xf2, 0x17, 0x0a, 0x39,
  0xef, 0xa9, 0xa8, 0x38, 0xa0, 0xc0, 0x07, 0x39, 0xff, 0xf9, 0xfc, 0x38,
  0xe2, 0x4a, 0x01, 0x39, 0x57, 0x96, 0x4d, 0x39, 0x73, 0xa9, 0x0e, 0x39,
  0x95, 0xa9, 0xfe, 0x38, 0xc3, 0xd9, 0xa6, 0x38, 0xb9, 0xa5, 0xeb, 0x38,
  0xd3, 0xc3, 0x10, 0x39, 0xfb, 0xb0, 0xa7, 0x38, 0x7f, 0x01, 0x96, 0x38,
  0xff, 0xe9, 0xfb, 0x38, 0xb9, 0x5a, 0xc9, 0x38, 0xae, 0x42, 0xbe, 0x38,
  0xce, 0x00, 0x00, 0x00, 0x77, 0x61, 0x6b, 0x65, 0x5f, 0x76, 0x69, 0x73,
  0x69, 0x6f, 0x6e, 0x5f, 0x6d, 0x6f, 0x64, 0x65, 0x6c, 0x2f, 0x72, 0x65,
  0x5f, 0x6c, 0x75, 0x5f, 0x34, 0x2f, 0x52, 0x65, 0x6c, 0x75, 0x3b, 0x77,
  0x61, 0x6b, 0x65, 0x5f, 0x76, 0x69, 0x73, 0x69, 0x6f, 0x6e, 0x5f, 0x6d,
  0x6f, 0x64, 0x65, 0x6c, 0x2f, 0x62, 0x61, 0x74, 0x63, 0x68, 0x5f, 0x6e,
  0x6f, 0x72, 0x6d, 0x61, 0x6c, 0x69, 0x7a, 0x61, 0x74, 0x69, 0x6f, 0x6e,
  0x5f, 0x34, 0x2f, 0x46, 0x75, 0x73, 0x65, 0x64, 0x42, 0x61, 0x74, 0x63,
  0x68, 0x4e, 0x6f, 0x72, 0x6d, 0x56, 0x33, 0x3b, 0x77, 0x61, 0x6b, 0x65,
  0x5f, 0x76, 0x69, 0x73, 0x69, 0x6f, 0x6e, 0x5f, 0x6d, 0x6f, 0x64, 0x65,
  0x6c, 0x2f, 0x63, 0x6f, 0x6e, 0x76, 0x32, 0x64, 0x5f, 0x34, 0x2f, 0x42,
  0x69, 0x61, 0x73, 0x41, 0x64, 0x64, 0x2f, 0x52, 0x65, 0x61, 0x64, 0x56,
  0x61, 0x72, 0x69, 0x61, 0x62, 0x6c, 0x65, 0x4f, 0x70, 0x3b, 0x77, 0x61,
  0x6b, 0x65, 0x5f, 0x76, 0x69, 0x73, 0x69, 0x6f, 0x6e, 0x5f, 0x6d, 0x6f,
  0x64, 0x65, 0x6c, 0x2f, 0x63, 0x6f, 0x6e, 0x76, 0x32, 0x64, 0x5f, 0x34,
  0x2f, 0x42, 0x69, 0x61, 0x73, 0x41, 0x64, 0x64, 0x3b, 0x77, 0x61, 0x6b,
  0x65, 0x5f, 0x76, 0x69, 0x73, 0x69, 0x6f, 0x6e, 0x5f, 0x6d, 0x6f, 0x64,
  0x65, 0x6c, 0x2f, 0x63, 0x6f, 0x6e, 0x76, 0x32, 0x64, 0x5f, 0x34, 0x2f,
  0x43, 0x6f, 0x6e, 0x76, 0x32, 0x44, 0x00, 0x00, 0x01, 0x00, 0x00, 0x00,
  0x22, 0x00, 0x00, 0x00, 0xf6, 0xf8, 0xff, 0xff, 0x00, 0x00, 0x00, 0x01,
  0x14, 0x00, 0x00, 0x00, 0xe0, 0x01, 0x00, 0x00, 0x08, 0x00, 0x00, 0x00,
  0x00, 0x00, 0x00, 0x09, 0xfc, 0x01, 0x00, 0x00, 0x3c, 0xf8, 0xff, 0xff,
  0x08, 0x00, 0x00, 0x00, 0x30, 0x01, 0x00, 0x00, 0x25, 0x00, 0x00, 0x00,
  0x00, 0x00, 0x00, 0x00, 0x00, 0x00, 0x00, 0x00, 0x00, 0x00, 0x00, 0x00,
  0x00, 0x00, 0x00, 0x00, 0x00, 0x00, 0x00, 0x00, 0x00, 0x00, 0x00, 0x00,
  0x00, 0x00, 0x00, 0x00, 0x00, 0x00, 0x00, 0x00, 0x00, 0x00, 0x00, 0x00,
  0x00, 0x00, 0x00, 0x00, 0x00, 0x00, 0x00, 0x00, 0x00, 0x00, 0x00, 0x00,
  0x00, 0x00, 0x00, 0x00, 0x00, 0x00, 0x00, 0x00, 0x00, 0x00, 0x00, 0x00,
  0x00, 0x00, 0x00, 0x00, 0x00, 0x00, 0x00, 0x00, 0x00, 0x00, 0x00, 0x00,
  0x00, 0x00, 0x00, 0x00, 0x00, 0x00, 0x00, 0x00, 0x00, 0x00, 0x00, 0x00,
  0x00, 0x00, 0x00, 0x00, 0x00, 0x00, 0x00, 0x00, 0x00, 0x00, 0x00, 0x00,
  0x00, 0x00, 0x00, 0x00, 0x00, 0x00, 0x00, 0x00, 0x00, 0x00, 0x00, 0x00,
  0x00, 0x00, 0x00, 0x00, 0x00, 0x00, 0x00, 0x00, 0x00, 0x00, 0x00, 0x00,
  0x00, 0x00, 0x00, 0x00, 0x00, 0x00, 0x00, 0x00, 0x00, 0x00, 0x00, 0x00,
  0x00, 0x00, 0x00, 0x00, 0x00, 0x00, 0x00, 0x00, 0x00, 0x00, 0x00, 0x00,
  0x00, 0x00, 0x00, 0x00, 0x00, 0x00, 0x00, 0x00, 0x00, 0x00, 0x00, 0x00,
  0x00, 0x00, 0x00, 0x00, 0x00, 0x00, 0x00, 0x00, 0x00, 0x00, 0x00, 0x00,
  0x00, 0x00, 0x00, 0x00, 0x00, 0x00, 0x00, 0x00, 0x00, 0x00, 0x00, 0x00,
  0x00, 0x00, 0x00, 0x00, 0x00, 0x00, 0x00, 0x00, 0x00, 0x00, 0x00, 0x00,
  0x00, 0x00, 0x00, 0x00, 0x00, 0x00, 0x00, 0x00, 0x00, 0x00, 0x00, 0x00,
  0x00, 0x00, 0x00, 0x00, 0x00, 0x00, 0x00, 0x00, 0x00, 0x00, 0x00, 0x00,
  0x00, 0x00, 0x00, 0x00, 0x00, 0x00, 0x00, 0x00, 0x00, 0x00, 0x00, 0x00,
  0x00, 0x00, 0x00, 0x00, 0x00, 0x00, 0x00, 0x00, 0x00, 0x00, 0x00, 0x00,
  0x00, 0x00, 0x00, 0x00, 0x00, 0x00, 0x00, 0x00, 0x00, 0x00, 0x00, 0x00,
  0x00, 0x00, 0x00, 0x00, 0x00, 0x00, 0x00, 0x00, 0x00, 0x00, 0x00, 0x00,
  0x00, 0x00, 0x00, 0x00, 0x00, 0x00, 0x00, 0x00, 0x00, 0x00, 0x00, 0x00,
  0x00, 0x00, 0x00, 0x00, 0x00, 0x00, 0x00, 0x00, 0x00, 0x00, 0x00, 0x00,
  0x00, 0x00, 0x00, 0x00, 0x00, 0x00, 0x00, 0x00, 0x25, 0x00, 0x00, 0x00,
  0xee, 0xcc, 0xba, 0x3a, 0xfb, 0x76, 0x94, 0x3a, 0x2f, 0xac, 0xac, 0x3a,
  0xf0, 0x7a, 0xbe, 0x3a, 0x10, 0x83, 0x14, 0x3b, 0x4c, 0x5b, 0xdb, 0x3a,
  0x29, 0x7a, 0x64, 0x3a, 0x01, 0x13, 0xab, 0x3a, 0xf9, 0x38, 0x9f, 0x3a,
  0x1a, 0x69, 0x9f, 0x3a, 0x62, 0xa2, 0xbd, 0x3a, 0xcc, 0x02, 0xb1, 0x3a,
  0x32, 0x36, 0x85, 0x3a, 0x47, 0x18, 0x6e, 0x3a, 0x1c, 0x01, 0xa0, 0x3a,
  0xf1, 0xc3, 0x95, 0x3a, 0x15, 0xe8, 0x13, 0x3b, 0x55, 0xd3, 0x46, 0x3b,
  0xb8, 0xaa, 0x81, 0x3a, 0x99, 0x29, 0x92, 0x3a, 0x04, 0x8c, 0x1b, 0x3b,
  0x8f, 0xf6, 0x84, 0x3a, 0x7b, 0xef, 0xba, 0x3a, 0xb8, 0x12, 0xcd, 0x3a,
  0x69, 0x55, 0xf5, 0x3a, 0xbb, 0x7c, 0xed, 0x3a, 0x6a, 0x18, 0xf9, 0x3a,
  0x59, 0xc3, 0xbc, 0x3a, 0x84, 0x31, 0xb3, 0x3a, 0x1b, 0x3d, 0xf4, 0x3a,
  0x2c, 0x06, 0xca, 0x3a, 0x4b, 0xd3, 0x83, 0x3a, 0xf8, 0xbb, 0xe2, 0x3a,
  0x49, 0x9a, 0xb1, 0x3a, 0x9f, 0x2a, 0x95, 0x3a, 0x6e, 0x58, 0xc9, 0x3a,
  0xfc, 0x95, 0xe2, 0x3a, 0x21, 0x00, 0x00, 0x00, 0x77, 0x61, 0x6b, 0x65,
  0x5f, 0x76, 0x69, 0x73, 0x69, 0x6f, 0x6e, 0x5f, 0x6d, 0x6f, 0x64, 0x65,
  0x6c, 0x2f, 0x63, 0x6f, 0x6e, 0x76, 0x32, 0x64, 0x5f, 0x35, 0x2f, 0x43,
  0x6f, 0x6e, 0x76, 0x32, 0x44, 0x00, 0x00, 0x00, 0x04, 0x00, 0x00, 0x00,
  0x25, 0x00, 0x00, 0x00, 0x03, 0x00, 0x00, 0x00, 0x03, 0x00, 0x00, 0x00,
  0x22, 0x00, 0x00, 0x00, 0x1e, 0xfb, 0xff, 0xff, 0x00, 0x00, 0x00, 0x01,
  0x14, 0x00, 0x00, 0x00, 0xe0, 0x01, 0x00, 0x00, 0x07, 0x00, 0x00, 0x00,
  0x00, 0x00, 0x00, 0x02, 0xa8, 0x02, 0x00, 0x00, 0x64, 0xfa, 0xff, 0xff,
  0x08, 0x00, 0x00, 0x00, 0x30, 0x01, 0x00, 0x00, 0x25, 0x00, 0x00, 0x00,
  0x00, 0x00, 0x00, 0x00, 0x00, 0x00, 0x00, 0x00, 0x00, 0x00, 0x00, 0x00,
  0x00, 0x00, 0x00, 0x00, 0x00, 0x00, 0x00, 0x00, 0x00, 0x00, 0x00, 0x00,
  0x00, 0x00, 0x00, 0x00, 0x00, 0x00, 0x00, 0x00, 0x00, 0x00, 0x00, 0x00,
  0x00, 0x00, 0x00, 0x00, 0x00, 0x00, 0x00, 0x00, 0x00, 0x00, 0x00, 0x00,
  0x00, 0x00, 0x00, 0x00, 0x00, 0x00, 0x00, 0x00, 0x00, 0x00, 0x00, 0x00,
  0x00, 0x00, 0x00, 0x00, 0x00, 0x00, 0x00, 0x00, 0x00, 0x00, 0x00, 0x00,
  0x00, 0x00, 0x00, 0x00, 0x00, 0x00, 0x00, 0x00, 0x00, 0x00, 0x00, 0x00,
  0x00, 0x00, 0x00, 0x00, 0x00, 0x00, 0x00, 0x00, 0x00, 0x00, 0x00, 0x00,
  0x00, 0x00, 0x00, 0x00, 0x00, 0x00, 0x00, 0x00, 0x00, 0x00, 0x00, 0x00,
  0x00, 0x00, 0x00, 0x00, 0x00, 0x00, 0x00, 0x00, 0x00, 0x00, 0x00, 0x00,
  0x00, 0x00, 0x00, 0x00, 0x00, 0x00, 0x00, 0x00, 0x00, 0x00, 0x00, 0x00,
  0x00, 0x00, 0x00, 0x00, 0x00, 0x00, 0x00, 0x00, 0x00, 0x00, 0x00, 0x00,
  0x00, 0x00, 0x00, 0x00, 0x00, 0x00, 0x00, 0x00, 0x00, 0x00, 0x00, 0x00,
  0x00, 0x00, 0x00, 0x00, 0x00, 0x00, 0x00, 0x00, 0x00, 0x00, 0x00, 0x00,
  0x00, 0x00, 0x00, 0x00, 0x00, 0x00, 0x00, 0x00, 0x00, 0x00, 0x00, 0x00,
  0x00, 0x00, 0x00, 0x00, 0x00, 0x00, 0x00, 0x00, 0x00, 0x00, 0x00, 0x00,
  0x00, 0x00, 0x00, 0x00, 0x00, 0x00, 0x00, 0x00, 0x00, 0x00, 0x00, 0x00,
  0x00, 0x00, 0x00, 0x00, 0x00, 0x00, 0x00, 0x00, 0x00, 0x00, 0x00, 0x00,
  0x00, 0x00, 0x00, 0x00, 0x00, 0x00, 0x00, 0x00, 0x00, 0x00, 0x00, 0x00,
  0x00, 0x00, 0x00, 0x00, 0x00, 0x00, 0x00, 0x00, 0x00, 0x00, 0x00, 0x00,
  0x00, 0x00, 0x00, 0x00, 0x00, 0x00, 0x00, 0x00, 0x00, 0x00, 0x00, 0x00,
  0x00, 0x00, 0x00, 0x00, 0x00, 0x00, 0x00, 0x00, 0x00, 0x00, 0x00, 0x00,
  0x00, 0x00, 0x00, 0x00, 0x00, 0x00, 0x00, 0x00, 0x00, 0x00, 0x00, 0x00,
  0x00, 0x00, 0x00, 0x00, 0x00, 0x00, 0x00, 0x00, 0x00, 0x00, 0x00, 0x00,
  0x00, 0x00, 0x00, 0x00, 0x00, 0x00, 0x00, 0x00, 0x25, 0x00, 0x00, 0x00,
  0xf4, 0x19, 0x5e, 0x38, 0x66, 0x85, 0x30, 0x38, 0xba, 0x4d, 0x4d, 0x38,
  0xfa, 0x79, 0x62, 0x38, 0xc4, 0x93, 0xb0, 0x38, 0xa9, 0x67, 0x82, 0x38,
  0xb5, 0xd3, 0x07, 0x38, 0x39, 0x67, 0x4b, 0x38, 0xd4, 0x4f, 0x3d, 0x38,
  0x0e, 0x89, 0x3d, 0x38, 0x7f, 0x78, 0x61, 0x38, 0x38, 0x76, 0x52, 0x38,
  0xb4, 0x62, 0x1e, 0x38, 0x68, 0x8b, 0x0d, 0x38, 0xca, 0x3d, 0x3e, 0x38,
  0x48, 0x11, 0x32, 0x38, 0x7f, 0xdb, 0xaf, 0x38, 0x19, 0x66, 0xec, 0x38,
  0xbc, 0x2b, 0x1a, 0x38, 0xa3, 0xc8, 0x2d, 0x38, 0x0e, 0xf1, 0xb8, 0x38,
  0x0a, 0x17, 0x1e, 0x38, 0x08, 0x43, 0x5e, 0x38, 0xbb, 0xd3, 0x73, 0x38,
  0x12, 0xd9, 0x91, 0x38, 0xef, 0x2e, 0x8d, 0x38, 0x91, 0x15, 0x94, 0x38,
  0x51, 0x6f, 0x60, 0x38, 0x86, 0x0e, 0x55, 0x38, 0x6f, 0x32, 0x91, 0x38,
  0xae, 0x33, 0x70, 0x38, 0xbb, 0xbc, 0x1c, 0x38, 0x74, 0xca, 0x86, 0x38,
  0x56, 0x2a, 0x53, 0x38, 0xfd, 0x5a, 0x31, 0x38, 0x1b, 0x65, 0x6f, 0x38,
  0xdf, 0xb3, 0x86, 0x38, 0xce, 0x00, 0x00, 0x00, 0x77, 0x61, 0x6b, 0x65,
  0x5f, 0x76, 0x69, 0x73, 0x69, 0x6f, 0x6e, 0x5f, 0x6d, 0x6f, 0x64, 0x65,
  0x6c, 0x2f, 0x72, 0x65, 0x5f, 0x6c, 0x75, 0x5f, 0x35, 0x2f, 0x52, 0x65,
  0x6c, 0x75, 0x3b, 0x77, 0x61, 0x6b, 0x65, 0x5f, 0x76, 0x69, 0x73, 0x69,
  0x6f, 0x6e, 0x5f, 0x6d, 0x6f, 0x64, 0x65, 0x6c, 0x2f, 0x62, 0x61, 0x74,
  0x63, 0x68, 0x5f, 0x6e, 0x6f, 0x72, 0x6d, 0x61, 0x6c, 0x69, 0x7a, 0x61,
  0x74, 0x69, 0x6f, 0x6e, 0x5f, 0x35, 0x2f, 0x46, 0x75, 0x73, 0x65, 0x64,
  0x42, 0x61, 0x74, 0x63, 0x68, 0x4e, 0x6f, 0x72, 0x6d, 0x56, 0x33, 0x3b,
  0x77, 0x61, 0x6b, 0x65, 0x5f, 0x76, 0x69, 0x73, 0x69, 0x6f, 0x6e, 0x5f,
  0x6d, 0x6f, 0x64, 0x65, 0x6c, 0x2f, 0x63, 0x6f, 0x6e, 0x76, 0x32, 0x64,
  0x5f, 0x35, 0x2f, 0x42, 0x69, 0x61, 0x73, 0x41, 0x64, 0x64, 0x2f, 0x52,
  0x65, 0x61, 0x64, 0x56, 0x61, 0x72, 0x69, 0x61, 0x62, 0x6c, 0x65, 0x4f,
  0x70, 0x3b, 0x77, 0x61, 0x6b, 0x65, 0x5f, 0x76, 0x69, 0x73, 0x69, 0x6f,
  0x6e, 0x5f, 0x6d, 0x6f, 0x64, 0x65, 0x6c, 0x2f, 0x63, 0x6f, 0x6e, 0x76,
  0x32, 0x64, 0x5f, 0x35, 0x2f, 0x42, 0x69, 0x61, 0x73, 0x41, 0x64, 0x64,
  0x3b, 0x77, 0x61, 0x6b, 0x65, 0x5f, 0x76, 0x69, 0x73, 0x69, 0x6f, 0x6e,
  0x5f, 0x6d, 0x6f, 0x64, 0x65, 0x6c, 0x2f, 0x63, 0x6f, 0x6e, 0x76, 0x32,
  0x64, 0x5f, 0x35, 0x2f, 0x43, 0x6f, 0x6e, 0x76, 0x32, 0x44, 0x00, 0x00,
  0x01, 0x00, 0x00, 0x00, 0x25, 0x00, 0x00, 0x00, 0xe6, 0xfd, 0xff, 0xff,
  0x00, 0x00, 0x00, 0x01, 0x14, 0x00, 0x00, 0x00, 0x34, 0x00, 0x00, 0x00,
  0x06, 0x00, 0x00, 0x00, 0x00, 0x00, 0x00, 0x09, 0x64, 0x00, 0x00, 0x00,
  0x2c, 0xfd, 0xff, 0xff, 0x08, 0x00, 0x00, 0x00, 0x14, 0x00, 0x00, 0x00,
  0x01, 0x00, 0x00, 0x00, 0x00, 0x00, 0x00, 0x00, 0x00, 0x00, 0x00, 0x00,
  0x00, 0x00, 0x00, 0x00, 0x01, 0x00, 0x00, 0x00, 0xf2, 0xf5, 0x52, 0x3c,
  0x37, 0x00, 0x00, 0x00, 0x77, 0x61, 0x6b, 0x65, 0x5f, 0x76, 0x69, 0x73,
  0x69, 0x6f, 0x6e, 0x5f, 0x6d, 0x6f, 0x64, 0x65, 0x6c, 0x2f, 0x62, 0x61,
  0x74, 0x63, 0x68, 0x5f, 0x6e, 0x6f, 0x72, 0x6d, 0x61, 0x6c, 0x69, 0x7a,
  0x61, 0x74, 0x69, 0x6f, 0x6e, 0x5f, 0x36, 0x2f, 0x62, 0x61, 0x74, 0x63,
  0x68, 0x6e, 0x6f, 0x72, 0x6d, 0x2f, 0x6d, 0x75, 0x6c, 0x5f, 0x31, 0x00,
  0x02, 0x00, 0x00, 0x00, 0x25, 0x00, 0x00, 0x00, 0x25, 0x00, 0x00, 0x00,
  0x6e, 0xfe, 0xff, 0xff, 0x00, 0x00, 0x00, 0x01, 0x14, 0x00, 0x00, 0x00,
  0x30, 0x00, 0x00, 0x00, 0x05, 0x00, 0x00, 0x00, 0x00, 0x00, 0x00, 0x02,
  0x80, 0x00, 0x00, 0x00, 0xb4, 0xfd, 0xff, 0xff, 0x08, 0x00, 0x00, 0x00,
  0x10, 0x00, 0x00, 0x00, 0x01, 0x00, 0x00, 0x00, 0x00, 0x00, 0x00, 0x00,
  0x00, 0x00, 0x00, 0x00, 0x01, 0x00, 0x00, 0x00, 0xbe, 0xfc, 0x7d, 0x39,
  0x56, 0x00, 0x00, 0x00, 0x77, 0x61, 0x6b, 0x65, 0x5f, 0x76, 0x69, 0x73,
  0x69, 0x6f, 0x6e, 0x5f, 0x6d, 0x6f, 0x64, 0x65, 0x6c, 0x2f, 0x72, 0x65,
  0x5f, 0x6c, 0x75, 0x5f, 0x36, 0x2f, 0x52, 0x65, 0x6c, 0x75, 0x3b, 0x77,
  0x61, 0x6b, 0x65, 0x5f, 0x76, 0x69, 0x73, 0x69, 0x6f, 0x6e, 0x5f, 0x6d,
  0x6f, 0x64, 0x65, 0x6c, 0x2f, 0x62, 0x61, 0x74, 0x63, 0x68, 0x5f, 0x6e,
  0x6f, 0x72, 0x6d, 0x61, 0x6c, 0x69, 0x7a, 0x61, 0x74, 0x69, 0x6f, 0x6e,
  0x5f, 0x36, 0x2f, 0x62, 0x61, 0x74, 0x63, 0x68, 0x6e, 0x6f, 0x72, 0x6d,
  0x2f, 0x61, 0x64, 0x64, 0x5f, 0x31, 0x00, 0x00, 0x01, 0x00, 0x00, 0x00,
  0x25, 0x00, 0x00, 0x00, 0x0e, 0xff, 0xff, 0xff, 0x00, 0x00, 0x00, 0x01,
  0x14, 0x00, 0x00, 0x00, 0x30, 0x00, 0x00, 0x00, 0x04, 0x00, 0x00, 0x00,
  0x00, 0x00, 0x00, 0x09, 0x4c, 0x00, 0x00, 0x00, 0x54, 0xfe, 0xff, 0xff,
  0x08, 0x00, 0x00, 0x00, 0x10, 0x00, 0x00, 0x00, 0x01, 0x00, 0x00, 0x00,
  0x00, 0x00, 0x00, 0x00, 0x00, 0x00, 0x00, 0x00, 0x01, 0x00, 0x00, 0x00,
  0x5c, 0x0a, 0x86, 0x3b, 0x20, 0x00, 0x00, 0x00, 0x77, 0x61, 0x6b, 0x65,
  0x5f, 0x76, 0x69, 0x73, 0x69, 0x6f, 0x6e, 0x5f, 0x6d, 0x6f, 0x64, 0x65,
  0x6c, 0x2f, 0x64, 0x65, 0x6e, 0x73, 0x65, 0x5f, 0x31, 0x2f, 0x4d, 0x61,
  0x74, 0x4d, 0x75, 0x6c, 0x00, 0x00, 0x00, 0x00, 0x02, 0x00, 0x00, 0x00,
  0x02, 0x00, 0x00, 0x00, 0x25, 0x00, 0x00, 0x00, 0x7e, 0xff, 0xff, 0xff,
  0x00, 0x00, 0x00, 0x01, 0x14, 0x00, 0x00, 0x00, 0x34, 0x00, 0x00, 0x00,
  0x03, 0x00, 0x00, 0x00, 0x00, 0x00, 0x00, 0x02, 0x60, 0x00, 0x00, 0x00,
  0xc4, 0xfe, 0xff, 0xff, 0x08, 0x00, 0x00, 0x00, 0x14, 0x00, 0x00, 0x00,
  0x01, 0x00, 0x00, 0x00, 0x00, 0x00, 0x00, 0x00, 0x00, 0x00, 0x00, 0x00,
  0x00, 0x00, 0x00, 0x00, 0x01, 0x00, 0x00, 0x00, 0xc2, 0xa2, 0xcd, 0x38,
  0x30, 0x00, 0x00, 0x00, 0x77, 0x61, 0x6b, 0x65, 0x5f, 0x76, 0x69, 0x73,
  0x69, 0x6f, 0x6e, 0x5f, 0x6d, 0x6f, 0x64, 0x65, 0x6c, 0x2f, 0x64, 0x65,
  0x6e, 0x73, 0x65, 0x5f, 0x31, 0x2f, 0x42, 0x69, 0x61, 0x73, 0x41, 0x64,
  0x64, 0x2f, 0x52, 0x65, 0x61, 0x64, 0x56, 0x61, 0x72, 0x69, 0x61, 0x62,
  0x6c, 0x65, 0x4f, 0x70, 0x00, 0x00, 0x00, 0x00, 0x01, 0x00, 0x00, 0x00,
  0x02, 0x00, 0x00, 0x00, 0x00, 0x00, 0x16, 0x00, 0x1c, 0x00, 0x18, 0x00,
  0x17, 0x00, 0x10, 0x00, 0x0c, 0x00, 0x08, 0x00, 0x00, 0x00, 0x00, 0x00,
  0x00, 0x00, 0x07, 0x00, 0x16, 0x00, 0x00, 0x00, 0x00, 0x00, 0x00, 0x01,
  0x18, 0x00, 0x00, 0x00, 0x18, 0x00, 0x00, 0x00, 0x02, 0x00, 0x00, 0x00,
  0x00, 0x00, 0x00, 0x02, 0x54, 0x00, 0x00, 0x00, 0x04, 0x00, 0x04, 0x00,
  0x04, 0x00, 0x00, 0x00, 0x41, 0x00, 0x00, 0x00, 0x77, 0x61, 0x6b, 0x65,
  0x5f, 0x76, 0x69, 0x73, 0x69, 0x6f, 0x6e, 0x5f, 0x6d, 0x6f, 0x64, 0x65,
  0x6c, 0x2f, 0x67, 0x6c, 0x6f, 0x62, 0x61, 0x6c, 0x5f, 0x61, 0x76, 0x65,
  0x72, 0x61, 0x67, 0x65, 0x5f, 0x70, 0x6f, 0x6f, 0x6c, 0x69, 0x6e, 0x67,
  0x32, 0x64, 0x2f, 0x4d, 0x65, 0x61, 0x6e, 0x2f, 0x72, 0x65, 0x64, 0x75,
  0x63, 0x74, 0x69, 0x6f, 0x6e, 0x5f, 0x69, 0x6e, 0x64, 0x69, 0x63, 0x65,
  0x73, 0x00, 0x00, 0x00, 0x01, 0x00, 0x00, 0x00, 0x02, 0x00, 0x00, 0x00,
  0x00, 0x00, 0x16, 0x00, 0x20, 0x00, 0x1c, 0x00, 0x1b, 0x00, 0x14, 0x00,
  0x10, 0x00, 0x0c, 0x00, 0x00, 0x00, 0x00, 0x00, 0x08, 0x00, 0x07, 0x00,
  0x16, 0x00, 0x00, 0x00, 0x00, 0x00, 0x00, 0x01, 0x18, 0x00, 0x00, 0x00,
  0x34, 0x00, 0x00, 0x00, 0x50, 0x00, 0x00, 0x00, 0x01, 0x00, 0x00, 0x00,
  0x00, 0x00, 0x00, 0x03, 0x64, 0x00, 0x00, 0x00, 0x04, 0x00, 0x00, 0x00,
  0xff, 0xff, 0xff, 0xff, 0x60, 0x00, 0x00, 0x00, 0x60, 0x00, 0x00, 0x00,
  0x03, 0x00, 0x00, 0x00, 0x0c, 0x00, 0x0c, 0x00, 0x00, 0x00, 0x00, 0x00,
  0x08, 0x00, 0x04, 0x00, 0x0c, 0x00, 0x00, 0x00, 0x08, 0x00, 0x00, 0x00,
  0x10, 0x00, 0x00, 0x00, 0x01, 0x00, 0x00, 0x00, 0x00, 0x00, 0x00, 0x00,
  0x00, 0x00, 0x00, 0x00, 0x01, 0x00, 0x00, 0x00, 0x81, 0x80, 0x80, 0x3b,
  0x19, 0x00, 0x00, 0x00, 0x73, 0x65, 0x72, 0x76, 0x69, 0x6e, 0x67, 0x5f,
  0x64, 0x65, 0x66, 0x61, 0x75, 0x6c, 0x74, 0x5f, 0x69, 0x6e, 0x70, 0x75,
  0x74, 0x5f, 0x31, 0x3a, 0x30, 0x00, 0x00, 0x00, 0x04, 0x00, 0x00, 0x00,
  0x01, 0x00, 0x00, 0x00, 0x60, 0x00, 0x00, 0x00, 0x60, 0x00, 0x00, 0x00,
  0x03, 0x00, 0x00, 0x00, 0x05, 0x00, 0x00, 0x00, 0x6c, 0x00, 0x00, 0x00,
  0x4c, 0x00, 0x00, 0x00, 0x2c, 0x00, 0x00, 0x00, 0x18, 0x00, 0x00, 0x00,
  0x04, 0x00, 0x00, 0x00, 0xd0, 0xff, 0xff, 0xff, 0x09, 0x00, 0x00, 0x00,
  0x04, 0x00, 0x00, 0x00, 0x00, 0x00, 0x00, 0x09, 0xe0, 0xff, 0xff, 0xff,
  0x28, 0x00, 0x00, 0x00, 0x02, 0x00, 0x00, 0x00, 0x00, 0x00, 0x00, 0x28,
  0xf0, 0xff, 0xff, 0xff, 0x11, 0x00, 0x00, 0x00, 0x02, 0x00, 0x00, 0x00,
  0x00, 0x00, 0x00, 0x11, 0x0c, 0x00, 0x10, 0x00, 0x0f, 0x00, 0x00, 0x00,
  0x08, 0x00, 0x04, 0x00, 0x0c, 0x00, 0x00, 0x00, 0x03, 0x00, 0x00, 0x00,
  0x03, 0x00, 0x00, 0x00, 0x00, 0x00, 0x00, 0x03, 0x0c, 0x00, 0x0c, 0x00,
  0x0b, 0x00, 0x00, 0x00, 0x00, 0x00, 0x04, 0x00, 0x0c, 0x00, 0x00, 0x00,
  0x72, 0x00, 0x00, 0x00, 0x00, 0x00, 0x00, 0x72
};
unsigned int wake_vision_model_quantized_tflite_len = 46448;
